cfg,ae_epochs,val_rmse,test_MAE,test_RMSE,test_R2,mode,value,seed,test_battery
[16]/l2=0.0,153,8.3649,4.8682,6.1403,0.598,interp,linear_grid_linear,42,B0005
"[8, 4]/l2=0.0001",234,5.8807,7.4862,9.2574,0.267,interp,linear_grid_linear,42,B0006
[8]/l2=0.0,74,8.5088,4.353,5.0104,0.5947,interp,linear_grid_linear,42,B0007
[16]/l2=0.0001,193,5.3538,10.5511,12.5746,-0.7994,interp,linear_grid_linear,42,B0018
[8]/l2=0.0,174,8.7413,5.0613,6.3092,0.5756,interp,linear_grid_linear,7,B0005
[8]/l2=0.0001,198,6.0367,7.5027,9.3758,0.2481,interp,linear_grid_linear,7,B0006
[16]/l2=0.0001,74,7.1863,2.9508,3.4896,0.8034,interp,linear_grid_linear,7,B0007
[8]/l2=0.0001,184,4.9903,11.7446,13.7545,-1.153,interp,linear_grid_linear,7,B0018
[8]/l2=0.0,205,8.2292,5.3075,6.6421,0.5296,interp,linear_grid_linear,123,B0005
[16]/l2=0.0001,244,5.8586,7.1298,8.8322,0.3328,interp,linear_grid_linear,123,B0006
"[8, 4]/l2=0.0",119,6.8746,3.1725,3.6954,0.7795,interp,linear_grid_linear,123,B0007
[8]/l2=0.0001,256,4.8925,12.1918,14.6479,-1.4418,interp,linear_grid_linear,123,B0018
[16]/l2=0.0,186,8.0402,4.781,6.0847,0.6052,interp,linear_grid_cubic,42,B0005
"[8, 4]/l2=0.0001",201,5.9544,7.3035,8.7228,0.3492,interp,linear_grid_cubic,42,B0006
"[8, 4]/l2=0.0",120,8.4701,4.7475,5.2218,0.5598,interp,linear_grid_cubic,42,B0007
[8]/l2=0.0,193,5.3587,9.245,11.2355,-0.4366,interp,linear_grid_cubic,42,B0018
[16]/l2=0.0001,254,8.7161,4.822,6.0026,0.6158,interp,linear_grid_cubic,7,B0005
"[8, 4]/l2=0.0001",218,6.0099,7.851,9.2309,0.2712,interp,linear_grid_cubic,7,B0006
[16]/l2=0.0001,150,7.4015,3.1377,3.6324,0.787,interp,linear_grid_cubic,7,B0007
[8]/l2=0.0,184,4.8812,12.5184,14.2745,-1.3189,interp,linear_grid_cubic,7,B0018
[8]/l2=0.0,138,8.1154,4.8399,5.9058,0.6281,interp,linear_grid_cubic,123,B0005
"[8, 4]/l2=0.0",253,6.0056,7.4101,8.8954,0.3232,interp,linear_grid_cubic,123,B0006
"[8, 4]/l2=0.0001",227,7.0248,3.5022,4.0955,0.7292,interp,linear_grid_cubic,123,B0007
[8]/l2=0.0001,163,4.898,10.5764,12.6334,-0.8163,interp,linear_grid_cubic,123,B0018
[16]/l2=0.0,186,8.168,4.7455,5.9815,0.6185,interp,linear_grid_pchip,42,B0005
[16]/l2=0.0,185,5.8498,6.6316,8.4114,0.3948,interp,linear_grid_pchip,42,B0006
"[8, 4]/l2=0.0001",134,8.6927,4.9442,5.4762,0.5159,interp,linear_grid_pchip,42,B0007
"[8, 4]/l2=0.0001",156,5.2156,9.836,11.8225,-0.5906,interp,linear_grid_pchip,42,B0018
[16]/l2=0.0001,329,8.7057,5.0379,6.4072,0.5623,interp,linear_grid_pchip,7,B0005
"[8, 4]/l2=0.0001",217,6.076,8.5306,9.8894,0.1635,interp,linear_grid_pchip,7,B0006
[16]/l2=0.0001,102,7.2473,2.8892,3.4286,0.8102,interp,linear_grid_pchip,7,B0007
[8]/l2=0.0,186,4.6476,13.9872,16.1718,-1.9762,interp,linear_grid_pchip,7,B0018
[8]/l2=0.0001,243,8.6236,6.1164,7.4363,0.4104,interp,linear_grid_pchip,123,B0005
[8]/l2=0.0001,268,6.0678,10.226,11.9702,-0.2256,interp,linear_grid_pchip,123,B0006
[16]/l2=0.0001,116,7.4371,3.2127,3.6455,0.7854,interp,linear_grid_pchip,123,B0007
[8]/l2=0.0001,302,5.0881,10.7877,12.8482,-0.8786,interp,linear_grid_pchip,123,B0018
[16]/l2=0.0,186,8.2949,4.7811,6.0283,0.6125,interp,log_grid_linear,42,B0005
"[8, 4]/l2=0.0001",210,5.8969,7.4079,9.1111,0.29,interp,log_grid_linear,42,B0006
"[8, 4]/l2=0.0",95,8.6432,4.7454,5.2489,0.5552,interp,log_grid_linear,42,B0007
[16]/l2=0.0,193,5.0241,12.3982,14.447,-1.3752,interp,log_grid_linear,42,B0018
[8]/l2=0.0,174,8.6608,5.0648,6.3518,0.5698,interp,log_grid_linear,7,B0005
[16]/l2=0.0001,202,6.0303,7.4356,9.2678,0.2653,interp,log_grid_linear,7,B0006
[16]/l2=0.0001,68,7.0104,2.8101,3.3301,0.821,interp,log_grid_linear,7,B0007
"[8, 4]/l2=0.0001",221,4.8588,11.9125,14.3428,-1.3411,interp,log_grid_linear,7,B0018
[8]/l2=0.0,181,8.7481,6.1533,7.4894,0.4019,interp,log_grid_linear,123,B0005
[16]/l2=0.0001,234,5.837,7.1799,8.9041,0.3219,interp,log_grid_linear,123,B0006
[16]/l2=0.0001,137,6.8426,2.8159,3.3667,0.817,interp,log_grid_linear,123,B0007
[8]/l2=0.0001,240,4.8533,12.6768,15.002,-1.5613,interp,log_grid_linear,123,B0018
[16]/l2=0.0001,153,8.0927,4.7648,6.1613,0.5952,interp,log_grid_cubic,42,B0005
"[8, 4]/l2=0.0001",210,5.9008,7.4539,8.8663,0.3276,interp,log_grid_cubic,42,B0006
"[8, 4]/l2=0.0",148,8.5717,4.8942,5.4229,0.5252,interp,log_grid_cubic,42,B0007
[8]/l2=0.0,177,5.1241,9.7603,11.5585,-0.5204,interp,log_grid_cubic,42,B0018
[8]/l2=0.0,141,8.674,4.9961,6.2141,0.5883,interp,log_grid_cubic,7,B0005
"[8, 4]/l2=0.0",190,6.0183,7.687,9.1565,0.2829,interp,log_grid_cubic,7,B0006
[16]/l2=0.0001,111,6.8811,2.7804,3.2511,0.8294,interp,log_grid_cubic,7,B0007
[16]/l2=0.0001,116,5.2529,11.2675,13.8032,-1.1683,interp,log_grid_cubic,7,B0018
[8]/l2=0.0,132,8.9358,4.9602,6.0083,0.6151,interp,log_grid_cubic,123,B0005
"[8, 4]/l2=0.0001",209,6.0286,7.4861,9.0665,0.2969,interp,log_grid_cubic,123,B0006
[16]/l2=0.0001,146,7.0891,3.0585,3.6129,0.7893,interp,log_grid_cubic,123,B0007
[16]/l2=0.0,206,4.8524,11.2024,13.4124,-1.0472,interp,log_grid_cubic,123,B0018
[16]/l2=0.0,186,8.0511,4.6512,5.8764,0.6318,interp,log_grid_pchip,42,B0005
"[8, 4]/l2=0.0",185,5.7263,7.443,9.201,0.2759,interp,log_grid_pchip,42,B0006
[8]/l2=0.0,110,8.51,4.5916,5.1323,0.5748,interp,log_grid_pchip,42,B0007
[8]/l2=0.0001,156,5.1127,10.9213,13.5358,-1.0851,interp,log_grid_pchip,42,B0018
[8]/l2=0.0,227,8.8732,5.0544,6.3726,0.567,interp,log_grid_pchip,7,B0005
[16]/l2=0.0001,241,5.9887,7.2998,9.2101,0.2744,interp,log_grid_pchip,7,B0006
[16]/l2=0.0,40,7.0449,3.2269,3.7096,0.7778,interp,log_grid_pchip,7,B0007
"[8, 4]/l2=0.0",209,4.9199,9.8152,12.7328,-0.845,interp,log_grid_pchip,7,B0018
[8]/l2=0.0,205,8.5831,6.1088,7.402,0.4158,interp,log_grid_pchip,123,B0005
[8]/l2=0.0001,244,5.9933,10.8886,12.5988,-0.3577,interp,log_grid_pchip,123,B0006
[16]/l2=0.0001,310,7.2644,3.0866,3.5788,0.7932,interp,log_grid_pchip,123,B0007
"[8, 4]/l2=0.0001",187,4.8681,11.0562,13.5858,-1.1005,interp,log_grid_pchip,123,B0018
