mode,value,seed,test_battery,cfg,ae_epochs,val_rmse,test_MAE,test_RMSE,test_R2
loss,mse,42,B0005,[16]/l2=1e-4,186,8.081,4.6238,5.8336,0.6371
loss,mae,42,B0005,[16]/l2=1e-4,186,7.8974,4.6529,5.8508,0.635
loss,huber,42,B0005,[16]/l2=1e-4,186,7.8807,4.736,6.0417,0.6108
loss,mse,42,B0006,"[8, 4]/l2=1e-4",185,5.755,7.4948,9.2398,0.2698
loss,mae,42,B0006,"[8, 4]/l2=1e-4",185,5.488,7.4765,9.2058,0.2751
loss,huber,42,B0006,"[8, 4]/l2=1e-4",185,5.7139,7.4294,9.1764,0.2797
loss,mse,42,B0007,[8]/l2=1e-4,110,8.5468,4.6252,5.176,0.5675
loss,mae,42,B0007,"[8, 4]/l2=1e-4",110,8.4834,4.7724,5.2338,0.5578
loss,huber,42,B0007,[8]/l2=1e-4,110,8.5573,4.5965,5.1772,0.5673
loss,mse,42,B0018,[8]/l2=1e-4,156,5.1127,10.9213,13.5358,-1.0851
loss,mae,42,B0018,"[8, 4]/l2=1e-4",156,4.8168,10.8648,13.012,-0.9268
loss,huber,42,B0018,[8]/l2=1e-4,156,5.0981,10.7989,13.3233,-1.0201
loss,mse,7,B0005,[8]/l2=1e-4,227,8.874,5.0499,6.3743,0.5668
loss,mae,7,B0005,[8]/l2=1e-4,227,8.6236,4.9594,6.1887,0.5916
loss,huber,7,B0005,[8]/l2=1e-4,227,8.6412,5.0183,6.3498,0.5701
loss,mse,7,B0006,[16]/l2=1e-4,241,5.9887,7.2998,9.2101,0.2744
loss,mae,7,B0006,"[8, 4]/l2=1e-4",241,5.6107,8.3666,9.8766,0.1656
loss,huber,7,B0006,"[8, 4]/l2=1e-4",241,6.0193,8.827,10.2274,0.1053
loss,mse,7,B0007,[16]/l2=1e-4,40,7.1075,3.0405,3.5429,0.7974
loss,mae,7,B0007,[16]/l2=1e-4,40,7.1231,3.1041,3.5978,0.791
loss,huber,7,B0007,[16]/l2=1e-4,40,7.0923,3.1821,3.6813,0.7812
loss,mse,7,B0018,"[8, 4]/l2=1e-4",209,4.9607,9.7092,12.7785,-0.8583
loss,mae,7,B0018,[8]/l2=1e-4,209,4.9596,12.0915,14.4073,-1.3622
loss,huber,7,B0018,[8]/l2=1e-4,209,5.0231,12.0073,14.2471,-1.31
loss,mse,123,B0005,[8]/l2=1e-4,205,8.5834,6.1109,7.4041,0.4155
loss,mae,123,B0005,[8]/l2=1e-4,205,8.279,5.8342,7.118,0.4598
loss,huber,123,B0005,[8]/l2=1e-4,205,8.3826,6.0899,7.4004,0.416
loss,mse,123,B0006,[8]/l2=1e-4,244,5.9933,10.8886,12.5988,-0.3577
loss,mae,123,B0006,[8]/l2=1e-4,244,5.6066,7.4425,9.1214,0.2884
loss,huber,123,B0006,"[8, 4]/l2=1e-4",244,5.9543,7.1854,9.0684,0.2966
loss,mse,123,B0007,[16]/l2=1e-4,310,7.2644,3.0866,3.5788,0.7932
loss,mae,123,B0007,[16]/l2=1e-4,310,7.24,3.0435,3.5426,0.7974
loss,huber,123,B0007,[16]/l2=1e-4,310,7.24,3.0692,3.632,0.787
loss,mse,123,B0018,"[8, 4]/l2=1e-4",187,4.8681,11.0562,13.5858,-1.1005
loss,mae,123,B0018,[16]/l2=1e-4,187,5.1481,10.2813,12.6322,-0.816
loss,huber,123,B0018,"[8, 4]/l2=1e-4",187,4.8492,10.8616,13.4228,-1.0504
