battery,cycle,t_39_40,t_40_41,ic_peak_V,ic_peak_h,cc_dTdt,cc_V_slope,capacity,soh
1,2,0.0,98.25,4.179999999999987,2.7880093177256633,0.0031665093935449437,0.00026223464379838165,1.85648742081816,100.80760884947765
1,4,1003.485,949.1399999999999,3.9999999999999916,5.238371195515565,8.752440164890293e-06,0.00014651122963871152,1.84632724971993,100.25590968770103
1,6,1021.578,925.547,3.9899999999999918,5.211307557975587,-2.2033839465929137e-05,0.00014392597308179783,1.83534919422341,99.65979925247206
1,8,1035.75,907.3279999999997,3.979999999999992,5.148225809534221,-2.4945225161334526e-05,0.00014146422235887418,1.83526252758211,99.65509323788856
1,10,1042.703,900.469,3.9899999999999918,5.117399267338261,-7.015686758739685e-05,0.00014241724610639656,1.83464550821204,99.6215889724607
1,12,1044.9850000000001,902.4679999999998,3.9899999999999918,5.0707812298433375,-6.553829718981233e-05,0.00014326743115622456,1.83566166006755,99.67676620535396
1,14,1045.734,894.8600000000001,3.9899999999999918,5.117203392801581,-3.034463659311484e-05,0.0001436991651322193,1.83514614292266,99.64877352944652
1,16,1044.906,897.8119999999999,3.9899999999999918,5.023965446464672,-3.8045204595332334e-05,0.00014451023578335805,1.82575679056655,99.13892996732449
1,18,1052.047,876.672,3.9899999999999918,5.120079784061673,-9.780155342172184e-05,0.00014155265381553757,1.82477385298913,99.08555627584838
1,20,1049.735,877.7030000000002,3.9499999999999926,5.0593693130127235,-0.00015241734033468506,0.00014288163331851786,1.82461326849694,99.0768365083485
1,22,1037.078,884.75,3.9899999999999918,4.981536503654006,-0.00017032458201310272,0.00014373112449105657,1.82461955268645,99.07717774099622
1,25,1016.75,841.7660000000001,3.939999999999993,4.850494828319087,-0.0004253360028779156,0.00012185192798884496,1.81420193576739,98.5114992237362
1,27,1046.031,875.3130000000001,3.9899999999999918,4.969403849543628,-0.000204546750062561,0.0001423342760799561,1.81375215775491,98.4870761948254
1,29,1044.484,865.5,3.9899999999999918,4.964157026760603,-0.00025554577252550644,0.00014373612608943178,1.81344049147358,98.47015265835132
1,31,1036.406,874.531,3.9499999999999926,4.981524594607343,-0.0002570254988022604,0.00014456554027242536,1.80259800363065,97.88140357167902
1,33,1034.454,870.0310000000002,3.9899999999999918,4.934089754469014,-0.000242329385081079,0.00014112702748990527,1.80210690024615,97.85473656745688
1,35,1027.313,877.3899999999999,3.9499999999999926,4.950873168640708,-0.0002782661423868123,0.00014208661421130872,1.80257950082621,97.88039886599036
1,37,1025.968,871.344,3.9499999999999926,4.951523894157649,-0.00031994372045175354,0.0001433514175475056,1.80306831428341,97.9069415267384
1,39,1020.079,870.7810000000002,3.9499999999999926,4.921953922936176,-0.00037294849357259345,0.00014473264579002859,1.8027776247196,97.89115702988882
1,42,1024.9070000000002,1013.9369999999999,3.9599999999999924,5.600811495255581,0.0013993004107622812,0.00011307954391679503,1.84702599493292,100.29385168145046
1,46,1097.531,931.2350000000001,3.9499999999999926,5.443511938857025,0.0011466245045129542,0.00013364514300612162,1.84741731128364,100.31510023136114
1,50,1097.297,925.3119999999999,3.9499999999999926,5.423065767721212,0.0010127251703352896,0.00013493146015876117,1.83617742134789,99.70477213786135
1,54,1087.437,929.422,3.9499999999999926,5.49078663450419,0.0010181265675826329,0.00013227964844999534,1.82578074757762,99.1402308374376
1,58,1079.7350000000001,924.0149999999999,3.9899999999999918,5.355089978092327,0.0010445688113735244,0.00013012596214102826,1.82511364350784,99.10400696359169
1,62,1076.265,932.7969999999998,3.9499999999999926,5.389572603825908,0.0010472254724544657,0.00013101702700515035,1.82558150422038,99.12941188644592
1,66,1080.75,915.3129999999999,3.9899999999999918,5.407594468275093,0.001026602515234956,0.00013224675683053334,1.81403112750839,98.50222430381568
1,70,1069.7350000000001,918.1399999999999,3.9499999999999926,5.383438102191544,0.0010465823770287991,0.00012910795215297156,1.81476919411589,98.5423014565286
1,74,1061.079,925.5930000000001,3.9499999999999926,5.3720858403874665,0.0010427776633011928,0.00013083906238544067,1.81396938871035,98.49887187571204
1,78,1061.2649999999999,926.6570000000002,3.9499999999999926,5.32817513944984,0.0010504600017065763,0.00013135335909798438,1.80276566516782,97.89050762402466
1,82,1054.578,920.828,3.9599999999999924,5.292764196259789,0.0010621772203099618,0.00012843948204639756,1.80407704011735,97.96171552529285
1,86,0.0,0.0,,,,,1.85180255167045,100.55321959197046
1,90,1065.875,916.953,3.9599999999999924,5.33240431765665,0.0010847980316801011,0.00012398904227210435,1.83070384567394,99.4075559707276
1,94,1062.859,910.344,3.9499999999999926,5.349229879294942,0.0010804633943838646,0.00012165241133819642,1.81990410895013,98.82112827769676
1,98,1052.938,910.578,3.9499999999999926,5.307172780573151,0.0010546475224733596,0.00012046807624459615,1.80930796370285,98.2457556393358
1,102,1040.859,910.578,3.9899999999999918,5.234917005683304,0.0010835238006236074,0.00011959113004278482,1.80460990458052,97.99065016377766
1,106,1033.281,915.1249999999998,3.9499999999999926,5.167202954787321,0.0011449814628017693,0.00011935703885384695,1.79937706519722,97.7065060215613
1,110,1034.563,905.0619999999999,3.9499999999999926,5.250223828288878,0.0011012706853861319,0.00011927759863478045,1.78844323353705,97.11279694879056
1,114,1020.7189999999998,909.953,3.9499999999999926,5.235155141158248,0.0010979750617036627,0.000118687339392139,1.78292304842527,96.81304988059888
1,118,1010.9849999999999,904.3590000000002,3.9599999999999924,5.1253320435738985,0.0010835446837992183,0.00011881822243838301,1.77303371580183,96.27605729788222
1,122,998.4530000000001,906.75,3.9599999999999924,5.049971577193563,0.0010816626628967032,0.00011842338453232371,1.77303775507894,96.2762766313732
1,126,1002.375,901.8749999999998,3.9599999999999924,5.062981574424342,0.0011422579831188763,0.00011888536719082828,1.76787211066621,95.99578118843372
1,130,1002.438,894.656,3.9999999999999916,4.975055927685528,0.0011070842185570368,0.00011904870227412498,1.76231507040931,95.69403287907456
1,134,998.344,891.797,3.9499999999999926,5.017015700567079,0.0010905743998828135,0.00011923354941941318,1.76761729249384,95.98194451474556
1,136,985.25,932.875,3.9599999999999924,5.2040637485164964,0.0016118685191765282,0.00011649079496081432,1.76266835974315,95.71321655496544
1,140,990.5629999999999,895.0310000000002,3.9599999999999924,5.001319057407475,0.0011103574355754672,0.0001194658399759706,1.75173048706641,95.11928805425076
1,144,970.485,900.2649999999999,3.9599999999999924,4.890807666454247,0.0011372090043765568,0.00011937149123732845,1.741849604796,94.58275432725988
1,148,961.375,895.1410000000001,3.9599999999999924,4.883669207567564,0.0011501996646795035,0.00011934332878429528,1.73609135118471,94.27008009570102
1,150,963.0159999999998,951.7030000000002,3.9599999999999924,5.083422599285127,0.0015558867036571235,0.00011270326085436337,1.79362401485736,97.39411432859931
1,154,1051.046,874.6100000000001,3.9499999999999926,5.162442704366022,0.0010313003730117092,0.00012589885659033598,1.78318902232733,96.82749231246368
1,158,1031.266,882.672,3.9499999999999926,5.091421775178521,0.0011032004589461796,0.00012231052116531288,1.7673642076279,95.96820195991576
1,162,1008.3589999999999,885.2969999999941,3.9899999999999918,5.022468254270613,0.0011233358895317918,0.00012109502281604,1.75701778503531,95.40638930769452
1,166,992.438,888.2339999999999,3.9499999999999926,4.975366948325885,0.0011254040939094833,0.00012081019024340742,1.74687061798379,94.8553962680492
1,170,975.8600000000001,887.9369999999999,3.9599999999999924,4.901154419941154,0.001134620918622059,0.00012033563478139043,1.74171725074571,94.5755674779542
1,174,972.719,885.3899999999999,3.9899999999999918,4.867851128482172,0.0011337485202314336,0.00012056514820418092,1.73642250564782,94.28806184403476
1,178,964.625,882.1869999999999,3.9599999999999924,4.855516476282485,0.0011253130649492098,0.00012079541235415783,1.72632172392358,93.73958753620327
1,182,955.7659999999973,882.6410000000033,3.9599999999999924,4.895996555434298,0.0011360680484462143,0.00012062969245338272,1.71580653893301,93.16861105469168
1,186,942.6719999999999,881.797,3.9599999999999924,4.7865295765443285,0.0011406119087394259,0.0001206672511266285,1.71053335113519,92.88227598613614
1,190,933.0159999999998,882.3589999999999,3.9999999999999916,4.719643765777317,0.0011678027920974424,0.00012089681497375671,1.70601449964852,92.636901518198
1,194,935.516,874.203,3.9599999999999924,4.742691486045992,0.0011876507384253898,0.0001211304294969731,1.70031102726426,92.32720191735562
1,198,926.031,871.531,3.9599999999999924,4.70851579718753,0.0011634165260330904,0.00012158888165534182,1.69457986017979,92.01599848919145
1,202,912.875,873.281,3.9899999999999918,4.655562704948451,0.0011525751520966652,0.00012211546999087907,1.68490290866093,91.49053823956656
1,206,898.328,866.8130000000001,3.9899999999999918,4.598471564230476,0.0011480946189580865,0.00012262741353202665,1.67447415911597,90.92425521866993
1,210,884.422,870.125,3.9999999999999916,4.568414752671838,0.0011914640132756268,0.00012293988381974197,1.67456924798791,90.92941856192826
1,214,887.7810000000001,863.9999999999998,3.979999999999992,4.532957161383191,0.0011764909544144308,0.00012341992252726003,1.66371637598141,90.34010561326173
1,216,880.1260000000001,857.6239999999998,3.9599999999999924,4.4630616615008485,0.0011098317779774463,0.00012456532510174293,1.65901386874825,90.0847586044663
1,220,864.7349999999999,857.0310000000002,3.9599999999999924,4.440653950952138,0.0011632948810347723,0.00012470453846543875,1.6538540573335,89.80457989439137
1,224,849.906,859.922,3.9999999999999916,4.458202253243126,0.0011668062392281562,0.0001255012726777825,1.64265378213013,89.19640288815545
1,228,836.766,857.4680000000001,3.9999999999999916,4.363921552224241,0.0011898912341906799,0.00012621266175811803,1.63785784302237,88.93598251136243
1,232,827.781,852.3910000000001,3.9999999999999916,4.346668993012216,0.0011957379658126851,0.00012690378133138584,1.63273504070991,88.65781340235759
1,236,819.422,847.1100000000001,3.9999999999999916,4.351481257920511,0.001198398682503122,0.00012764935442700616,1.62775289155336,88.38728178562198
1,240,807.1560000000002,846.6719999999998,3.9999999999999916,4.310157302830891,0.001199375483640507,0.0001284788371641463,1.62212548552116,88.08171260170519
1,244,793.906,847.031,3.969999999999992,4.272090254309665,0.0012030313745748818,0.00012925253796821677,1.61132566037658,87.49528010741024
1,248,783.7029999999999,844.1870000000001,3.9999999999999916,4.2681184632156715,0.0012215580186011091,0.00013007153093608136,1.60656313974884,87.2366743602368
1,252,774.9849999999999,839.593,3.9999999999999916,4.189310157032356,0.001225704366297479,0.00013090069821783547,1.60151422339176,86.96251727221627
1,256,762.094,834.8910000000001,4.009999999999991,4.128416071893213,0.0012223806986917166,0.00013181627178662292,1.59036923140033,86.35734215456989
1,260,748.531,833.219,3.9999999999999916,4.117549307892105,0.001238699607876832,0.00013287536460498012,1.58578899682422,86.10863457357058
1,264,736.562,827.2819999999999,3.9999999999999916,4.053195997257127,0.0012379412792907125,0.00013390756463027296,1.58494307073741,86.06270063126725
1,266,723.719,853.25,3.9999999999999916,4.260680809986994,0.0018827899487245065,0.00013026674134182243,1.59552638924959,86.63737677555004
1,270,746.5160000000001,831.938,4.009999999999991,4.0839466348978455,0.001205517268522306,0.00013359125027315112,1.5747301747801,85.50813849993258
1,274,709.25,827.2649999999999,4.009999999999991,3.9842527306972713,0.00124335890147737,0.00013556664205002745,1.56490199509379,84.97446653296429
1,278,691.781,824.141,4.009999999999991,3.986912284211261,0.0012800265261808021,0.0001368804037837345,1.55976594733704,84.69557819389517
1,282,686.343,817.844,4.019999999999991,3.8970000492263352,0.0013072435647961485,0.00013762190497616103,1.55948156681842,84.68013627936132
1,286,695.672,814.656,4.009999999999991,3.907501970322155,0.001290746268771354,0.00013789778968127737,1.55468935359061,84.41991821853574
1,290,688.812,808.547,4.009999999999991,3.8935944878996196,0.0012595550875295334,0.0001389575101197728,1.54887410798904,84.10414931140878
1,294,676.437,802.2969999999999,3.9999999999999916,3.826396406235933,0.0012750661114894993,0.00014000135287987715,1.53823659894256,83.52653061113354
1,298,656.0160000000001,797.093,3.9999999999999916,3.792437179352989,0.0012512493115402028,0.0001415766298978076,1.52791425825103,82.96602561057489
1,302,640.828,796.5000000000001,4.009999999999991,3.7571339807307886,0.0013417426054803273,0.00014242047425439572,1.52852526297564,82.99920327964658
1,306,647.1089999999999,794.906,4.009999999999991,3.78965374515208,0.0013327612598276516,0.00014271261772219712,1.52264732528438,82.68003018050378
1,310,643.4689999999999,791.406,4.009999999999991,3.726188468380677,0.0013225272486166234,0.00014344444470414772,1.51748599384899,82.39976893302816
1,313,643.4689999999999,791.406,4.009999999999991,3.726188468380677,0.0013225272486166234,0.00014344444470414772,1.60581889913066,87.19626195760692
1,316,663.9849999999999,842.4530000000001,4.009999999999991,4.07585417797036,0.0020064172378687324,0.00013457695306838893,1.56384914467444,84.91729656129593
1,320,713.547,808.5630000000001,3.9999999999999916,3.949562221841809,0.0012830778165755531,0.00013780085502901568,1.54809152477678,84.06165489885902
1,324,691.516,804.0160000000001,4.009999999999991,3.8532332902247575,0.001277749803535403,0.00013964506566786436,1.53237556318686,83.2082752902044
1,328,663.6089999999999,800.6560000000001,4.009999999999991,3.8272012334721346,0.0012919030688756906,0.00014142127846752419,1.52695282684897,82.91381970838151
1,332,652.828,794.8909999999998,3.9999999999999916,3.7538263332409425,0.001324229366815825,0.00014263786902155197,1.51695730171363,82.37106085271179
1,336,639.016,789.781,4.019999999999991,3.75943554159182,0.0013429948411071136,0.00014391809332567056,1.51189759601427,82.09631790141844
1,340,630.641,787.1560000000001,4.009999999999991,3.7056330110704607,0.001353022249278544,0.00014481875483603402,1.50656389606811,81.80669701206385
1,344,620.766,784.2970000000001,4.009999999999991,3.669648894332642,0.0013526627542537134,0.00014577184776038796,1.50154535266714,81.53418918115372
1,348,611.2339999999999,781.7189999999999,4.019999999999991,3.6430565645273987,0.0013644758696020258,0.0001467929941012257,1.49084440504002,80.95312575426658
1,352,600.579,774.781,4.009999999999991,3.608171032987274,0.0013962110697824002,0.00014785062831639762,1.4858683845612,80.6829269258604
1,356,595.828,768.984,4.019999999999991,3.597052046434907,0.001394088081043744,0.00014873161443253535,1.48041367797611,80.38673535372676
1,360,590.312,764.75,4.019999999999991,3.5484244186400957,0.0014039082608506245,0.00014965501362084876,1.47520958690316,80.10415225005684
1,364,575.6880000000001,764.8429999999998,4.019999999999991,3.538609857363376,0.0014230108246280143,0.00015067531905612577,1.4859035988304,80.68483906716317
1,367,557.7810000000001,801.6249999999999,4.009999999999991,3.823304955956907,0.00210136319480432,0.00014441495434243,1.49609182981367,81.23806188586506
1,371,613.125,770.907,4.009999999999991,3.6063413151396126,0.0013657410215004429,0.00014809701971860295,1.4808005946929,80.40774500270479
1,375,590.7650000000001,761.4689999999999,4.019999999999991,3.5559366447554837,0.001394045042161348,0.00015021912308129003,1.46975432684668,79.80793062432481
1,379,572.984,759.578,4.009999999999991,3.510292024095868,0.0014213500081979016,0.00015181196061214055,1.45390122748459,78.94710440938543
1,383,558.0,757.0,4.019999999999991,3.5184234938709267,0.001450367724331667,0.00015303393659055173,1.45414620672357,78.96040682717852
1,387,550.6099999999999,754.703,4.019999999999991,3.434764829893215,0.0014801673724559694,0.0001539210406246597,1.45502375190668,79.00805769223405
1,391,553.328,752.25,4.009999999999991,3.489067642137069,0.0014758095411386558,0.00015432897236962705,1.44904216376124,78.68325635434054
1,395,548.547,743.953,4.019999999999991,3.428369253948615,0.0014641415179841018,0.0001553117447084637,1.43867093714806,78.12009683923326
1,399,524.75,742.0160000000001,4.019999999999991,3.4033260026448584,0.0014905085919375953,0.00015678228047661402,1.43344543215698,77.83635095586517
1,403,517.766,739.1870000000001,4.019999999999991,3.375431113121163,0.001538988406050219,0.0001575862472324756,1.43339589008381,77.83366081216815
1,407,522.703,734.203,4.019999999999991,3.3783944824514283,0.0015238885761704242,0.00015796616673686235,1.42806487344776,77.54418562704669
1,411,522.9069999999999,731.5150000000001,4.019999999999991,3.347845042348977,0.0015087134457068615,0.00015857384220998493,1.42292031817412,77.26483532824366
1,415,508.40599999999995,731.469,4.0299999999999905,3.351335176908062,0.001523451383016294,0.0001597325917005331,1.41742903273131,76.96665751739931
1,419,498.29600000000005,726.36,4.009999999999991,3.253613006375021,0.0015244715203922554,0.0001609539597878761,1.41240922879445,76.69408123915822
1,423,487.937,726.1719999999999,4.019999999999991,3.25587672519106,0.0015773073784507527,0.00016182290157139794,1.41257879294019,76.7032886034996
1,427,492.54600000000005,719.7189999999999,4.019999999999991,3.301575884685633,0.0015733837967416573,0.00016203534927840428,1.40759837314699,76.43285089151239
1,431,495.328,718.5320000000002,4.019999999999991,3.2592762287489787,0.0015895493615507988,0.00016242084787553598,1.43339204852215,77.83345221466253
1,433,515.7339999999999,762.047,4.019999999999991,3.486210657864108,0.0019371192185107875,0.00015336821599835933,1.43825501767929,78.09751233548145
1,437,532.3910000000001,734.2029999999999,4.019999999999991,3.403128999114063,0.0014610054312424493,0.00015780635124340884,1.41735471744855,76.96262218385922
1,441,502.906,725.8130000000001,4.019999999999991,3.3254111233202366,0.0015128656472893993,0.0001604342680877033,1.40698166367764,76.3993634537507
1,445,482.26500000000004,723.063,4.019999999999991,3.2829922912725955,0.001560992422733232,0.00016221115178536693,1.40120377835876,76.08562321685423
1,449,472.391,721.0,4.019999999999991,3.2393246443056753,0.001587195005170083,0.00016337887393517617,1.39670082327263,75.84111192639295
1,453,462.343,716.9999999999999,4.0299999999999905,3.2443752048905417,0.0016016520532632463,0.00016444832066143695,1.39128478885273,75.5470202599512
1,457,459.922,708.86,4.03999999999999,3.171375813240658,0.0016143580446512631,0.00016548603434370462,1.38622876779783,75.2724773855306
1,461,449.79600000000005,709.1249999999999,4.0299999999999905,3.1937047904410107,0.0016181794907660155,0.0001665625128998768,1.38043667619741,74.95796574493023
1,465,437.312,704.641,4.03999999999999,3.124762293514319,0.0016451982779247482,0.0001676489899391844,1.37523641502562,74.67559060559861
1,469,429.859,701.2970000000001,4.0299999999999905,3.1275378333513206,0.0016614370662852835,0.00016875606134403968,1.3705128024895,74.4190975749656
1,473,429.844,698.828,4.03999999999999,3.111286693894831,0.00167159158064058,0.0001694496297386737,1.37050855662704,74.41886702385212
1,477,422.39000000000533,696.7350000000006,4.0299999999999905,3.1119844504779053,0.0016741578581034669,0.000170404093784967,1.36473551086815,74.10538957595438
1,481,412.20300000000003,693.375,4.0299999999999905,3.06482339288943,0.0016995803264288245,0.0001713697016901025,1.37539201689576,74.68403981580354
1,483,389.125,734.4850000000001,4.0299999999999905,3.30135971461133,0.002394676825409261,0.00016278538917671075,1.38611151515354,75.26611054535188
1,485,477.75000000000006,688.781,4.0299999999999905,3.0565475765165253,0.0009845476229640325,0.00017075533835803376,1.36985000358389,74.38310747232698
1,489,428.9530000000001,698.406,4.03999999999999,3.0889444436988622,0.0016607999250877296,0.00016967376748438387,1.36478279492608,74.10795710900801
1,493,417.312,691.688,4.03999999999999,3.077676923311012,0.0016748626093652248,0.00017140333640901063,1.354322046626,73.53993654981534
1,497,404.907,688.5620000000001,4.0299999999999905,3.056093853240311,0.0017393488291554532,0.00017249280219737545,1.3546417018379,73.55729388669064
1,501,409.70300000000003,691.578,4.04999999999999,3.042046300014583,0.0017251916934918937,0.00017253608487935148,1.35470392131924,73.56067241598603
1,505,409.687,686.1410000000001,4.019999999999991,3.049226997897419,0.0017057159540670222,0.0001733356736546506,1.34931499750346,73.26805286034079
1,509,394.781,681.1879999999999,4.03999999999999,3.035075339591492,0.0017193269861095926,0.0001748969662705524,1.34418919379706,72.98972077509227
1,513,379.71899999999994,678.406,4.0299999999999905,2.9947330083139594,0.0017512494889885854,0.00017640042059235335,1.33899137906958,72.70747847813722
1,517,374.485,674.3589999999999,4.04999999999999,2.942082555067749,0.0017888455468957792,0.0001771160698765128,1.3389145230207,72.70330518052887
1,521,379.14,673.797,4.0299999999999905,2.9834359209791383,0.001760793871929266,0.00017714700299858264,1.33400667597617,72.43680818215978
1,525,372.5,671.11,4.0299999999999905,2.9419253734189503,0.001765191401680881,0.00017816506542360337,1.32864443091749,72.14563728793834
1,529,356.485,669.156,4.04999999999999,2.9562641488855554,0.001791331338616122,0.00017967367398495746,1.32317089922762,71.84842350914826
1,533,344.5,665.8119999999999,4.04999999999999,2.9091385658003848,0.0018349000404404847,0.0001810424536167282,1.31816915884452,71.57682808520298
1,537,341.89,660.9060000000001,4.03999999999999,2.926086375274142,0.0018871683198086885,0.0001815806663586745,1.31846644366403,71.59297070565168
1,541,349.125,659.125,4.03999999999999,2.9109212995658087,0.0018329051665582675,0.00018159878865809227,1.3182930401027,71.58355486033668
1,545,346.672,658.9060000000001,4.04999999999999,2.9311446335690086,0.001842462161363125,0.00018219999567391354,1.32387242224427,71.88651633814797
1,548,262.985,696.5,4.05999999999999,3.0799797293093825,0.002724286237169532,0.00017185332795281873,1.36012167665548,73.85485752850198
1,552,397.469,689.0,4.04999999999999,3.0390560519011434,0.001674810129488189,0.00017292985404076017,1.33953068679474,72.73676298693475
1,556,376.40700000000004,681.0,4.04999999999999,2.9854447496422676,0.0017598326867847023,0.000175865274105506,1.32902865651207,72.16650080848474
1,560,359.562,673.2500000000001,4.03999999999999,2.958328275943595,0.0017878109278296498,0.00017809649268089192,1.3236741274999,71.87574889700983
1,564,348.96900000000005,668.968,4.04999999999999,2.949499031331417,0.0018260567829016551,0.00017966462235141303,1.31863389675329,71.60206343923741
1,568,341.047,666.546,4.03999999999999,2.926347680308959,0.0018419483053982299,0.00018079418084354944,1.31347513213243,71.32194157026348
1,572,333.75,664.078,4.04999999999999,2.9141998454619316,0.0018645855543098892,0.0001819170013452251,1.31320206344422,71.30711389020412
1,576,331.781,659.0160000000001,4.03999999999999,2.8718294018973776,0.0018692993663029104,0.00018271327782159305,1.30779599469444,71.01356336148518
1,580,323.907,656.3589999999999,4.04999999999999,2.8645172484924277,0.0018799185647933511,0.00018377791764208738,1.30303291864059,70.75492745457169
1,584,321.5,653.64,4.04999999999999,2.84451288516056,0.001895398337441472,0.00018442483148099574,1.30335735590382,70.77254445771489
1,588,320.812,648.9060000000001,4.03999999999999,2.8261989941990002,0.0018930139313275388,0.00018496430916973013,1.30341004386556,70.77540542374062
1,592,319.078,651.5619999999999,4.04999999999999,2.838248180918523,0.0018922534555093518,0.00018558147369692577,1.29788708064957,70.47550750397869
1,596,314.14099999999996,646.75,4.05999999999999,2.833440673139913,0.0019125740467124041,0.00018638713849409864,1.29807350569189,70.48563041810954
1,600,311.39,643.75,4.05999999999999,2.817602303271377,0.0019159683109083666,0.0001871759940535999,1.29346361384424,70.23531244180377
1,604,303.953,643.703,4.04999999999999,2.789603250732089,0.0019422529686821594,0.0001880741220986156,1.28800339261912,69.93882142370093
1,608,301.0,639.282,4.04999999999999,2.814274402255492,0.0019511166572510523,0.00018864474701997452,1.28745252213794,69.90890905512207
1,612,301.469,638.969,4.03999999999999,2.7688274311783605,0.001945587325804027,0.0001891589097381726,1.30901536423074,71.07977535187085
1,614,288.92199999999997,681.344,4.04999999999999,3.0560649107049525,0.002323254273687286,0.00017763472258676158,1.32507932864294,71.95205157786506
2,2,2.8439999999999976,131.219,4.179999999999987,2.7884659494966697,0.002568009182941955,0.00022744113796141832,2.0353375910056,100.88297108833646
2,4,1123.719,1054.687,3.9899999999999918,6.104219691478885,-0.0006521166295837341,0.00014304199981874798,2.02514024603141,100.37753235288778
2,6,1145.5320000000002,1023.203,3.9899999999999918,6.106968221251577,-0.0006972823875265737,0.00014246765273710914,2.01332637134546,99.79196916000484
2,8,1148.484,998.6869999999999,3.9899999999999918,5.975061273431535,-0.0006818133281770543,0.00013890451864267348,2.01328466554074,99.7899019818078
2,10,1135.687,1005.1249999999998,3.9899999999999918,5.754936595380933,-0.0007055595261124684,0.0001370270590426458,2.00052833762477,99.15762541696316
2,12,1138.969,995.3910000000001,3.9899999999999918,5.874308613055057,-0.0007443986403250145,0.00013786466199811862,2.01389907599316,99.8203556776378
2,14,1137.0,982.1090000000002,3.9899999999999918,5.757343201624671,-0.0007245675252054427,0.00013551784064001207,2.01310110562697,99.7808037027038
2,16,1132.718,983.2189999999998,3.9899999999999918,5.768657102627827,-0.000759109062108244,0.00013644755807446432,1.96878982627284,97.5844832820893
2,18,1126.5149999999999,969.4070000000002,3.9899999999999918,5.685271131256151,-0.0007452646627980913,0.00013553756143826914,1.96816617643342,97.5535716293996
2,20,1121.344,956.0,3.9899999999999918,5.640933892479545,-0.0007511517815839123,0.0001348245190668854,1.95723079175605,97.01155142541865
2,22,1118.922,970.172,3.9899999999999918,5.614126506523789,-0.0008334160909704657,0.00013478695818981237,1.94559915141294,96.43502080876348
2,25,1004.4840000000002,867.6880000000001,3.979999999999992,5.104118288931154,-0.00047474088485701814,0.00011787053509711825,1.93475050448411,95.8972998236526
2,27,1085.8899999999999,949.047,3.9899999999999918,5.462921879170885,-0.0008028585751258495,0.0001334450511697832,1.9232799539368,95.32875373854844
2,29,1068.469,943.9850000000001,3.9899999999999918,5.3630822647302345,-0.0008032023591051262,0.00013374111411377701,1.91188993094849,94.76419905980474
2,31,1053.031,949.5,3.9899999999999918,5.292385495636598,-0.0008455818113332595,0.00013480769904506483,1.90106671419793,94.22773853976388
2,33,1051.125,962.2350000000001,3.9899999999999918,5.305515245870456,-0.0008906866373023117,0.00013387478464435115,1.88919899480615,93.6395064953226
2,35,1033.656,982.078,3.9999999999999916,5.351257426210147,-0.0009214536430146976,0.00013314862694529153,1.87827837224885,93.09821798643677
2,37,1012.2189999999999,952.8120000000001,3.9899999999999918,5.161317186212312,-0.0008717520771827771,0.0001354508114768124,1.86756971615202,92.56743574756617
2,39,995.3600000000001,956.953,3.9999999999999916,5.156869566305787,-0.0008983557902247487,0.00013633302656574498,1.86758925744538,92.56840432582156
2,42,1055.437,1084.953,3.9999999999999916,5.996166503733505,0.0012057001535100951,0.00010198839939634056,1.97962654825082,98.12161319843736
2,46,1138.031,1020.672,3.9899999999999918,5.880002150912677,0.0008938852726379045,0.0001359546284940873,1.9575499080884,97.02736865587346
2,50,1123.484,1011.8600000000001,3.9899999999999918,5.795242519997,0.0007747342881431251,0.00012971470980832476,1.94581501707876,96.4457203456954
2,54,1109.687,1011.1100000000001,3.9999999999999916,5.742379128292278,0.0007735960883238374,0.0001267512002985263,1.92424611216801,95.37664206593776
2,58,1085.828,1007.422,3.9999999999999916,5.668231569380801,0.0008021216365902577,0.00012364982518529171,1.94598113314216,96.45395400781383
2,62,1066.718,1006.6249999999998,3.9999999999999916,5.586684810894788,0.0008079162144451097,0.00012164831600681388,1.90140793055308,94.2446511737385
2,66,1047.375,1006.5,3.9999999999999916,5.489839212401726,0.00081497888998339,0.00012034290358474517,1.87867421368008,93.11783815158223
2,70,1035.7820000000002,1010.203,3.9999999999999916,5.589098429349935,0.0008181353640184941,0.00012060282376562995,1.86830613282642,92.60393676951
2,74,1008.156,1016.469,3.9999999999999916,5.507009742378585,0.0008381154980631116,0.00012032610372037944,1.8560244070083,91.99518419888014
2,78,992.5630000000001,1007.953,4.009999999999991,5.391413576019506,0.0008555571343594013,0.0001206859715959356,1.84519979618558,91.45865458065036
2,82,974.1720000000001,1004.875,4.009999999999991,5.438164505959541,0.0008762958035817514,0.00012004929943767538,1.85722889088532,92.05488530825814
2,86,0.0,0.0,,,,,1.92477608890906,95.40291074415664
2,90,1010.8899999999999,1012.203,3.9999999999999916,5.600591626760615,0.000836884700000129,0.00011868690906752165,1.88223175260926,93.2941701264468
2,94,987.938,995.4839999999999,3.9999999999999916,5.38225633102331,0.0008317006181473788,0.00011673125947337618,1.85527668788559,91.95812296295944
2,98,950.078,995.4680000000001,4.009999999999991,5.231308581492648,0.0008273526670293348,0.00011741701565618695,1.83925089171819,91.16379285351326
2,102,917.3910000000001,998.6399999999999,4.009999999999991,5.177367809404661,0.0008498068216642442,0.00011760072763986617,1.81853960739944,90.13722315501992
2,106,907.891,990.219,4.009999999999991,5.110273767185564,0.0009314324770536735,0.00011791289314942903,1.81347700595671,89.88629167454431
2,110,896.5620000000001,982.625,3.9999999999999916,4.965271767234761,0.000887761035278656,0.00011883047648272968,1.79710184503054,89.07464504963947
2,114,864.7180000000001,982.9999999999998,4.009999999999991,4.926992352914898,0.0008937520069707958,0.00011934659290019893,1.78100462941205,88.27677498375004
2,118,839.625,982.4070000000002,4.009999999999991,4.83529671283878,0.0009070058318357997,0.000120259138258047,1.77101304226823,87.78153478310176
2,122,824.734,974.906,4.019999999999991,4.731097030190362,0.0008969627971070655,0.00012081309880816554,1.76047124481709,87.25902301297472
2,126,816.1560000000001,969.4069999999999,4.019999999999991,4.724080099512296,0.0009811571515622077,0.00012140729556048297,1.75029137880066,86.75445063463465
2,130,811.203,959.828,4.019999999999991,4.678699908271319,0.000957046489800556,0.00012208890785250057,1.73949250377326,86.21919662960373
2,134,789.6880000000001,957.4209999999998,4.009999999999991,4.643938498972403,0.0009488613244307596,0.00012312713965697677,1.75467665536372,86.97181002045869
2,136,802.047,1035.312,4.009999999999991,5.13337960478102,0.0015446106159763607,0.00011105069431243939,1.76593909418422,87.53004089819298
2,140,797.4380000000001,969.8910000000001,4.019999999999991,4.685185452460626,0.0009467321389580041,0.00012200973807739429,1.73378874196248,85.93648557449694
2,144,758.906,956.094,4.019999999999991,4.536860323699926,0.0010034628338816392,0.00012378089698539027,1.71332591204073,84.92223069682748
2,148,734.656,945.703,4.019999999999991,4.451604815214424,0.0010416943778308052,0.0001249330350419999,1.70240778136735,84.38106569995976
2,150,776.828,1021.719,4.009999999999991,5.133693543273257,0.0015129779618069023,0.00011186060129939508,1.82371946178183,90.39396636175364
2,154,937.9060000000001,980.4380000000001,3.9999999999999916,5.2252237829619155,0.0008287690175929884,0.0001245462182862114,1.80812840503147,89.62118442408695
2,158,885.3430000000001,975.922,4.009999999999991,5.019428538440177,0.000881931141909531,0.00012308084329199593,1.77576109450343,88.01687540594799
2,162,827.25,978.3749999999968,4.009999999999991,4.845161551984951,0.0009277409901169332,0.00012339218888513423,1.74474098418368,86.47934133475826
2,166,788.9680000000001,970.8749999999998,4.009999999999991,4.732543076725005,0.0009619955606497748,0.00012435006320154698,1.72920703413237,85.7093899316892
2,170,759.906,955.75,4.009999999999991,4.51162792729351,0.0010003990404178593,0.00012525798161669587,1.70810865525532,84.66363361309608
2,174,746.453,940.5,4.019999999999991,4.496076052346513,0.0010234679829212005,0.0001263692599179856,1.69759542374618,84.14253773442293
2,178,718.75,937.5470000000001,4.009999999999991,4.398979924189522,0.0010125401639794749,0.00012743156980632165,1.68206345240295,83.37268440744252
2,182,699.5,925.0309999999973,4.019999999999991,4.344431348779054,0.001040213116709196,0.00012853645086244328,1.67147683222951,82.84795096685752
2,186,678.5,912.782,4.0299999999999905,4.250842978539772,0.0010511781433417964,0.0001296775687498331,1.66075913870477,82.31672078137474
2,190,658.766,907.922,4.0299999999999905,4.150441568374582,0.0010988674179478238,0.00013086624347191425,1.65112101503807,81.8390002521071
2,194,653.672,899.8750000000001,4.0299999999999905,4.172491014918979,0.001120634984735552,0.00013169270006913635,1.64013492561909,81.29446683115198
2,198,633.328,892.844,4.0299999999999905,4.1056300443290965,0.0011314306393585055,0.000133084217752231,1.62919994161654,80.75246648690656
2,202,613.5150000000001,880.86,4.0299999999999905,4.000643110148026,0.0011223705089945452,0.00013451982197800746,1.60884963029617,79.7437886746144
2,206,591.547,867.641,4.019999999999991,3.892003466268619,0.0011505938034482362,0.0001359703530906281,1.60352448989692,79.47984426199564
2,210,568.078,864.5000000000001,4.03999999999999,3.8585034433371312,0.001194716144867236,0.0001373282422032925,1.5989712144028,79.25415788836384
2,214,571.016,854.25,4.03999999999999,3.856066396845687,0.0011935856887757973,0.00013822569993906787,1.58762731235756,78.69188922732394
2,216,560.3910000000001,840.172,4.0299999999999905,3.75275390564007,0.0010519847818055564,0.00014112380731563277,1.58297197446862,78.46114405771091
2,220,535.14,835.2660000000001,4.0299999999999905,3.722366224904608,0.001142581607006166,0.00014111746923679117,1.56713763671356,77.67630372212932
2,224,515.2650000000001,829.6569999999999,4.03999999999999,3.6823442278694927,0.0011639475634465765,0.0001429111543238631,1.56134461397139,77.38916838478035
2,228,497.64000000000004,819.0,4.04999999999999,3.570456011598857,0.0011819315233210072,0.0001442270343035919,1.55117118927904,76.88491527529958
2,232,483.29600000000005,811.9219999999999,4.03999999999999,3.5621895008326376,0.0012075585418426975,0.0001454758520272197,1.54067416062952,76.3646225030132
2,236,469.98400000000004,809.532,4.04999999999999,3.492789045151863,0.00121888028987269,0.00014681687127645406,1.52531387446244,75.60327887522882
2,240,457.59400000000005,796.6249999999999,4.03999999999999,3.469465666029386,0.00123406709124937,0.00014852231854712127,1.53015703180674,75.84333345118733
2,244,442.15600000000006,788.5779999999999,4.04999999999999,3.4466332196426777,0.0012512236066205423,0.00015001586597293028,1.52465668344741,75.57070473005419
2,248,429.62500000000006,780.75,4.05999999999999,3.403146318002687,0.0012632553092428288,0.0001514713403933166,1.51454929866554,75.06972493621848
2,252,414.76599999999996,774.3280000000001,4.04999999999999,3.3679225292802357,0.0012918231194704317,0.0001530661578069016,1.50939150460208,74.81407516505371
2,256,402.48400000000004,767.203,4.05999999999999,3.3568315884583555,0.001295756268779428,0.00015458886434070504,1.50399743330507,74.54671414292675
2,260,391.75,759.2180000000001,4.05999999999999,3.3198415291451298,0.0013110388645099203,0.00015599365051882348,1.49352019180402,74.02740213488109
2,264,374.781,751.531,4.05999999999999,3.270386296930816,0.001337942509856296,0.00015772994480838648,1.48763230244974,73.73556466569462
2,266,258.90599999999995,791.9380000000001,4.04999999999999,3.5254108615515616,0.0022157015441038965,0.00015026490034047228,1.53028762144017,75.84980622026112
2,270,412.375,779.078,4.03999999999999,3.414003414021389,0.0012747816959079552,0.00015390030119784743,1.50407600883601,74.55060879561292
2,274,367.266,754.6090000000002,4.04999999999999,3.296003686235631,0.0013720579066583325,0.00015795863099823444,1.48875936087309,73.79142812679322
2,278,346.89,742.047,4.06999999999999,3.2613191228897804,0.0014265346053103055,0.00016028731441005786,1.47827792855466,73.27190839787096
2,282,339.515,734.281,4.05999999999999,3.271511690034192,0.0014850131575989333,0.00016196280666630873,1.47845998221568,73.28093201847443
2,286,342.016,732.8589999999999,4.179999999999987,3.213076469751332,0.0014688616865581067,0.00016234613032407974,1.47321484489997,73.02095301621284
2,290,334.28100000000006,726.656,4.04999999999999,3.171664240012083,0.0014421161434312766,0.00016401933985692602,1.46751649350679,72.73851013234444
2,294,319.18800000000005,716.281,4.05999999999999,3.134453970572105,0.001469488283733744,0.0001659333947441634,1.45162926575213,71.95104826590523
2,298,308.86,698.64,4.05999999999999,3.0944834872381968,0.0014546429843846475,0.00016889632114152015,1.45192377209672,71.96564568462234
2,302,291.187,690.922,4.079999999999989,3.0923580723115585,0.0015882607343626826,0.00017034688140677185,1.44714846947777,71.72895437691278
2,306,291.437,697.328,4.05999999999999,3.074358756780171,0.0015525344261988034,0.00017065893002094883,1.44685381056599,71.71434939609318
2,310,296.078,691.0459999999998,4.05999999999999,3.0402589806249907,0.0015229689654789416,0.00017145050530113784,1.44167419302847,71.45761792874575
2,313,296.078,691.0459999999998,4.05999999999999,3.0402589806249907,0.0015229689654789416,0.00017145050530113784,1.59358665931001,78.98726854374111
2,316,279.031,812.297,4.05999999999999,3.6284517747737794,0.002120335547127106,0.000149057244655713,1.54639023769156,76.64794397240323
2,320,424.703,790.7810000000001,4.04999999999999,3.4990175051994044,0.001216423517042959,0.00015339278360541767,1.51470559175661,75.07747171565073
2,324,387.15599999999995,771.563,4.05999999999999,3.4246597754502517,0.00125923568305301,0.0001570819431065337,1.49897860833354,74.29795247472106
2,328,356.75,751.047,4.05999999999999,3.3488862663556738,0.0012792700665680092,0.0001605369995340954,1.48311107454105,73.51146675367659
2,332,329.03100000000006,740.703,4.04999999999999,3.2394445760720387,0.0013491657874626672,0.00016364433391486937,1.47296648254683,73.00864275760908
2,336,316.67199999999997,726.7179999999998,4.05999999999999,3.240435200868605,0.0013775249565379176,0.0001659604372098343,1.46276043960993,72.50277290138493
2,340,304.156,715.844,4.05999999999999,3.187134720626519,0.0014112074922794083,0.00016792862197377234,1.45183646810625,71.96131839956391
2,344,297.141,706.031,4.06999999999999,3.1334371556766385,0.0014100426895707423,0.00016992155531476375,1.44686706440304,71.71500633205595
2,348,286.875,696.3430000000001,4.05999999999999,3.1013387079533015,0.0014343214546689654,0.0001717335152557039,1.44138039942778,71.44305583769248
2,352,278.641,689.0,4.079999999999989,3.0718086109439966,0.0014582563584472265,0.0001735571374787609,1.43121074496077,70.93898960214143
2,356,268.719,683.656,4.06999999999999,3.08640540254088,0.001472396169016507,0.00017508913390970843,1.42602471795257,70.68194044477139
2,360,263.593,676.4069999999999,4.06999999999999,3.027852795511876,0.0014763913889049207,0.00017667306702635584,1.42048764996619,70.4074916889224
2,364,253.34300000000002,666.766,4.079999999999989,3.008049879615273,0.00150519787469682,0.0001784877737330146,1.4207006230355,70.41804785222855
2,367,195.437,696.031,4.06999999999999,3.1721105561241156,0.002287228690836428,0.00016936624710439885,1.45225580433084,71.98210310103482
2,371,301.718,705.7499999999999,4.06999999999999,3.120277308676151,0.0013856783849547426,0.00017114491478857963,1.43155763277257,70.95618334594263
2,375,273.672,688.5619999999999,4.06999999999999,3.0779580369773214,0.0014354747831062332,0.00017500411466868696,1.41501575115894,70.1362730902931
2,379,260.937,671.266,4.079999999999989,3.000979904287057,0.0014620215972313455,0.00017809356952728142,1.40973115065175,69.87433806657212
2,383,246.01599999999996,656.187,4.079999999999989,2.9707937040963976,0.0015020097797824412,0.00018111981537579952,1.40491731812931,69.63573699649338
2,387,235.937,648.984,4.06999999999999,2.967588567587091,0.0015501847813257272,0.0001826970402988847,1.39516429657156,69.15232147064526
2,391,233.485,651.7339999999999,4.079999999999989,2.9445688489804276,0.0015627921037611623,0.00018317133857661646,1.39453438326141,69.12109936452545
2,395,230.969,641.234,4.079999999999989,2.9342457397523063,0.0015419783257196265,0.0001850997076383716,1.38931711793126,68.86250185726787
2,399,217.76600000000002,626.125,4.06999999999999,2.8624687546152376,0.0015646749538335081,0.0001878591358464305,1.38383794723278,68.59092282212131
2,403,215.359,620.8910000000001,4.079999999999989,2.858442173118796,0.0016212595393249652,0.00018909707977030475,1.37368142381951,68.08750743669
2,407,213.734,623.281,4.06999999999999,2.8803643784655524,0.0016057003898356883,0.00018928647434004371,1.37860598918637,68.33159705981836
2,411,213.516,620.672,4.079999999999989,2.8649096132321574,0.0015870638846218674,0.00019000185208116086,1.37376002991086,68.09140360412486
2,415,206.062,611.407,4.06999999999999,2.847179192196064,0.0015999470852610298,0.00019203143989764663,1.36825805839427,67.81869443003508
2,419,198.422,596.328,4.079999999999989,2.817687257894434,0.00160819195252249,0.00019436594524330938,1.36330240373175,67.5730638436144
2,423,193.265,590.8910000000001,4.089999999999989,2.7963633661003655,0.001662900988427626,0.00019580609725440928,1.35809661401726,67.31503513349786
2,427,193.14000000000001,595.828,4.079999999999989,2.822386177238565,0.0016752491845317733,0.00019550986281900333,1.35326909099953,67.07575548417674
2,431,198.312,600.7349999999999,4.079999999999989,2.7940666642734406,0.0016675690639140165,0.00019490713379367934,1.38416057382375,68.60691404106846
2,433,211.35999999999999,668.906,4.06999999999999,3.064538743494513,0.0020068650295781143,0.00017832989562634597,1.40514677906515,69.64711039275872
2,437,241.09400000000002,653.406,4.06999999999999,2.9735830835909987,0.0014647305206111566,0.00018325805666263232,1.37871902262735,68.33719964359061
2,441,215.82899999999998,628.0310000000001,4.079999999999989,2.9188624070610203,0.0015259183344699134,0.00018864733430966967,1.36826577831991,67.81907707369999
2,445,198.656,607.531,4.079999999999989,2.877503249566434,0.001601396579665323,0.00019279429126369246,1.3573151296618,67.27630029953899
2,449,190.328,595.859,4.079999999999989,2.8058093894273846,0.001632014712122825,0.00019516425634375496,1.35249346388016,67.03731096833596
2,453,183.312,585.9689999999999,4.089999999999989,2.7473088150235494,0.0016712691271074036,0.00019744922615239205,1.34740991516612,66.78534122129697
2,457,180.75,575.5,4.06999999999999,2.786724764479672,0.0016818691073496855,0.00019931254933013148,1.33700751308423,66.26973868287087
2,461,173.016,570.9839999999999,4.079999999999989,2.7314241858682724,0.001691850016223372,0.00020138419185804536,1.33123529667185,65.98363462621751
2,465,167.938,558.359,4.079999999999989,2.688181433746797,0.001721179306846669,0.00020352999760543688,1.32593037817276,65.72069252661954
2,469,163.10899999999998,553.235,4.089999999999989,2.665995394070782,0.0017496414964416262,0.0002050477453462894,1.32157874386753,65.50500064349335
2,473,160.375,551.047,4.089999999999989,2.6922407291988186,0.0017579858052282514,0.00020627571433275363,1.32122507406611,65.48747074550045
2,477,158.062,543.343999999994,4.089999999999989,2.6996344359944384,0.0017769326390577357,0.00020783656265808582,1.31564853018627,65.2110653386093
2,481,153.172,532.8910000000001,4.079999999999989,2.692366228740145,0.0018079876768904964,0.00020944288211920977,1.32090256975024,65.47148558720653
2,483,132.875,548.0160000000001,4.079999999999989,2.7872429748564667,0.002523090041155335,0.00019895275723226267,1.34743287672739,66.78647932759047
2,485,220.57799999999997,591.032,4.06999999999999,2.7349121692139473,0.0008051250827859345,0.00020151565018825744,1.32601280723536,65.72477818237311
2,489,163.094,560.438,4.079999999999989,2.688382672405611,0.001642633250991325,0.00020450990815473565,1.31011867848311,64.93697426302657
2,493,158.047,543.672,4.06999999999999,2.649816900947224,0.001681498052975699,0.0002084755343193526,1.30521620229393,64.69397950587184
2,497,148.06300000000002,533.031,4.089999999999989,2.6316497551775537,0.001744411590365886,0.00021068541507920978,1.30040619513558,64.45556804271465
2,501,152.93800000000002,540.937,4.079999999999989,2.639994606018833,0.0017221542509777926,0.00020982835090145195,1.30023573584112,64.44711910522597
2,505,152.75,532.953,4.089999999999989,2.67007212837248,0.0017260181758657568,0.00021130924152362572,1.28950667224808,63.9153253541329
2,509,145.71800000000002,520.453,4.089999999999989,2.59024410254926,0.0017567127045746216,0.0002144250651921751,1.27925305738479,63.40709756117343
2,513,138.17200000000003,505.563,4.089999999999989,2.5201875516763153,0.0017892524302268267,0.0002180052438074779,1.27920781717146,63.40485519747241
2,517,132.532,495.67099999999994,4.089999999999989,2.5356980195037604,0.0018302267113864251,0.0002200391873912661,1.27403676090292,63.14854807557744
2,521,135.14100000000002,505.328,4.079999999999989,2.5431895664198407,0.0018314935888111552,0.00021907516408733486,1.27412739230015,63.15304028594434
2,525,133.047,495.6410000000001,4.079999999999989,2.5038738066340986,0.0018102157207521446,0.00022096248336479733,1.26376394264408,62.63936845251047
2,529,127.672,485.313,4.089999999999989,2.489099226266177,0.0018549807307084959,0.00022445028655482464,1.25813736889552,62.36048327920517
2,533,122.937,467.70300000000003,4.089999999999989,2.4505791882643493,0.001891011854796997,0.00022821618391466849,1.2532598640553,62.11872624491582
2,537,122.625,467.71900000000005,4.099999999999989,2.4449638243261553,0.0019195137984839798,0.0002284176629065575,1.25323133154934,62.11731201074328
2,541,125.453,472.76599999999996,4.089999999999989,2.447051732522734,0.0018847324635452643,0.00022761564802563532,1.24808749603136,61.86235410492132
2,545,125.218,467.79699999999997,4.099999999999989,2.4275781116218305,0.001928311627600726,0.00022916959641772268,1.25343542849448,62.12742822257309
2,548,89.844,442.03099999999995,4.089999999999989,2.455832642801992,0.0030426511995574534,0.0002222962183317787,1.28980487732669,63.93010610326108
2,552,150.35999999999999,533.375,4.079999999999989,2.6154437742088863,0.0018523777168021518,0.00021299712956114966,1.26354020217588,62.62827859533666
2,556,135.469,504.51599999999996,4.089999999999989,2.5216476151910108,0.0019414955263228576,0.0002201270780057808,1.24797617068429,61.85683618405182
2,560,125.04699999999998,482.531,4.089999999999989,2.4519697042970687,0.002000753086656518,0.00022620794914623817,1.23212028779433,61.07092794836815
2,564,122.531,469.641,4.089999999999989,2.424205707568797,0.0020633659236390643,0.0002300392252038724,1.22711376662135,60.82277612678393
2,568,120.0,459.73400000000004,4.099999999999989,2.3931837516570393,0.002079446544630429,0.0002331145805448306,1.22173975813774,60.55640953242813
2,572,114.953,449.95300000000003,4.089999999999989,2.3660750557763635,0.0021324623184458837,0.00023659204925301206,1.21110267891517,60.02917505279337
2,576,113.12499999999999,443.10900000000004,4.089999999999989,2.3587597974413104,0.0021453894042083375,0.00023887217382348572,1.20561597651317,59.75722270334661
2,580,110.297,434.797,4.099999999999989,2.3280473974671416,0.0021717136160172993,0.00024195597023484532,1.20089362627173,59.52315601830062
2,584,107.454,430.14000000000004,4.089999999999989,2.311805814960879,0.0021845924034833565,0.00024405033903207137,1.19059039855583,59.01246912863032
2,588,104.71900000000001,424.73400000000004,4.109999999999989,2.264699533955495,0.0022063229247531167,0.0002460941426712295,1.18517925104194,58.74426171153606
2,592,105.375,420.15599999999995,4.089999999999989,2.300252117719623,0.002230482396965042,0.0002481911708898458,1.17967068181446,58.47122551716232
2,596,102.96900000000001,412.594,4.089999999999989,2.2414734833316086,0.0022593429033147304,0.00025075273718636114,1.17459528367539,58.2196597592319
2,600,100.31199999999998,404.57800000000003,4.099999999999989,2.2303605037403234,0.002272461947343521,0.00025375084719932536,1.15381833159625,57.18983519098029
2,604,97.78199999999998,404.62500000000006,4.089999999999989,2.2047255348922548,0.002319324195238809,0.0002552932656339601,1.16440095573723,57.71437056534329
2,608,95.047,397.14,4.089999999999989,2.1919697153433617,0.002329844355708719,0.0002584428993485539,1.15879749479161,57.43663099473362
2,612,95.406,392.235,4.089999999999989,2.173523544731241,0.0023247784772465817,0.00026047635860998816,1.17497488347692,58.23847489632371
2,614,97.54700000000001,417.67199999999997,4.089999999999989,2.2379104326675723,0.002649907783610262,0.0002439673300168168,1.18567523279294,58.76884540363096
3,2,0.0,116.032,4.179999999999987,2.748588125625518,0.003046795519960292,0.00023558683240478717,1.89105229539079,100.45351791563915
3,4,1032.437,994.8600000000001,3.9999999999999916,5.4990244963437185,-0.000350117052522918,0.00015666102310347895,1.88063702768686,99.900254379013
3,6,1044.844,952.172,3.9899999999999918,5.342691310309323,-0.00035331942976391667,0.0001577582841176148,1.88066267170114,99.90161660017114
3,8,1068.016,945.2339999999999,3.9899999999999918,5.313007062861189,-0.0004084862744858838,0.00015691136034419809,1.88077090098334,99.9073657865712
3,10,1076.359,936.469,3.9899999999999918,5.302694288478264,-0.0004653527007905626,0.0001564561915297762,1.87945087282851,99.83724531860553
3,12,1068.969,928.6880000000001,3.9899999999999918,5.252665166411141,-0.00046086731921397183,0.00015715401758072776,1.88070035171174,99.90361817867274
3,14,1069.844,920.1089999999999,3.9899999999999918,5.196989480800763,-0.000318442791764109,0.0001553582698997594,1.87993525235661,99.86297576917136
3,16,1069.031,912.844,3.9899999999999918,5.23421651101858,-0.0003181954473920118,0.00015582247276626796,1.88150881240388,99.94656396119812
3,18,1074.141,904.719,3.9899999999999918,5.181522888138467,-0.0004906294185970236,0.0001574135420778094,1.86969078703858,99.31878532934633
3,20,1077.078,905.3600000000001,3.9899999999999918,5.20580075944482,-0.0005474507827889005,0.00015759854068543772,1.8700523801392,99.33799331164263
3,22,1077.0929999999998,904.078,3.9899999999999918,5.212511867138989,-0.0005781999099427701,0.00015768239718973948,1.87004423941886,99.33756087304828
3,25,1020.1560000000001,825.406,3.979999999999992,4.863025925242052,-0.00044183769413469123,0.00012112678180991449,1.85965189877664,98.78551523188162
3,27,1080.3290000000002,885.406,3.9899999999999918,5.187692348455098,-0.0006566487035953975,0.0001560297402974025,1.85907465608622,98.75485184986668
3,29,1074.8600000000001,894.2649999999999,3.9899999999999918,5.143005873434582,-0.0006920433624635179,0.00015777417628779606,1.85900845777092,98.75133536665352
3,31,1081.437,893.469,3.9899999999999918,5.186339971613833,-0.0007370374553524148,0.00015688928361742206,1.8593622586957,98.77012942519043
3,33,1063.422,890.578,3.9899999999999918,5.0976737364233635,-0.0006611560151940685,0.00015436646809616024,1.8587355450601,98.73683812511632
3,35,1064.531,889.9379999999999,3.9899999999999918,5.082940336390706,-0.0007245732403524101,0.0001555354233248559,1.84781729132214,98.15685575226132
3,37,1059.516,892.1400000000001,3.9899999999999918,5.073381914443985,-0.0008096482644557866,0.00015648773379533986,1.8485252916137,98.19446503474695
3,39,1059.2649999999999,879.5160000000001,3.9899999999999918,5.094253749444931,-0.0007465564672901084,0.00015304155485977577,1.84837895185003,98.186691403046
3,42,1044.531,1035.578,3.9599999999999924,5.583647398760043,0.0014165248571459785,0.00011808486022177394,1.88078054376098,99.90787801510066
3,46,1138.656,965.703,3.9899999999999918,5.65165693122357,0.0010544170142474485,0.00014478708804226628,1.88147215974436,99.94461695603135
3,50,1146.688,942.344,3.9899999999999918,5.601296862129839,0.0009215296043667595,0.00014623298728210266,1.88109543132448,99.92460497901308
3,54,1121.172,939.219,3.9899999999999918,5.627849155270226,0.0009450553188451626,0.00014661467046736914,1.871008964978,99.38880751306714
3,58,1111.9379999999999,947.7810000000002,3.9899999999999918,5.590654464835556,0.0009433191038129092,0.00014817245243278423,1.87019951519414,99.34580918956073
3,62,1127.094,947.031,3.9899999999999918,5.655752199266292,0.0009349834164277999,0.00014619994850938276,1.8706715362801,99.37088315432128
3,66,1105.4370000000001,944.0939999999998,3.9899999999999918,5.475811359447931,0.0009450159675836094,0.00014522388001975408,1.85961246440202,98.78342046080256
3,70,1105.797,943.4369999999999,3.9899999999999918,5.533652707471546,0.0009435054925173683,0.00014604729606623363,1.86003390971835,98.8058078187501
3,74,1093.25,938.2970000000003,3.9899999999999918,5.469309370158793,0.0009679728306189662,0.0001425032957214322,1.85916531091608,98.75966747373796
3,78,1093.625,939.047,3.9899999999999918,5.409878038070676,0.0009653701402490754,0.00014318331897815887,1.84813981787783,98.1739885027512
3,82,1090.3600000000001,946.578,3.9899999999999918,5.380825540394202,0.0009565970126868568,0.0001425432031441844,1.84920170212616,98.23039625446908
3,86,0.0,0.0,,,,,1.88346774379508,100.05062324611636
3,90,1111.1399999999999,922.0160000000001,3.9899999999999918,5.487796421137357,0.001005671533568798,0.00013040658217820672,1.86282111179058,98.95386520139344
3,94,1107.937,912.4380000000001,3.9899999999999918,5.436045296734967,0.0009888426563347855,0.00012867260823426653,1.85208503965235,98.38356039411237
3,98,1098.078,915.3590000000002,3.9899999999999918,5.391769613035962,0.0009679043672398847,0.0001266535629862946,1.84695046482087,98.11080955264678
3,102,1084.1399999999999,920.4380000000001,3.9899999999999918,5.387872971652875,0.0009777748914860259,0.00012598380527002734,1.83682843116902,97.57312273601715
3,106,1088.765,915.1099999999999,3.9899999999999918,5.43332453044135,0.0010515506318378174,0.00012421164122258414,1.83716196196723,97.5908400366413
3,110,1082.5,914.9060000000002,3.9899999999999918,5.304507185739677,0.0009875160612977155,0.00012491317618828061,1.83167225837189,97.29922460125108
3,114,1073.359,915.344,3.9899999999999918,5.33154358194675,0.0009890276608129555,0.00012409709519282624,1.82114709513178,96.74012336609094
3,118,1060.9540000000002,917.0619999999999,3.9899999999999918,5.287013807499893,0.000998447955274024,0.00012272324085345934,1.81650609151151,96.49359124138364
3,122,1053.907,914.2500000000002,3.9899999999999918,5.301632673659029,0.0009906037305879149,0.00012244226263610734,1.81138156015046,96.22137391342224
3,126,1060.063,909.297,3.9899999999999918,5.252346404523379,0.0010453538106442793,0.00012182554646778853,1.81160563339396,96.233276781278
3,130,1065.2350000000001,902.172,3.9899999999999918,5.249316328317409,0.0009992494096555842,0.00012239598635310886,1.80605489555574,95.93841918044076
3,134,1058.656,904.3130000000001,3.9899999999999918,5.197607904372088,0.0009944204990617995,0.000122136438205125,1.81320418269941,96.31819241353496
3,136,1055.719,950.2660000000001,3.9899999999999918,5.328917165746049,0.0015503581949732742,0.00011849611869047562,1.80626419382835,95.94953719543624
3,140,1055.5149999999999,908.1410000000001,3.9899999999999918,5.223522328152846,0.001003973893967352,0.0001215394877026957,1.79583102499005,95.3953227427902
3,144,1038.688,909.9369999999999,3.9899999999999918,5.193693044364579,0.001022227204173751,0.00012083166159013131,1.78588526003905,94.86699939598208
3,148,1029.297,912.6869999999999,3.9899999999999918,5.113653674404787,0.0010366771284598972,0.00012007646177710877,1.78032686045028,94.57173479963342
3,150,1018.2349999999999,964.0470000000003,3.9999999999999916,5.217298208011908,0.0015537397466003583,0.00011297798420993244,1.81507568995756,96.41760769059738
3,154,1111.187,875.094,3.9899999999999918,5.286599139784961,0.0010053699589152383,0.00012828390144459557,1.81570251548458,96.45090493439226
3,158,1088.828,887.6090000000002,3.979999999999992,5.229208929193913,0.001035518662150201,0.00012546254014523,1.80024321780567,95.6297003383392
3,162,1063.5,892.7339999999999,3.9899999999999918,5.172949107657239,0.001053765192876029,0.00012328705356803434,1.79044762056093,95.10935396520227
3,166,1052.984,890.8119999999999,3.9899999999999918,5.227345456792385,0.001053139383585624,0.00012218309468850738,1.78034303230013,94.57259385530976
3,170,1038.75,895.547,3.9899999999999918,5.143013625198613,0.001062833244831121,0.00012131724551490625,1.77532876959681,94.30623404626093
3,174,1035.7179999999998,892.5790000000002,3.9899999999999918,5.1073837097369434,0.001051716534123113,0.00012105211110085034,1.77026297347329,94.0371367595855
3,178,1022.8589999999999,894.5630000000001,3.9999999999999916,5.0087190614363415,0.0010253971199248807,0.00012110210709998558,1.7600810618542,93.49626919937222
3,182,1018.2189999999946,893.0620000000054,3.9899999999999918,5.027024382924651,0.0010449518589355881,0.00012043692570876383,1.74964759353769,92.9420388383138
3,186,1010.297,894.828,3.9899999999999918,4.990358970105113,0.0010229711415709651,0.0001203002872253545,1.74965007505931,92.94217065781828
3,190,998.1719999999999,897.469,3.9899999999999918,4.976495683167201,0.0010699897393161258,0.00012005320951070698,1.74502873921468,92.69668329388116
3,194,1000.594,889.5149999999999,3.9999999999999916,4.915117843817576,0.0010713210758856642,0.00012008827274997547,1.73964574552867,92.41073633514534
3,198,996.0939999999999,886.531,3.9899999999999918,4.863820052224348,0.0010591639894001815,0.00012028300111431178,1.7285642277718,91.82208130681248
3,202,983.0,886.047,3.9899999999999918,4.843140105504666,0.0010345449605035258,0.00012021173592497091,1.72390032458842,91.5743327473832
3,206,973.532,889.6089999999999,3.9899999999999918,4.828548005735978,0.001058785343703826,0.00012019347521927713,1.71397887764852,91.04730118386937
3,210,964.734,885.4839999999999,3.9899999999999918,4.823754514764751,0.0010899404653142851,0.00012022172424240512,1.71397019970046,91.04684020750553
3,214,965.344,879.5929999999998,3.9899999999999918,4.8306070378025865,0.001073209769483364,0.00012045955465105369,1.70365211736388,90.49873919973382
3,216,965.656,870.1880000000001,3.9899999999999918,4.783479114695606,0.0009209925652968555,0.00012132978203882586,1.70401374743825,90.51794914609178
3,220,950.3749999999999,879.6870000000001,3.9899999999999918,4.706202603910025,0.001040327862902875,0.00012090991767481152,1.6935716157343,89.96325858213598
3,224,943.079,874.828,3.9899999999999918,4.7511105505452065,0.001056589981408177,0.00012111189496674705,1.68765773638777,89.64911074691454
3,228,929.6569999999999,877.8120000000001,3.9899999999999918,4.63240887003624,0.0010611282261030744,0.00012143766566960457,1.68307443565832,89.4056438247883
3,232,922.8429999999998,873.578,3.9899999999999918,4.6209937946622865,0.0010696164672891692,0.00012175885662055777,1.67792701420255,89.13221056506995
3,236,917.6399999999999,870.203,3.9999999999999916,4.6084081050652514,0.0010798032121728698,0.00012211095344938345,1.67320602759662,88.88142970948275
3,240,909.656,868.594,3.9999999999999916,4.578831416049827,0.0010717205961537823,0.00012251499034388855,1.6674367208254,88.57496163215028
3,244,904.032,864.203,3.9999999999999916,4.557437390661352,0.0010761246670527287,0.00012293662746772725,1.66226626306675,88.30030467403411
3,248,894.1410000000001,866.1089999999999,3.9999999999999916,4.568523352180311,0.0010825761421643602,0.00012331968334336542,1.65742430657631,88.04309784572763
3,252,887.6880000000001,864.4679999999998,3.9899999999999918,4.497006031600833,0.0010764014455389669,0.00012378533286043676,1.65253868492873,87.7835715053401
3,256,877.594,866.828,3.9999999999999916,4.514645971895192,0.0010827141867108374,0.0001242475189466595,1.64721746275733,87.5009058762453
3,260,871.8909999999998,860.4680000000001,3.9899999999999918,4.515624581879617,0.001083797688199989,0.00012475232782881656,1.63641368108981,86.92700430940862
3,264,859.922,859.344,3.9999999999999916,4.471572336713415,0.0010780694923831307,0.0001253018639052585,1.63625543120485,86.91859800690037
3,266,852.2499999999999,894.7660000000001,3.9999999999999916,4.604015362808028,0.001738094828304029,0.00012116560987637855,1.64111917921838,87.17696241036246
3,270,859.796,860.0319999999999,3.9999999999999916,4.436497841955745,0.001081441948962437,0.00012561743156300304,1.6315700789657,86.66971006432802
3,274,835.3900000000001,861.2189999999998,3.9999999999999916,4.422086185526645,0.0010993161786145664,0.0001263314289555584,1.62121328298724,86.11955257111292
3,278,822.5160000000001,863.875,3.9899999999999918,4.315062924832173,0.0011213194764919307,0.00012687631658307632,1.61642732147621,85.86532022039283
3,282,822.1409999999998,858.0150000000001,3.9999999999999916,4.3601244579406675,0.0011326150826852929,0.0001272695067388523,1.61582351016192,85.83324550155743
3,286,828.7339999999999,853.125,3.9999999999999916,4.35473546421931,0.001130719377581288,0.00012741398941662894,1.61672418029789,85.88108948972226
3,290,824.781,851.922,3.9999999999999916,4.377251996709308,0.0010973516346563534,0.000128014600787284,1.610865586373,85.56987844007078
3,294,812.0,850.797,3.9999999999999916,4.304528653014202,0.0011111708519428918,0.00012848530899489148,1.60066033743094,85.027771191142
3,298,794.1869999999999,851.1100000000001,3.9999999999999916,4.281201287223503,0.001061592269444949,0.00012940159795632748,1.59591744870057,84.77582688520748
3,302,786.438,855.8589999999999,3.9999999999999916,4.259172082847652,0.0011702209811549095,0.00012924753330340714,1.59621795194622,84.79178974791847
3,306,787.9530000000001,848.7819999999999,3.9999999999999916,4.266729137409509,0.001146683334159584,0.00012964354333909556,1.5958065114634,84.76993385106519
3,310,794.125,840.953,3.9999999999999916,4.309620304494597,0.0011230644848624293,0.00013006416667530964,1.59065078214807,84.49605927424464
3,313,794.125,840.953,3.9999999999999916,4.309620304494597,0.0011230644848624293,0.00013006416667530964,1.68882111618555,89.71090998622898
3,316,820.062,900.031,3.9999999999999916,4.571324654830494,0.0018057807914034507,0.00012215916384717828,1.62599382797332,86.37349719367897
3,320,846.062,862.094,4.009999999999991,4.424320748369389,0.0011070350947898365,0.00012660792383267026,1.61574338628129,85.82898928627563
3,324,829.3280000000001,861.204,4.009999999999991,4.335537577682949,0.0010881509138950952,0.00012746974897956262,1.60566267648465,85.2934976107533
3,328,813.968,853.8910000000001,3.9899999999999918,4.323310350534349,0.00108227905216039,0.00012829585042028105,1.59497469215243,84.72574724857897
3,332,798.579,852.796,3.9999999999999916,4.323091856138905,0.0011202104419868763,0.00012904229624227022,1.59041024388719,84.48328177752624
3,336,789.5780000000001,850.875,3.9999999999999916,4.284062380748264,0.0011185889652543456,0.00012957023812370223,1.58535170629882,84.21457006738538
3,340,783.75,851.0160000000001,4.009999999999991,4.218722729623174,0.0011292734088783568,0.00013008961505702732,1.57997371472424,83.9288888229777
3,344,773.797,848.2189999999998,3.9999999999999916,4.237776234985436,0.0011295926110630632,0.00013054611876153527,1.57521854652781,83.67629222648154
3,348,769.375,845.671,4.009999999999991,4.147756682665943,0.0011348130445300655,0.00013112986448295675,1.56979848464887,83.38837618926404
3,352,764.0160000000001,841.359,3.9999999999999916,4.178591451969652,0.0011446127760731384,0.00013160649213530664,1.57025653759504,83.41270816038221
3,356,756.6880000000001,840.9999999999999,4.009999999999991,4.163061697867292,0.0011522670801670716,0.00013206572333698488,1.56524987390944,83.14675201444969
3,360,749.156,841.219,3.9999999999999916,4.139368910447054,0.0011362772838823072,0.00013214006234149795,1.55963393356115,82.8484308280049
3,364,747.1410000000001,839.453,4.009999999999991,4.074959960052379,0.001142600261654825,0.00013278376175387204,1.56498205333921,83.13252526962864
3,367,751.469,869.671,3.9999999999999916,4.337796192581671,0.0018074072206212377,0.00012763710608365079,1.57497949984227,83.66359396289195
3,371,771.4839999999999,841.828,4.009999999999991,4.187892067304354,0.0011318469031573084,0.0001318418883382945,1.56528111687805,83.14841165448959
3,375,761.7660000000001,837.4679999999998,3.9899999999999918,4.110987606692543,0.0011282334804517285,0.00013229770838153857,1.55975549747013,82.85488835556158
3,379,744.063,833.3280000000001,3.9999999999999916,4.077636705006537,0.0011512998400792628,0.00013342503470294983,1.5498976856705,82.33123711829187
3,383,731.3589999999999,839.782,3.9999999999999916,4.1229396662802,0.001141003384210154,0.00013382852730157088,1.5438771531345,82.01142381939957
3,387,726.8589999999999,832.688,4.009999999999991,4.036332598841202,0.0011842206866855766,0.00013438497183104975,1.54501874886901,82.07206587982726
3,391,732.25,826.8899999999999,3.9999999999999916,4.024319539992597,0.0011726952466006857,0.00013450986588756244,1.54459401541029,82.0495038543302
3,395,724.062,827.2660000000001,4.009999999999991,4.082843106330824,0.0011623671147790234,0.00013527854521477436,1.53430867217589,81.5031419618624
3,399,708.719,824.9369999999999,4.009999999999991,3.982178050990129,0.0011663587264154846,0.0001359109504866553,1.52876039429585,81.20841503507037
3,403,701.328,824.938,4.019999999999991,3.971829260160053,0.0011996762149334393,0.0001363033049090541,1.52892602491798,81.21721340553746
3,407,703.6410000000001,822.1869999999999,3.9999999999999916,3.9396276866241706,0.0011883122137521136,0.00013650110636505896,1.52909165013312,81.22601148878292
3,411,706.4220000000001,822.2969999999998,4.009999999999991,3.996825735783329,0.001152325885107399,0.00013647277440549272,1.52390593246612,80.95054391771832
3,415,696.593,822.6719999999999,3.9999999999999916,3.9844327197328973,0.0011660569869039448,0.00013716028365775063,1.51866754191006,80.67227833994721
3,419,679.312,824.828,4.009999999999991,3.9517091494063443,0.001159707073900468,0.00013794744447470333,1.5136482266427,80.40565013650571
3,423,671.1089999999999,819.672,4.009999999999991,4.004703576610648,0.0012017338488430132,0.00013841214932470384,1.5136050185229,80.40335490244634
3,427,678.844,818.4369999999999,4.009999999999991,3.92431522130396,0.0012009412113963389,0.0001385206694635362,1.5139470614868,80.42152437300291
3,431,683.4689999999999,814.7030000000001,3.9999999999999916,3.904330787789629,0.0011975612970515836,0.00013863674455581206,1.53395991931588,81.48461605871495
3,433,709.3439999999999,856.9840000000002,3.9999999999999916,4.184889363757321,0.0015604431088122978,0.00013218572348726882,1.53913727986531,81.75963969607048
3,437,716.515,821.204,3.9999999999999916,4.00999229968652,0.0011494510101091359,0.000136331114853229,1.52362479728387,80.93560989493338
3,441,688.563,824.312,3.9999999999999916,3.9253016462357273,0.0011320825350813366,0.0001373552483793246,1.51358130355891,80.40209515327608
3,445,673.0939999999999,822.015,4.019999999999991,3.9027010728531373,0.0011706045230626824,0.00013837642020081184,1.50778507498479,80.09419697809993
3,449,661.031,822.5780000000001,4.019999999999991,3.8679754986537986,0.001184703056578814,0.00013906195296890981,1.50319606760373,79.85042691616567
3,453,653.8439999999999,820.3910000000001,4.019999999999991,3.8470608415929206,0.0011893258040870929,0.00013965697858537738,1.49782205969959,79.56495728605914
3,457,645.703,817.5780000000053,4.009999999999991,3.824688767335573,0.0012020423998175165,0.00014026712879996445,1.49284853463352,79.30076147796538
3,461,638.797,814.9380000000001,4.019999999999991,3.8143931712244843,0.0012003349270568442,0.00014087412505313157,1.49241438986703,79.2776995197187
3,465,626.0,813.563,4.009999999999991,3.8259215214833624,0.0012165787225048136,0.00014147134642937857,1.48748277653808,79.01573008127421
3,469,623.7660000000001,815.1560000000001,4.019999999999991,3.83868750046582,0.0012091721790656305,0.000141808329430978,1.48253514864041,78.7529099419952
3,473,618.6560000000001,810.61,4.009999999999991,3.7361055905608076,0.0012189573555059603,0.00014232660519107924,1.4827874322229,78.76631135529045
3,477,613.7500000000053,808.7969999999914,4.009999999999991,3.7677506343592846,0.0012314369637100504,0.00014289732129802943,1.47697117977506,78.45734950325969
3,481,608.313,805.64,4.009999999999991,3.729634321834242,0.0012345098942770152,0.00014332270558600792,1.48190155541373,78.71925319505982
3,483,598.406,848.1099999999999,4.019999999999991,3.9750913197994393,0.0019189932115093906,0.00013713955556828272,1.49813661988748,79.58166685963718
3,485,651.031,787.328,4.009999999999991,3.7309667590222446,0.0004794152496977422,0.00014623805559680717,1.48207752143929,78.72860058663869
3,489,615.297,814.625,4.009999999999991,3.8409630761654974,0.0011995381407434657,0.00014265585340810045,1.47711553128122,78.46501751785956
3,493,606.453,810.4839999999999,4.009999999999991,3.7692889848930378,0.0011773777941912393,0.00014330546917493546,1.47207727830565,78.19738333514631
3,497,600.812,808.0939999999999,4.019999999999991,3.7172369383049784,0.001228842429892724,0.00014365943912219363,1.47224801365645,78.20645287101384
3,501,603.641,803.4060000000001,4.019999999999991,3.70836492103626,0.0012392331810869934,0.00014406681595349746,1.46701066722747,77.92824275772597
3,505,600.875,802.75,4.019999999999991,3.7614484759650075,0.0012253936200038197,0.00014451319777473081,1.46176724953354,77.6497101362114
3,509,585.9849999999999,800.562,4.019999999999991,3.698521823300151,0.0012197923558778865,0.0001453920784148637,1.45669526704897,77.38028422735451
3,513,575.797,798.203,4.019999999999991,3.695145089948973,0.00123809334562386,0.0001461353988946208,1.45135497275896,77.09660547904922
3,517,563.422,799.0619999999999,4.019999999999991,3.6421933687161,0.0012760070138043338,0.0001465890339228443,1.45161592625737,77.11046744203753
3,521,568.0,797.8910000000001,4.0299999999999905,3.6313005191691268,0.0012367237322292355,0.00014683679546264363,1.44681613321737,76.85550035450103
3,525,563.4839999999999,792.922,4.0299999999999905,3.623834904690206,0.0012646288308332096,0.00014738741994525917,1.44675706077688,76.85236240084764
3,529,553.265,793.344,4.019999999999991,3.6052062866165837,0.0012571737067758844,0.00014790458778074543,1.44137974814468,76.56671722215358
3,533,538.172,795.2349999999999,4.0299999999999905,3.607042180701452,0.001278334950996383,0.00014863956394166634,1.43624562522082,76.29399038621672
3,537,535.75,790.4220000000001,4.009999999999991,3.5823369083817713,0.001316921488131984,0.00014911435559940617,1.43681541539248,76.32425788720361
3,541,540.609,788.2189999999999,4.019999999999991,3.6085940176391205,0.0012841785123173508,0.0001492011999346792,1.436294514586,76.29658741049414
3,545,538.14,785.9380000000001,4.0299999999999905,3.542461299850565,0.001286375303625019,0.00014951929821623198,1.4418575315878,76.59209728582513
3,548,489.53100000000006,839.4689999999999,4.0299999999999905,3.8668874813404113,0.0021821784976323124,0.00014221730882524146,1.46720634847818,77.93863743061358
3,552,586.219,802.718,4.019999999999991,3.7015408381770065,0.0012306572151453,0.00014541393004135575,1.45186403678489,77.12364718084329
3,556,570.047,800.7959999999999,4.019999999999991,3.659868501005107,0.0012347225003613788,0.000146702785252734,1.44713797527485,76.8725967441492
3,560,553.125,793.235,4.009999999999991,3.604704822012513,0.0012617851734657514,0.0001478966174367414,1.4417905865624,76.58854113704766
3,564,540.328,791.64,4.0299999999999905,3.6174794616925006,0.0012873876653920109,0.00014876024162461502,1.43163094791111,76.04885672654179
3,568,535.063,789.0,4.019999999999991,3.5602952798498464,0.0012896648128878543,0.0001493942237841683,1.43180842496737,76.05828438472663
3,572,532.8430000000001,789.4529999999999,4.0299999999999905,3.55230684623708,0.001288384561211377,0.00014972009959524416,1.42625625851069,75.76335089505734
3,576,523.719,789.0630000000001,4.0299999999999905,3.546358015508293,0.001309616113515816,0.00015044114644910018,1.42608775289249,75.75439980355237
3,580,517.828,784.4060000000001,4.0299999999999905,3.499921906914274,0.0013155650568576972,0.00015114038208207469,1.42126335100317,75.49812548326929
3,584,513.0620000000001,784.1879999999999,4.0299999999999905,3.4844895256854187,0.0013090542087765115,0.00015139924377136944,1.41632727487951,75.23591897923467
3,588,510.09299999999996,777.266,4.0299999999999905,3.4874220651850294,0.0013345246966540369,0.0001519987229443446,1.4165781829176,75.24924732301496
3,592,507.985,780.125,4.019999999999991,3.5690492557745177,0.0013216467145119853,0.00015213436705817235,1.41084017294252,74.94444174506414
3,596,500.39099999999996,777.906,4.0299999999999905,3.494523599551009,0.0013340401805335413,0.00015285898358476143,1.41099496283478,74.95266425125988
3,600,494.968,779.9069999999999,4.03999999999999,3.428335311309933,0.0013347053726507408,0.00015319036123277827,1.40617142903988,74.69643604452878
3,604,490.312,774.7499999999999,4.019999999999991,3.4277540000839988,0.001358736910969955,0.00015376520023964254,1.40633584796929,74.7051700493532
3,608,490.14099999999996,772.578,4.0299999999999905,3.4485931506987093,0.0013469137156665258,0.000154020048058098,1.40045523990665,74.39278959915883
3,612,485.0,772.719,4.0299999999999905,3.403861531820226,0.0013599701617153118,0.00015447454358906472,1.42178650460552,75.52591562947222
3,614,492.96900000000005,814.7189999999999,4.0299999999999905,3.652759538031072,0.001708460302968499,0.0001467608848831694,1.43245527206254,76.09264518290325
4,3,0.0,86.51599999999999,4.179999999999987,2.727682528824682,0.003436625951180191,0.00027211932266010645,1.85500452079108,100.8025811041783
4,7,899.453,1073.781,4.009999999999991,5.555215053231521,0.0014481081467691227,0.00012391887107001415,1.843195531709,100.16087022619236
4,11,958.656,970.4849999999947,3.9999999999999916,5.352132664571151,0.0008565326387207301,0.00012984805932795567,1.83960184243554,99.96558598273582
4,15,953.328,968.1089999999999,3.9999999999999916,5.219340988398823,0.0008535025000023966,0.00012909327887386103,1.83067360449621,99.48041766162956
4,18,918.9070000000002,1031.3899999999999,4.009999999999991,5.3005409411271245,0.0015210398460976434,0.0001205926873618763,1.83270020694197,99.59054502526398
4,20,977.4849999999999,848.6400000000001,3.9899999999999918,4.749354400277749,-0.0013559577493867108,0.00014866053051295703,1.82852888460464,99.36387169185286
4,22,977.843000000008,846.7350000000006,3.9899999999999918,4.7509271292984145,-0.0014041931034574026,0.00014947400893332747,1.82120118956979,98.96567828327716
4,24,968.1719999999999,841.422,3.9899999999999918,4.772712519171993,-0.0013751720216095711,0.00014812839208382895,1.81517001064333,98.63793870309058
4,27,949.2819999999999,844.9060000000002,3.9999999999999916,4.631210827926292,-0.0014047509996731279,0.00014886645776274077,1.80429805209676,98.04714689052696
4,30,907.344,1021.719,4.009999999999991,5.159409230653754,0.001481243466376453,0.00011731966879486788,1.82310023028442,99.06887382997856
4,32,964.969,849.078,3.9999999999999916,4.662543311891184,-0.0013805828677381734,0.00014896074742116785,1.81212535202555,98.47248926951052
4,34,964.9850000000001,836.8899999999999,3.9899999999999918,4.682012187891566,-0.001374582729375589,0.0001485390319920009,1.80469163821178,98.068534707018
4,36,948.5939999999999,838.0780000000002,3.9899999999999918,4.61941981028642,-0.0013917817421149857,0.00014787365675937103,1.79084434978629,97.31606084566693
4,39,934.2649999999999,838.656,3.9899999999999918,4.585435949127007,-0.0013864931005750903,0.00014702787296017156,1.78347072284193,96.91537145663308
4,42,932.359,959.156,3.9599999999999924,5.07101172086127,0.0013896725858466624,0.00012051386435513043,1.78093861253107,96.77777434993364
4,44,928.75,833.7350000000001,3.9899999999999918,4.5885353909524085,-0.0013703973146784187,0.00014795659168842696,1.7712090396727,96.24906078283864
4,46,931.0630000000001,827.531,3.9899999999999918,4.554483352146001,-0.0013570995739101087,0.00014802884748981853,1.76863039967071,96.10893521170082
4,48,919.188,823.578,3.9999999999999916,4.448277425046303,-0.0014238379833761926,0.00014830167996992904,1.75363048019171,95.29382636269746
4,51,901.765,824.4070000000002,3.9999999999999916,4.453873049071017,-0.0013756833908327559,0.00014723045912469568,1.74621974164151,94.89112029628322
4,54,912.719,905.422,3.9999999999999916,4.823311103578263,0.0008910371237695025,0.00012514735861312952,1.73766473370537,94.42623362260446
4,56,867.9060000000001,829.422,3.9999999999999916,4.341163943340565,-0.001495453640078608,0.00015033638236779535,1.73151667354758,94.09214261326034
4,58,857.75,825.719,3.9999999999999916,4.285157053732281,-0.0014541139292843237,0.00014983667895197188,1.70859498944706,92.84655809058668
4,60,847.359,828.1089999999999,3.9999999999999916,4.241491642522902,-0.001383826510950522,0.00014958703251868896,1.71146995706821,93.00278636580364
4,63,836.4220000000065,820.5929999999935,3.9999999999999916,4.223917168888221,-0.0014480352063052139,0.00015002394271619552,1.70750213732726,92.78717154289568
4,66,823.0,975.2189999999998,3.969999999999992,4.853686555179669,0.0015187362220060855,0.00011770739448831338,1.74923820643602,95.05514633441328
4,68,878.4530000000001,824.3589999999999,3.9999999999999916,4.356688698754478,-0.001401230803572779,0.00015055594825286278,1.732769714743,94.16023397654948
4,70,877.094,819.969,3.9999999999999916,4.296807461839997,-0.0014049839391243235,0.00015079485426361706,1.72223133282924,93.58756901230694
4,72,873.4689999999999,811.4839999999999,3.9899999999999918,4.242816898068138,-0.0013555674179166481,0.0001492675349921246,1.71184629898473,93.02323711734508
4,75,856.1879999999999,812.6090000000002,3.9999999999999916,4.245884917473731,-0.0013857981951387506,0.0001497453096031292,1.69926783512669,92.33971230163448
4,78,874.859,879.078,3.9599999999999924,4.597517730009464,0.000930696286771458,0.00012833312829536045,1.69403664392431,92.05544475967478
4,80,829.172,803.25,3.9899999999999918,4.105362253907401,-0.0014221791607470534,0.00015097188649277794,1.68190270787681,91.39607597710202
4,82,817.1099999999999,801.922,4.009999999999991,4.042985972598,-0.001399382648666502,0.00015125445250691136,1.67697706184337,91.12841202900309
4,84,810.438,802.031,3.9999999999999916,4.053686374277518,-0.0014152834267434822,0.00015229922156006847,1.66552293064789,90.50598444143154
4,87,802.7499999999999,798.531,3.9999999999999916,4.028824241667635,-0.0014273653758202747,0.00015271106764024042,1.65719245758321,90.05329919062662
4,90,825.265,853.547,4.009999999999991,4.3812899927291475,0.0009575004526786875,0.00013072641620025138,1.6482241555294,89.56595375021743
4,92,774.7499999999999,786.375,3.9999999999999916,3.9230350079450496,-0.0015216237495939257,0.00015503694957375876,1.63877014979873,89.05221474379236
4,94,758.484,787.375,3.9999999999999916,3.8814505708673614,-0.0015638863532118012,0.0001566880809295662,1.62764869072621,88.4478648526792
4,96,744.6880000000001,783.172,3.9999999999999916,3.91602617510366,-0.0014351032866296574,0.0001554097881441718,1.62215370227252,88.14926233550939
4,99,743.9679999999998,779.0160000000001,4.009999999999991,3.7844759627841285,-0.0015271738159621977,0.0001575479656790083,1.61400665104676,87.70654438914323
4,102,720.422,927.406,4.019999999999991,4.485687384594197,0.001589028331213816,0.00012566349884394085,1.67605161544246,91.07812245566797
4,104,792.391,804.1089999999999,3.9999999999999916,4.0684093986846825,-0.001580234179438277,0.00015861317389113895,1.6493006425522,89.62445100410937
4,106,773.329,792.0780000000002,3.9999999999999916,3.998341077207712,-0.0014918482325216348,0.00015651461304341308,1.63238299185809,88.70513095013024
4,108,746.672,787.1410000000001,3.9999999999999916,3.7958045181472855,-0.0016095556532699723,0.00015910693034903523,1.61641597190258,87.83746900859978
4,111,725.4209999999999,781.7660000000001,4.009999999999991,3.7791563927758567,-0.0016341253886949245,0.00016033690823004785,1.61090283782494,87.53788044222665
4,114,732.9839999999999,842.234,4.009999999999991,4.084079136871281,0.0010005529378653186,0.0001364405577066033,1.59546386936957,86.69891328476463
4,117,0.0,0.0,,,,,1.72670744008576,93.83080462693712
4,119,888.109,810.469,3.9999999999999916,4.3241109144058925,-0.0011805993677323134,0.0001636019854958515,1.71656739174298,93.27978546012802
4,121,869.86,806.1399999999999,3.9899999999999918,4.320834926354436,-0.0012469667651034953,0.0001609451486073369,1.69582355709348,92.1525471966999
4,123,845.891,803.406,3.9999999999999916,4.215362880227275,-0.0013197409371180548,0.00015846187754115477,1.67777831907926,91.17195305362098
4,125,826.578,797.094,3.9999999999999916,4.18602920609985,-0.001419248341354369,0.00015771671291967674,1.66065868977742,90.2416573040256
4,128,840.4369999999999,888.5630000000001,3.969999999999992,4.615090922617478,0.0015865644137678936,0.00012825176740489675,1.66641092748275,90.55423897233052
4,130,829.281,783.0,3.9999999999999916,4.08961163223098,-0.00134313345385313,0.00015647426739454702,1.64683361744078,89.49039068452917
4,132,803.9530000000001,788.1089999999999,3.9999999999999916,4.066802193845589,-0.0014850347131370163,0.00015846158301142423,1.625763992878,88.3454487099843
4,134,783.1569999999999,781.1869999999999,4.009999999999991,3.9468597724036485,-0.0013770811236336346,0.00015710760203498916,1.61215774118746,87.60607299731777
4,136,767.422,777.578,3.9999999999999916,3.915839418088666,-0.0015113398587206534,0.00015999394005079823,1.60573668237553,87.25714700042141
4,141,0.0,0.0,,,,,1.67364531487989,90.9473619616094
4,143,805.328,787.5160000000001,3.9999999999999916,4.125019270387735,-0.0013623192442890717,0.0001609051492419238,1.64043485723499,89.1426764135498
4,145,778.4850000000001,786.047,4.009999999999991,3.9222420614979114,-0.0014281500380486287,0.00016062064768632516,1.61326533174221,87.66626044455795
4,147,759.1880000000001,773.5,3.9999999999999916,3.836199129079997,-0.0015002674953514211,0.00016219672071674638,1.59209643246863,86.51592379470374
4,150,734.5619999999999,769.0630000000001,4.019999999999991,3.7707594052466966,-0.0015046735678669579,0.00016326153657612592,1.58660118206988,86.21730704320841
4,153,748.9849999999999,828.375,3.9999999999999916,4.150342386240361,0.0011657576868834767,0.0001376137594275342,1.58007664903363,85.8627581657356
4,155,703.781,760.1570000000002,4.009999999999991,3.6717185605745613,-0.0015377296546441504,0.00016494358576929884,1.56417329532892,84.99855590440428
4,157,690.719,752.0930000000001,4.009999999999991,3.6137486550727225,-0.0015969183389838994,0.00016727354238227127,1.55561827219392,84.53366840480606
4,159,676.25,750.75,4.009999999999991,3.612974724184628,-0.0015752833334442002,0.00016740248089011666,1.54020452786374,83.69607194854545
4,162,666.8130000000001,745.4839999999999,4.019999999999991,3.5063325060869204,-0.0016176597291939292,0.000169389360072581,1.53216130159599,83.25899594193369
4,165,669.484,810.0790000000001,4.009999999999991,3.925700737228606,0.001185117317522602,0.00014358296935580242,1.53162324036934,83.22975722050174
4,167,648.8600000000001,730.7339999999999,4.009999999999991,3.3787235014973476,-0.0017778044090896647,0.0001729625633422542,1.5222595950772,82.72092847997168
4,169,634.484,726.703,4.019999999999991,3.3649019191131373,-0.0017332339108546019,0.00017347981108483513,1.50652671268513,81.86598978006339
4,171,623.0000000000001,725.1249999999999,4.009999999999991,3.302389467480136,-0.001735584239909006,0.00017522488894642935,1.50142195565329,81.58859278240016
4,174,618.828,710.5,4.009999999999991,3.308816503160436,-0.0018363455300877058,0.00017738408000024858,1.49635341174865,81.31316363799587
4,177,556.141,827.859,4.0299999999999905,3.9401392393639725,0.0019168475790003485,0.00014398893688426717,1.53342620003124,83.32773163808899
4,179,648.7339999999999,729.3130000000001,4.009999999999991,3.4402903589167124,-0.001788745737739926,0.0001755402303159942,1.52384526751443,82.80709531820148
4,181,631.75,720.766,4.009999999999991,3.3295960888664276,-0.001808649185291598,0.00017654404067745467,1.50119209942612,81.57610219236552
4,183,622.562,708.7040000000001,4.0299999999999905,3.2753762407219504,-0.001837190678642793,0.0001788368925484946,1.49241767145029,81.09929204028072
4,185,606.109,706.4689999999999,4.0299999999999905,3.228547964860418,-0.00183550349128836,0.00017984889824647118,1.48332385194012,80.60512587063184
4,188,585.7660000000001,779.469,4.009999999999991,3.6549702475198345,0.001206304010579594,0.00015293733754326348,1.48073767922942,80.4645909654616
4,190,588.25,694.7969999999999,4.009999999999991,3.152018752243084,-0.0019628426221722515,0.00018325977898012025,1.47350778099025,80.07171192098461
4,192,581.921,689.5469999999999,4.0299999999999905,3.1021275978752563,-0.0019047451714692173,0.00018375488604512247,1.46801928526661,79.77346222448996
4,194,578.203,681.281,4.0299999999999905,3.0819428634594352,-0.002055636475855952,0.00018694410456183825,1.4580923557119,79.23402412051846
4,197,567.8910000000001,678.469,4.019999999999991,3.0749204299533517,-0.002068876744551703,0.00018813325070719282,1.44786609888914,78.6783203089025
4,200,534.234,751.5310000000001,4.0299999999999905,3.448499676023424,0.0012832449809345838,0.00015967578776101608,1.4527808777542,78.94539372549075
4,202,545.7499999999999,670.141,4.03999999999999,2.985911736717757,-0.0021186791935211688,0.00019098965971962173,1.44253563644924,78.38865828037459
4,204,544.11,665.265,4.0299999999999905,2.9653721878029238,-0.002057892009611708,0.00019149255713293755,1.43927128772033,78.21127069246836
4,206,541.297,663.0160000000001,4.0299999999999905,2.9797669796200026,-0.002056064921756823,0.00019240281450436255,1.42864756818882,77.6339684068403
4,209,533.953,661.3599999999999,4.0299999999999905,2.919512831983578,-0.0021130031235270163,0.00019416407056754468,1.42490267500049,77.43046760934243
4,212,406.625,779.5929999999998,4.0299999999999905,3.558350998916092,0.002107984650583001,0.00015927033847045328,1.46981153245241,79.8708545166814
4,214,572.75,680.1870000000001,4.019999999999991,3.0611580756631227,-0.002063659697866536,0.00019103862571053502,1.45258196510502,78.93458463676515
4,216,559.984,667.3599999999973,4.019999999999991,3.0114982987956544,-0.0021613493889837787,0.00019437816838005433,1.44283419890879,78.40488242765085
4,218,538.719,663.8429999999998,4.0299999999999905,2.9547079674350414,-0.0021538627722274962,0.00019536637988433535,1.42837605880795,77.61921434771055
4,220,530.172,657.36,4.03999999999999,2.884645991049382,-0.0022639665929182267,0.00019865206254477617,1.41545478443707,76.9170609064971
4,223,394.46900000000005,765.922,4.0299999999999905,3.4594865391603395,0.0021216821048147382,0.00016390946769166253,1.45457667007771,79.04297866359087
4,225,548.188,662.6870000000001,4.019999999999991,2.9655998884534114,-0.0022600667186515257,0.00019642348849024826,1.42831795482741,77.61605692618127
4,227,533.8280000000001,659.5939999999999,4.03999999999999,2.9256741824634958,-0.002163009288795537,0.00019807657110772423,1.41970268832041,77.14789574863566
4,229,525.282,658.8280000000001,4.0299999999999905,2.908673491256941,-0.002187580456708083,0.0001999167414710447,1.41556066303065,76.92281444261894
4,232,519.578,642.375,4.0299999999999905,2.8661347740267757,-0.002230799161133274,0.00020252978743494877,1.40568003541923,76.3858924270674
4,235,475.90700000000004,719.1400000000001,4.019999999999991,3.211289742721558,0.0013061557861067219,0.00017053302657231968,1.40844610711661,76.53620320177981
4,237,512.157,642.172,4.0299999999999905,2.8014184699029663,-0.0023675675153080953,0.00020600143770184353,1.39685477828724,75.9063201738239
4,239,507.04699999999997,632.047,4.019999999999991,2.774760029249517,-0.002328640891729911,0.000206458510735892,1.39356703714407,75.72766142150313
4,241,497.406,629.9379999999999,4.0299999999999905,2.7427760265037406,-0.002219840058578574,0.00020610681265128224,1.38936442928095,75.49928800503805
4,244,498.35999999999996,619.6250000000001,4.0299999999999905,2.775471056320143,-0.0022347049492410015,0.00020718237987012845,1.37856514156667,74.9124451895705
4,247,433.90700000000004,696.4209999999999,4.0299999999999905,3.081186729315979,0.0013284244572145693,0.000177154065284249,1.38490111008575,75.25674730493446
4,249,487.641,620.344,4.0299999999999905,2.6879019823640036,-0.002299697227015293,0.00020918780437649957,1.37032518142424,74.46467849076038
4,251,482.53200000000004,615.6089999999999,4.0299999999999905,2.702420137792423,-0.002343281344625234,0.00021237503821236518,1.37334643852291,74.62885626516028
4,253,478.703,614.0,4.0299999999999905,2.6849084834899166,-0.002327898257246748,0.00021416181796044713,1.36794872855048,74.33553994642665
4,256,474.07800000000003,608.9999999999999,4.03999999999999,2.695828528079847,-0.0023425716192545572,0.00021365550232377374,1.35671410870896,73.72504079935909
4,259,340.078,767.343,4.04999999999999,3.4328860885724986,0.002203534631174047,0.0001644044854890354,1.46043102091946,79.36110924975578
4,261,558.953,684.11,4.019999999999991,3.0992251609558323,-0.0020676128046604506,0.00019586248768448553,1.45009989371041,78.799706688891
4,263,555.6410000000001,674.0159999999998,4.0299999999999905,3.049469213441963,-0.002031530589100093,0.00019788321108650596,1.43814069018245,78.14983302548104
4,265,551.828,664.063,4.03999999999999,2.9896894963897083,-0.002053278071378896,0.00019882217518939077,1.42836819809643,77.61878718971624
4,267,534.672,661.344,4.03999999999999,2.9361643062402614,-0.002096042970109735,0.00020096021131748654,1.41478745175524,76.88079746021991
4,270,485.03099999999995,735.0790000000001,4.009999999999991,3.2929477661086732,0.0012698090843969558,0.00016922304245789143,1.41388916339318,76.8319836786595
4,272,521.875,643.5160000000001,4.03999999999999,2.8490147435397333,-0.00219762030603132,0.00020428453373797593,1.39893316621772,76.01926160635412
4,274,511.172,644.8280000000001,4.0299999999999905,2.905393312628078,-0.002117468375372721,0.00020477493218309419,1.3953322584034,75.82358510102308
4,276,512.984,639.594,4.03999999999999,2.8222375880449135,-0.0022272807552790783,0.00020756812418468938,1.39004612954025,75.53633219814198
4,279,514.641,628.687,4.03999999999999,2.831354045554228,-0.0022183498037435996,0.00020816749307496463,1.38602714542096,75.31793705780649
4,282,457.1719999999999,707.406,4.019999999999991,3.1858240914120817,0.0013086391370896288,0.00017551046785679102,1.38821526019375,75.43684114368729
4,284,493.7660000000001,630.281,4.03999999999999,2.755461305954203,-0.002445019366712384,0.0002129778823539205,1.37618265623945,74.7829788363973
4,286,482.485,625.343,4.03999999999999,2.727386658927365,-0.0023984611999160006,0.0002136082320396354,1.36471688986402,74.15991898288928
4,288,471.781,615.4379999999999,4.04999999999999,2.696637526838721,-0.0024754384930908107,0.00021670591943101673,1.35898547393736,73.84846878839457
4,291,468.48400000000004,606.328,4.03999999999999,2.6760822594733824,-0.002520003004978587,0.00021855768683167926,1.34623087640088,73.15537271331122
4,294,310.75,739.171,4.04999999999999,3.282833215360995,0.0022480202633832803,0.00017324505984294737,1.42684278184546,77.53589472577204
4,296,523.532,657.0469999999999,4.0299999999999905,2.924698479793758,-0.0022168077755247736,0.0002048369288005372,1.40644814832797,76.42763235972666
4,298,513.75,653.75,4.0299999999999905,2.875602300207621,-0.00210476732372053,0.00020612159598387925,1.39349074920752,75.72351586777258
4,300,516.172,636.703,4.03999999999999,2.832196327193653,-0.002265095158001511,0.00021026737234255833,1.38824935122493,75.4386936803776
4,302,497.39099999999996,637.718,4.0299999999999905,2.847050417446507,-0.0022174525163250196,0.00021003635965779796,1.37018783384209,74.45721490205536
4,305,444.062,705.922,4.03999999999999,3.1503880239953155,0.0013336786364549305,0.00017726247684858717,1.37969516656086,74.97385174402893
4,307,486.57800000000003,626.032,4.0299999999999905,2.7377817312710775,-0.00226449329795884,0.00021235885404932052,1.36865863239357,74.3741167471391
4,309,482.406,623.9689999999999,4.03999999999999,2.7301343247995185,-0.002380666109467008,0.0002162937530826288,1.36273717790964,74.05233968989694
4,311,491.234,627.1880000000001,4.03999999999999,2.7530140040377553,-0.0022885251636763867,0.0002151952171284686,1.36340511339281,74.08863589293038
4,314,492.93799999999993,615.297,4.0299999999999905,2.7138920490921308,-0.0022245211153166466,0.00021415811154681133,1.35186460353052,73.46151441244959
4,317,419.5,693.657,4.0299999999999905,3.081563538495203,0.00135011818270085,0.00018257413367722688,1.35479697296526,73.62086195282473
4,319,475.95300000000003,606.657,4.04999999999999,2.66935211198469,-0.0025541473099186395,0.00022110467826337907,1.34105144064048,72.87391760769836
