tolerance,seed,test_battery,val_battery,train_batteries,bpnn_arch,bpnn_l2,ae_epochs,val_rmse_soh,train_MAE,train_RMSE,train_R2,test_MAE,test_RMSE,test_R2
1,42,B0005,B0006,"['B0007', 'B0018']",[16],0.0,186,8.0511,3.0981,4.3012,0.7213,4.6512,5.8764,0.6318
1,42,B0006,B0005,"['B0007', 'B0018']","[8, 4]",0.0,185,5.7263,2.7405,3.8659,0.7749,7.443,9.201,0.2759
1,42,B0007,B0005,"['B0006', 'B0018']",[8],0.0,110,8.51,4.7512,6.1774,0.7071,4.5916,5.1323,0.5748
1,42,B0018,B0005,"['B0006', 'B0007']",[8],0.0001,156,5.1127,2.2405,2.8299,0.9352,10.9213,13.5358,-1.0851
1,7,B0005,B0006,"['B0007', 'B0018']",[8],0.0,227,8.8732,3.0943,4.3067,0.7206,5.0544,6.3726,0.567
1,7,B0006,B0005,"['B0007', 'B0018']",[16],0.0001,241,5.9887,2.5238,3.484,0.8171,7.2998,9.2101,0.2744
1,7,B0007,B0005,"['B0006', 'B0018']",[16],0.0,40,7.0449,5.8331,7.2018,0.6019,3.2269,3.7096,0.7778
1,7,B0018,B0005,"['B0006', 'B0007']","[8, 4]",0.0,209,4.9189,1.6415,2.1218,0.9636,9.7594,12.5887,-0.8035
1,123,B0005,B0006,"['B0007', 'B0018']",[8],0.0,205,8.5831,4.4061,5.7645,0.4994,6.1088,7.402,0.4158
1,123,B0006,B0005,"['B0007', 'B0018']",[8],0.0001,244,5.9933,2.8826,3.7711,0.7858,10.8886,12.5988,-0.3577
1,123,B0007,B0005,"['B0006', 'B0018']",[16],0.0001,310,7.2644,5.0812,6.5873,0.6669,3.0866,3.5788,0.7932
1,123,B0018,B0005,"['B0006', 'B0007']","[8, 4]",0.0001,187,4.8681,3.3705,4.6342,0.8262,11.0562,13.5858,-1.1005
2,42,B0005,B0006,"['B0007', 'B0018']",[16],0.0,201,8.4024,3.7112,5.0471,0.6198,5.2642,6.6658,0.5267
2,42,B0006,B0005,"['B0007', 'B0018']","[8, 4]",0.0001,199,6.3294,3.1788,4.46,0.7031,7.5276,9.3921,0.2504
2,42,B0007,B0005,"['B0006', 'B0018']",[8],0.0,195,8.8656,5.8519,7.3602,0.5845,4.7273,5.6244,0.491
2,42,B0018,B0005,"['B0006', 'B0007']","[8, 4]",0.0001,157,5.3458,3.9545,5.3857,0.7658,9.0447,11.244,-0.5631
2,7,B0005,B0006,"['B0007', 'B0018']",[8],0.0,36,8.4411,3.7527,5.1015,0.6115,5.356,6.7291,0.5177
2,7,B0006,B0005,"['B0007', 'B0018']","[8, 4]",0.0001,230,6.3207,3.1675,4.4895,0.6991,8.3902,9.937,0.1609
2,7,B0007,B0005,"['B0006', 'B0018']",[16],0.0001,80,6.9025,6.5001,7.9564,0.5144,2.9649,3.4166,0.8122
2,7,B0018,B0005,"['B0006', 'B0007']",[16],0.0,188,4.9954,2.5676,3.2781,0.9133,13.8629,15.9658,-2.1515
2,123,B0005,B0006,"['B0007', 'B0018']",[16],0.0,223,8.5593,2.248,3.003,0.8654,5.7062,6.8465,0.5007
2,123,B0006,B0005,"['B0007', 'B0018']",[16],0.0001,237,6.1967,2.935,4.0696,0.7528,7.2337,8.9472,0.3198
2,123,B0007,B0005,"['B0006', 'B0018']",[16],0.0001,142,7.8413,5.1294,6.6766,0.6581,3.8413,4.3087,0.7013
2,123,B0018,B0005,"['B0006', 'B0007']",[16],0.0001,221,4.801,2.8398,3.6139,0.8946,13.6525,15.5955,-2.007
3,42,B0005,B0006,"['B0007', 'B0018']",[16],0.0,99,7.8311,3.2485,4.5211,0.6906,5.1135,6.5899,0.5383
3,42,B0006,B0005,"['B0007', 'B0018']","[8, 4]",0.0001,147,6.2197,3.1997,4.5193,0.6909,8.3442,9.6751,0.2009
3,42,B0007,B0005,"['B0006', 'B0018']",[8],0.0,98,7.6307,5.7166,7.3991,0.5812,4.164,4.8898,0.6149
3,42,B0018,B0005,"['B0006', 'B0007']",[16],0.0,111,5.634,2.2747,2.9746,0.9284,10.0844,13.6903,-1.1468
3,7,B0005,B0006,"['B0007', 'B0018']",[16],0.0,149,8.3574,2.1806,3.2174,0.8433,5.0707,6.6907,0.524
3,7,B0006,B0005,"['B0007', 'B0018']","[8, 4]",0.0001,167,6.1311,2.9319,4.2702,0.724,8.4609,9.8702,0.1684
3,7,B0007,B0005,"['B0006', 'B0018']",[16],0.0,33,7.4127,5.7625,7.4385,0.5767,3.4696,4.0431,0.7367
3,7,B0018,B0005,"['B0006', 'B0007']","[8, 4]",0.0001,138,5.1979,3.1868,4.2024,0.8571,12.444,15.2766,-1.6731
3,123,B0005,B0006,"['B0007', 'B0018']",[8],0.0,113,8.68,3.5169,4.7015,0.6654,5.7079,7.0229,0.4756
3,123,B0006,B0005,"['B0007', 'B0018']","[8, 4]",0.0001,135,6.4777,2.7163,3.945,0.7644,7.5783,9.2179,0.2746
3,123,B0007,B0005,"['B0006', 'B0018']",[16],0.0,181,8.639,5.1449,6.6548,0.6612,4.846,5.6073,0.4936
3,123,B0018,B0005,"['B0006', 'B0007']","[8, 4]",0.0,173,5.3948,2.7625,3.675,0.8907,10.9569,14.0644,-1.2657
3m,42,B0005,B0006,"['B0007', 'B0018']",[16],0.0,186,8.0511,3.0981,4.3012,0.7213,4.6512,5.8764,0.6318
3m,42,B0006,B0005,"['B0007', 'B0018']","[8, 4]",0.0,185,5.7263,2.7405,3.8659,0.7749,7.443,9.201,0.2759
3m,42,B0007,B0005,"['B0006', 'B0018']",[8],0.0,110,8.51,4.7512,6.1774,0.7071,4.5916,5.1323,0.5748
3m,42,B0018,B0005,"['B0006', 'B0007']",[8],0.0001,156,5.1127,2.2405,2.8299,0.9352,10.9213,13.5358,-1.0851
3m,7,B0005,B0006,"['B0007', 'B0018']",[8],0.0,227,8.8732,3.0943,4.3067,0.7206,5.0544,6.3726,0.567
3m,7,B0006,B0005,"['B0007', 'B0018']",[16],0.0001,241,5.9887,2.5238,3.484,0.8171,7.2998,9.2101,0.2744
3m,7,B0007,B0005,"['B0006', 'B0018']",[16],0.0,40,7.0449,5.8331,7.2018,0.6019,3.2269,3.7096,0.7778
3m,7,B0018,B0005,"['B0006', 'B0007']","[8, 4]",0.0,209,4.9189,1.6415,2.1218,0.9636,9.7594,12.5887,-0.8035
3m,123,B0005,B0006,"['B0007', 'B0018']",[8],0.0,205,8.5831,4.4061,5.7645,0.4994,6.1088,7.402,0.4158
3m,123,B0006,B0005,"['B0007', 'B0018']",[8],0.0001,244,5.9933,2.8826,3.7711,0.7858,10.8886,12.5988,-0.3577
3m,123,B0007,B0005,"['B0006', 'B0018']",[16],0.0001,310,7.2644,5.0812,6.5873,0.6669,3.0866,3.5788,0.7932
3m,123,B0018,B0005,"['B0006', 'B0007']","[8, 4]",0.0001,187,4.8681,3.3705,4.6342,0.8262,11.0562,13.5858,-1.1005
