pipeline,seed,test_battery,cfg,val_rmse,test_MAE,test_RMSE,test_R2,nRMSE
B1_mean,42,B0005,mean(train),15.884,8.8033,9.9141,-0.048,0.3235
B2_ridge,42,B0005,alpha=10.0,8.4292,5.1118,6.3589,0.5688,0.2075
P1_raw_bpnn,42,B0005,[8]/l2=0.0,7.9319,4.9423,6.0688,0.6073,0.198
P1n_rowminmax_bpnn,42,B0005,[8]/l2=0.0,15.1846,8.5715,9.6975,-0.0027,0.3165
P2_pca_bpnn,42,B0005,pca32/l2=0.0,7.7858,5.2827,6.5344,0.5447,0.2132
B1_mean,42,B0006,mean(train),9.9141,13.8458,15.884,-1.158,0.3881
B2_ridge,42,B0006,alpha=1.0,6.2738,7.2031,8.7698,0.3422,0.2143
P1_raw_bpnn,42,B0006,"[8, 4]/l2=0.0",5.7174,7.1988,8.6543,0.3594,0.2114
P1n_rowminmax_bpnn,42,B0006,"[8, 4]/l2=0.0001",7.7883,11.5577,13.6487,-0.5934,0.3334
P2_pca_bpnn,42,B0006,pca32/l2=0.0001,5.8432,6.899,8.73,0.3481,0.2133
B1_mean,42,B0007,mean(train),12.2931,9.8885,12.5274,-1.5336,0.4882
B2_ridge,42,B0007,alpha=10.0,22.5884,23.9851,26.2827,-10.152,1.0244
P1_raw_bpnn,42,B0007,[16]/l2=0.0001,7.323,3.09,3.8138,0.7652,0.1486
P1n_rowminmax_bpnn,42,B0007,[8]/l2=0.0001,9.1137,5.9939,7.2078,0.1613,0.2809
P2_pca_bpnn,42,B0007,pca17/l2=0.0,6.4543,2.6975,3.2172,0.8329,0.1254
B1_mean,42,B0018,mean(train),10.3562,8.9029,10.8874,-0.349,0.3938
B2_ridge,42,B0018,alpha=1.0,4.218,16.9724,18.9928,-3.1052,0.687
P1_raw_bpnn,42,B0018,"[8, 4]/l2=0.0",4.6727,10.0758,13.0441,-0.9363,0.4718
P1n_rowminmax_bpnn,42,B0018,[8]/l2=0.0001,7.8377,7.2943,8.2003,0.2347,0.2966
P2_pca_bpnn,42,B0018,pca8/l2=0.0001,5.3637,11.6924,15.5693,-1.7586,0.5631
B1_mean,7,B0005,mean(train),15.884,8.8033,9.9141,-0.048,0.3235
B2_ridge,7,B0005,alpha=10.0,8.4292,5.1118,6.3589,0.5688,0.2075
P1_raw_bpnn,7,B0005,[16]/l2=0.0,8.3679,4.9084,6.017,0.614,0.1963
P1n_rowminmax_bpnn,7,B0005,[16]/l2=0.0001,15.0209,8.4519,9.6021,0.0169,0.3133
P2_pca_bpnn,7,B0005,pca17/l2=0.0001,8.2166,5.7072,6.9107,0.4908,0.2255
B1_mean,7,B0006,mean(train),9.9141,13.8458,15.884,-1.158,0.3881
B2_ridge,7,B0006,alpha=1.0,6.2738,7.2031,8.7698,0.3422,0.2143
P1_raw_bpnn,7,B0006,[16]/l2=0.0001,5.8732,7.0733,8.7813,0.3404,0.2145
P1n_rowminmax_bpnn,7,B0006,"[8, 4]/l2=0.0",7.7392,11.5943,13.8144,-0.6323,0.3375
P2_pca_bpnn,7,B0006,pca32/l2=0.0001,5.7274,6.436,7.9708,0.4566,0.1947
B1_mean,7,B0007,mean(train),12.2931,9.8885,12.5274,-1.5336,0.4882
B2_ridge,7,B0007,alpha=10.0,22.5884,23.9851,26.2827,-10.152,1.0244
P1_raw_bpnn,7,B0007,[8]/l2=0.0001,7.1205,2.9997,3.4437,0.8085,0.1342
P1n_rowminmax_bpnn,7,B0007,[8]/l2=0.0001,9.3644,6.3394,7.7677,0.0259,0.3027
P2_pca_bpnn,7,B0007,pca17/l2=0.0001,7.0171,2.8837,3.4321,0.8098,0.1338
B1_mean,7,B0018,mean(train),10.3562,8.9029,10.8874,-0.349,0.3938
B2_ridge,7,B0018,alpha=1.0,4.218,16.9724,18.9928,-3.1052,0.687
P1_raw_bpnn,7,B0018,"[8, 4]/l2=0.0",5.0001,10.9185,13.0668,-0.9431,0.4726
P1n_rowminmax_bpnn,7,B0018,"[8, 4]/l2=0.0",7.7851,7.2245,8.1539,0.2434,0.2949
P2_pca_bpnn,7,B0018,pca17/l2=0.0001,5.5223,12.2268,16.2689,-2.0121,0.5884
B1_mean,123,B0005,mean(train),15.884,8.8033,9.9141,-0.048,0.3235
B2_ridge,123,B0005,alpha=10.0,8.4292,5.1118,6.3589,0.5688,0.2075
P1_raw_bpnn,123,B0005,[8]/l2=0.0,8.0136,4.7735,6.0766,0.6063,0.1983
P1n_rowminmax_bpnn,123,B0005,[8]/l2=0.0001,15.1178,8.4228,9.5713,0.0232,0.3123
P2_pca_bpnn,123,B0005,pca32/l2=0.0001,6.8378,4.8079,5.9304,0.625,0.1935
B1_mean,123,B0006,mean(train),9.9141,13.8458,15.884,-1.158,0.3881
B2_ridge,123,B0006,alpha=1.0,6.2738,7.2031,8.7698,0.3422,0.2143
P1_raw_bpnn,123,B0006,"[8, 4]/l2=0.0",5.6702,7.593,9.1148,0.2894,0.2227
P1n_rowminmax_bpnn,123,B0006,[8]/l2=0.0001,7.9251,11.7962,13.8033,-0.6297,0.3372
P2_pca_bpnn,123,B0006,pca32/l2=0.0001,5.9304,5.2126,6.8378,0.6001,0.1671
B1_mean,123,B0007,mean(train),12.2931,9.8885,12.5274,-1.5336,0.4882
B2_ridge,123,B0007,alpha=10.0,22.5884,23.9851,26.2827,-10.152,1.0244
P1_raw_bpnn,123,B0007,"[8, 4]/l2=0.0001",9.0924,5.0379,6.3822,0.3424,0.2487
P1n_rowminmax_bpnn,123,B0007,[8]/l2=0.0001,9.2255,6.1686,7.4943,0.0933,0.2921
P2_pca_bpnn,123,B0007,pca32/l2=0.0001,7.1528,3.2752,3.752,0.7727,0.1462
B1_mean,123,B0018,mean(train),10.3562,8.9029,10.8874,-0.349,0.3938
B2_ridge,123,B0018,alpha=1.0,4.218,16.9724,18.9928,-3.1052,0.687
P1_raw_bpnn,123,B0018,[8]/l2=0.0001,4.6384,13.3446,15.3913,-1.6959,0.5567
P1n_rowminmax_bpnn,123,B0018,"[8, 4]/l2=0.0",7.804,7.2775,8.5088,0.1761,0.3078
P2_pca_bpnn,123,B0018,pca32/l2=0.0001,5.1294,12.8837,16.639,-2.1507,0.6018
P3_ae_bpnn,42,B0005,[16]/l2=0.0,8.0511,4.6512,5.8764,0.6318,0.1918
P3_ae_bpnn,42,B0006,"[8, 4]/l2=0.0",5.7263,7.443,9.201,0.2759,0.2248
P3_ae_bpnn,42,B0007,[8]/l2=0.0,8.51,4.5916,5.1323,0.5748,0.2
P3_ae_bpnn,42,B0018,[8]/l2=0.0001,5.1127,10.9213,13.5358,-1.0851,0.4896
P3_ae_bpnn,7,B0005,[8]/l2=0.0,8.8732,5.0544,6.3726,0.567,0.208
P3_ae_bpnn,7,B0006,[16]/l2=0.0001,5.9887,7.2998,9.2101,0.2744,0.225
P3_ae_bpnn,7,B0007,[16]/l2=0.0,7.0449,3.2269,3.7096,0.7778,0.1446
P3_ae_bpnn,7,B0018,"[8, 4]/l2=0.0",4.9189,9.7594,12.5887,-0.8035,0.4553
P3_ae_bpnn,123,B0005,[8]/l2=0.0,8.5831,6.1088,7.402,0.4158,0.2415
P3_ae_bpnn,123,B0006,[8]/l2=0.0001,5.9933,10.8886,12.5988,-0.3577,0.3078
P3_ae_bpnn,123,B0007,[16]/l2=0.0001,7.2644,3.0866,3.5788,0.7932,0.1395
P3_ae_bpnn,123,B0018,"[8, 4]/l2=0.0001",4.8681,11.0562,13.5858,-1.1005,0.4914
