battery,cycle,dis_duration,dis_mean_V,dis_mean_T,dis_V_slope,cc_dur,cv_dur,cv_I_slope,ch_mean_T,capacity,soh
2,2,3690.234,3.556946061827572,32.142777859921516,-0.00019272621162863155,707.422,6890.4529999999995,-0.002308609327492039,25.318868966701046,2.0353375910056,100.88297108833646
2,4,3672.344,3.56147580138708,32.29307515705474,-0.00019488165629509078,3535.141,6980.859,-0.0029233670579690294,27.09775038276125,2.02514024603141,100.37753235288778
2,6,3651.641,3.5667524696413215,32.24414709253608,-0.00019197162830618216,3531.422,6953.125,-0.002940937385371622,27.243309503530377,2.01332637134546,99.79196916000484
2,8,3631.563,3.5687953371516272,32.14711742429942,-0.0001917602183546998,3509.859,6888.030999999999,-0.0029321624226104023,27.173138796303842,2.01328466554074,99.78990198180779
2,10,3629.172,3.563970503289941,32.06687277315468,-0.00019884765167654304,3470.312,7024.891,-0.0028810863624537776,27.058181783567154,2.00052833762477,99.15762541696317
2,12,3652.281,3.5735512387791406,32.03447836207717,-0.00019444608910862806,3472.344,7320.328,-0.002721415239153678,27.010664589975644,2.01389907599316,99.82035567763779
2,14,3650.828,3.5711391343785897,32.11157496697372,-0.0001997289861937367,3437.266,7352.719000000001,-0.002708710729401113,27.092063790042364,2.01310110562697,99.78080370270379
2,16,3572.453,3.5681507462163036,32.112576242471775,-0.0001976954754066079,3436.515,6691.0470000000005,-0.003037739004053923,27.295000789108386,1.96878982627284,97.5844832820893
2,18,3550.594,3.5692834155812436,32.03566207329278,-0.00019676967241699458,3418.688,6729.264999999994,-0.0030150849634369118,27.231094729512908,1.96816617643342,97.5535716293996
2,20,3551.25,3.563388513484579,31.99527968872302,-0.00020546391318383668,3388.75,6773.343999999999,-0.0029794656253726453,27.153987730434693,1.95723079175605,97.01155142541865
2,22,3530.25,3.566658719765511,31.874127571841353,-0.00020129847758937,3373.937,6745.438,-0.00298805814026233,27.145539720170813,1.94559915141294,96.43502080876348
2,25,3491.016,3.5687035970122842,32.120959708576166,-0.00020192392542515633,2741.313,6845.562,-0.0028194707982718103,27.100618830315568,1.93475050448411,95.8972998236526
2,27,3470.281,3.569207084156356,32.11021168908644,-0.000201691493359852,3289.219,6663.14,-0.0029999139319598113,27.346430051525438,1.9232799539368,95.32875373854844
2,29,3470.0,3.5659271296109383,31.989061278918154,-0.00020631830569429663,3263.2339999999967,7494.797000000006,-0.0026378599204810184,27.13044941257913,1.91188993094849,94.76419905980474
2,31,3450.297,3.5612417270649486,31.878814448635442,-0.0002126171994523169,3242.0,6679.75,-0.0029940989298215697,27.16494621497475,1.90106671419793,94.22773853976388
2,33,3429.407,3.557881987836072,31.767450711024402,-0.0002157769825972558,3229.438,6770.812,-0.0029706623160576425,27.122265060515833,1.88919899480615,93.63950649532259
2,35,3409.484,3.56282437243777,31.78991634963658,-0.00021008814897891027,3197.656,6738.375000000001,-0.0029590549823125295,27.091186922536306,1.87827837224885,93.09821798643677
2,37,3390.422,3.5591953280168633,31.82883467218067,-0.00021494802384317184,3153.141,6836.391,-0.0029311588642321755,27.064754224863968,1.86756971615202,92.56743574756615
2,39,3390.281,3.5580906165580983,31.890449470827843,-0.00021559116256322116,3138.969,7019.812999999999,-0.002815035313332014,27.096833265509154,1.86758925744538,92.56840432582156
2,42,3591.734,3.565899462157853,31.51177053595285,-0.00020109777889252818,3110.172,7179.139999999999,-0.0028385150477652147,25.621036972906786,1.97962654825082,98.12161319843736
2,46,3552.297,3.570814209348872,31.874488497680712,-0.00019808289233600403,3444.25,6838.827999999994,-0.0030081109467517213,26.018916084630686,1.9575499080884,97.02736865587346
2,50,3531.578,3.5666817833633124,31.53911453638972,-0.00020376540766359796,3388.703,6892.687,-0.0029547009385083416,26.11363000720855,1.94581501707876,96.44572034569539
2,54,3492.907,3.5668392745025836,31.220866832188786,-0.00020289627292489906,3333.141,6748.656000000001,-0.0030234731764883825,25.760828939548123,1.92424611216801,95.37664206593777
2,58,3511.594,3.571051969392875,31.119005145018026,-0.00020389728649706276,3270.828,7526.5,-0.0026613348820348046,25.50924394673222,1.94598113314216,96.45395400781383
2,62,3431.9370000000054,3.5666308474029793,31.033244078156734,-0.000203666225974059,3215.515,6883.703000000001,-0.0029403155904958334,25.50074158941563,1.90140793055308,94.2446511737385
2,66,3431.125,3.5527392240854914,31.001249222460967,-0.00021879787342258386,3172.203,6906.516,-0.0029531411186823914,25.44745403999636,1.87867421368008,93.11783815158223
2,70,3412.406,3.5560959755046615,30.921434744041356,-0.00021463834295031999,3160.063,7457.312,-0.0026675044088997194,25.351655963419258,1.86830613282642,92.60393676951001
2,74,3410.688,3.5504500858303394,30.929360248207214,-0.00021970567618997806,3104.922,7459.234999999999,-0.0026757242344097065,25.2638879248557,1.8560244070083,91.99518419888014
2,78,3410.718,3.546007083640312,31.00810965793079,-0.0002193192908970189,3072.578,7071.406000000001,-0.0028619553462512267,25.323443940163475,1.84519979618558,91.45865458065036
2,82,3392.719,3.554257954720065,30.96779499306422,-0.0002227739496773449,3028.938,7761.514999999994,-0.002555839623322023,25.304305905815063,1.85722889088532,92.05488530825814
2,86,3470.672,3.555857469677978,31.10097217303459,-0.00020283423803868557,0.0,1674.484,-0.00035325463128841364,23.82084266180423,1.92477608890906,95.40291074415663
2,90,3414.109,3.5537306734803207,31.307368922041046,-0.00020923022480263492,3149.234,6964.4220000000005,-0.00044155340298810997,25.536564067789637,1.88223175260926,93.2941701264468
2,94,3395.219,3.5452650003621513,31.131339987164562,-0.00021718089566224704,3068.89,7069.0,-0.00043178097455590526,25.56741667631952,1.85527668788559,91.95812296295944
2,98,3386.0,3.538408778928339,30.828713779105055,-0.00022215457828878994,3006.36,7645.296999999999,-0.000384475670380558,25.15735403314838,1.83925089171819,91.16379285351326
2,102,3368.187,3.5297688311332673,30.761533072057244,-0.0002292644947103676,2951.657,7080.828,-0.000435101062080257,24.989538945227892,1.81853960739944,90.13722315501992
2,106,3368.266,3.5300676840423306,31.30305692941581,-0.0002304772117719636,2918.531,7655.7660000000005,-0.00038518886668617315,25.180745399490828,1.81347700595671,89.88629167454431
2,110,3358.719,3.5248882875629555,31.06432144678013,-0.00023214342664818898,2888.891,7572.844000000001,-0.00039071357294885687,25.292235216630523,1.79710184503054,89.07464504963947
2,114,3339.5,3.5190926887152725,30.96654665282149,-0.0002357980821885039,2841.828,7151.234000000006,-0.00042779020170592903,25.12354763553037,1.78100462941205,88.27677498375004
2,118,3331.265,3.5151810230271,30.826455697992966,-0.00023790841882841734,2804.406,7797.875000000001,-0.00037591639908390265,24.845898768603192,1.77101304226823,87.78153478310176
2,122,3321.188,3.514029112834162,31.080769482413952,-0.0002379789954728544,2759.141,7908.8279999999995,-0.00036987487808467595,24.745480280733183,1.76047124481709,87.25902301297472
2,126,3321.844,3.514139684003936,31.694287817425337,-0.00023652274390289664,2737.75,7767.031000000001,-0.0003798412411613414,25.29969472858799,1.75029137880066,86.75445063463465
2,130,3311.828,3.509578354212467,31.875581783696685,-0.00024062711728395592,2718.625,7528.156000000001,-0.00039707580900546146,25.719099276376973,1.73949250377326,86.21919662960373
2,134,3327.391,3.5110708693292705,31.543288143901563,-0.0002441979016278087,2684.891,7481.327999999998,-0.0004025827621946282,25.607949607087512,1.75467665536372,86.97181002045869
2,136,3312.078,3.5159179315855056,31.420983409991024,-0.00023892844934612272,2689.031,8115.8910000000005,-0.0003646363064175539,25.15239521946869,1.76593909418422,87.53004089819298
2,140,3293.172,3.50585340727078,31.15837149963786,-0.00023937152455644762,2712.36,8046.625,-0.0003636103699288348,24.956784398728235,1.73378874196248,85.93648557449694
2,144,3275.328,3.5010379345914444,31.15661421699882,-0.00024003058946240398,2639.656,7677.8589999999995,-0.0003903241391850189,24.845753514136497,1.71332591204073,84.92223069682748
2,148,3265.016,3.497407662636496,31.206611383963253,-0.00024176153660194667,2590.75,8214.984,-0.0003520208556378658,24.759253545817227,1.70240778136735,84.38106569995976
2,150,3328.937,3.5388872766749144,33.61169282822636,-0.00021997160264608338,2595.735,7350.655999999999,-0.000427280548038382,25.385815273810298,1.82371946178183,90.39396636175363
2,154,3329.266,3.5327430295356828,32.85630077141311,-0.00023012901653620093,2999.125,7064.4220000000005,-0.00043150825603603833,27.380478585615847,1.80812840503147,89.62118442408695
2,158,3301.579,3.521214759733266,32.210981559158874,-0.00023689029849871377,2870.844,7505.328,-0.0003981863408040673,26.646363956512182,1.77576109450343,88.01687540594799
2,162,3283.563,3.5093111439506677,31.965090081650274,-0.0002417824907650588,2770.7660000000033,6986.0929999999935,-0.0004494550940422368,26.100358589607755,1.74474098418368,86.47934133475826
2,166,3275.125,3.50716091973708,31.744801840189538,-0.0002392642144288073,2702.328,7908.578000000001,-0.00037154818477543196,25.649456483530546,1.72920703413237,85.7093899316892
2,170,3265.656,3.500928918686389,31.876564068962466,-0.00024024428575194836,2638.313,7339.764999999999,-0.00041581694412510373,25.59348533692894,1.70810865525532,84.66363361309608
2,174,3266.093,3.4973019898820894,32.24289319481841,-0.00024199627312175247,2599.156,7647.828,-0.0003910216589233758,25.80802143843077,1.69759542374618,84.14253773442293
2,178,3257.594,3.4929038301187156,32.07305565938816,-0.00024094041221371152,2557.625,7879.4220000000005,-0.00037500954561222265,25.690981294880917,1.68206345240295,83.37268440744252
2,182,3248.593,3.488659224822318,32.030140929891196,-0.0002420804645275545,2509.9689999999973,8295.858999999997,-0.00034721160915437337,25.577958645380264,1.67147683222951,82.84795096685752
2,186,3238.766,3.4822930804774015,31.984935871368258,-0.00024557708592711983,2465.562,8339.813,-0.00034648760847264383,25.46098104903186,1.66075913870477,82.31672078137474
2,190,3240.14,3.477575664197982,32.23677365476226,-0.000246427671376994,2433.437,8252.531,-0.00035272528773106377,25.436993851892336,1.65112101503807,81.8390002521071
2,194,3230.109,3.4787436506489255,32.56097148037261,-0.00024349336067953358,2413.062,8175.5779999999995,-0.00035858537444771906,25.938054463156547,1.64013492561909,81.29446683115198
2,198,3229.7810000000027,3.4740152461288862,32.48984985901219,-0.00024228801086543207,2377.265,8358.829,-0.00034786189223564565,25.848663621482324,1.62919994161654,80.75246648690656
2,202,3212.469,3.4718387718772696,32.42612199208859,-0.00023670752083690164,2339.266,7451.593000000001,-0.00041529496900179463,25.889479643087075,1.60884963029617,79.7437886746144
2,206,3213.219,3.463180130644551,32.29984271249387,-0.00024225912730416023,2295.672,7978.687,-0.0003766713089143741,25.70387833670803,1.60352448989692,79.47984426199564
2,210,3203.578,3.463469391967206,32.610757585145336,-0.00024153034538768945,2260.156,8450.907,-0.000346848865252768,25.559248674341752,1.5989712144028,79.25415788836384
2,214,3195.125,3.46021805164007,32.25699351958767,-0.00024032504147579892,2247.078,8558.937,-0.00033970113494941154,26.033525396777186,1.58762731235756,78.69188922732394
2,216,3195.3129999999946,3.462574876665621,32.47193402838835,-0.0002383005374759884,2225.219,8255.828000000001,-0.00036065340461617157,25.992986590762236,1.58297197446862,78.46114405771091
2,220,3186.297,3.4537077937586056,32.40219271195366,-0.000237075033509691,2176.797,7976.563,-0.0003817305509731898,25.919135612812614,1.56713763671356,77.67630372212932
2,224,3176.438,3.4514035349888337,32.30987415652578,-0.00023721969074226029,2141.546,8520.922,-0.00034766163506591856,25.692906565192622,1.56134461397139,77.38916838478035
2,228,3167.593,3.450781146333252,32.35440526839345,-0.0002328177121109761,2106.485,8388.14,-0.000357460935885911,25.652455059158342,1.55117118927904,76.88491527529958
2,232,3167.719,3.446105572450592,32.4731363791227,-0.0002346890084073711,2077.719,8390.030999999999,-0.00035880482280072816,25.71736135777053,1.54067416062952,76.3646225030132
2,236,3159.077999999994,3.4418152533277144,32.52334649341759,-0.00023153082440664904,2053.672,7850.734,-0.00040333568963396923,25.864876174531357,1.52531387446244,75.60327887522882
2,240,3148.829,3.445008015985666,32.518264823491045,-0.00022901862110186422,2028.5,8777.156,-0.00033842103722560556,25.698809219589723,1.53015703180674,75.84333345118733
2,244,3149.094,3.441164687975023,32.5437072434024,-0.0002293492061687615,1995.109,8782.219,-0.00033862651001653884,25.687446717455636,1.52465668344741,75.57070473005419
2,248,3140.547,3.443620591429828,32.562223096007365,-0.0002210832508792632,1966.907,8778.953000000001,-0.0003409369500560247,25.675400345041066,1.51454929866554,75.06972493621848
2,252,3131.625,3.439943269617906,32.58978020040808,-0.00022320965096187673,1936.109,8870.672,-0.0003369577599846718,25.668763538927504,1.50939150460208,74.81407516505371
2,256,3121.907,3.43602719305159,32.57089563557426,-0.00022520631889363775,1910.828,8895.765999999998,-0.0003372807011751092,25.633776388554608,1.50399743330507,74.54671414292675
2,260,3122.125,3.436309312279291,32.537854347094196,-0.00021738937688807247,1885.657,8543.890000000001,-0.00035988151432192564,25.625938785360578,1.49352019180402,74.02740213488109
2,264,3121.672,3.430470227771154,32.65645090520509,-0.00022016540598133043,1860.375,8946.719,-0.00033627437423764864,25.457904643596315,1.48763230244974,73.73556466569462
2,266,3120.86,3.4417311090871063,33.180785234653264,-0.00023940965710273886,1729.922,8989.094,-0.0003476808794056421,25.836963360909557,1.53028762144017,75.84980622026112
2,270,3103.828,3.4355429213552537,32.71220835503141,-0.00022523068173982324,1929.937,8876.500000000005,-0.0003449009213459632,25.705316618203263,1.50407600883601,74.55060879561292
2,274,3095.094,3.4272336842373576,32.543943889007906,-0.00022717731845042766,1846.062,8959.203,-0.000341406191140522,25.199061438892777,1.48875936087309,73.79142812679322
2,278,3095.781,3.4307536518687556,32.6655410721976,-0.00021308889957958585,1805.015,8403.047,-0.0003778565101974422,25.244891582118854,1.47827792855466,73.27190839787096
2,282,3094.328,3.430880434209888,33.160922870564626,-0.00021512352670335346,1780.594,9026.625,-0.0003395561504292563,25.478299525410506,1.47845998221568,73.28093201847443
2,286,3086.531,3.431984614031654,33.414445545408455,-0.00021430011382284276,1779.234,9026.672,-0.00033933954336059466,26.03924515455654,1.47321484489997,73.02095301621284
2,290,3085.625,3.426913589626702,33.3541679486525,-0.00021451288169778724,1758.172,8897.765000000005,-0.00034714576021046216,25.97604259369371,1.46751649350679,72.73851013234444
2,294,3067.203,3.4220422356705154,33.13634596100404,-0.00021503341506494322,1732.14,8385.032000000001,-0.0003811373946047937,25.919206758618333,1.45162926575213,71.95104826590523
2,298,3058.157,3.4202687142856667,32.92241762841388,-0.00021260879079497874,1696.907,9108.953000000001,-0.000338203178714023,25.445615862630408,1.45192377209672,71.96564568462234
2,302,3058.812,3.4248208106770663,33.20338483123576,-0.00020497752573170983,1665.843,9140.484999999999,-0.00033823234899265676,25.395678108430275,1.44714846947777,71.72895437691278
2,306,3058.578,3.4234990883192666,33.533950654066935,-0.00020830221817434144,1663.078,9081.75,-0.0003416694470915032,25.907732220074237,1.44685381056599,71.71434939609318
2,310,3049.328,3.4247420964314874,33.5767934055627,-0.00020553832429027246,1660.547,9144.250000000005,-0.0003382406352111082,26.05226931839347,1.44167419302847,71.45761792874575
2,313,3177.219,3.450702139255875,33.224088400657315,-0.0002357602538791793,1660.547,9144.250000000005,-0.0003382406352111082,26.05226931839347,1.59358665931001,78.98726854374111
2,316,3082.937,3.4480475429907522,33.37083344726966,-0.00024004846204481823,1772.656,9029.921999999999,-0.00034750071980647255,25.93431372564645,1.54639023769156,76.64794397240323
2,320,3074.266,3.4399481891896455,33.43366634309322,-0.0002314627287779738,1941.109,8603.343999999994,-0.0003663867292662166,26.51775579342402,1.51470559175661,75.07747171565073
2,324,3066.0,3.434112914501242,33.28676739403043,-0.0002293122324009504,1859.984,8841.141,-0.00035365598917603815,26.296792336298168,1.49897860833354,74.29795247472106
2,328,3056.437,3.4325600940363916,33.14347737377552,-0.00022175643422823088,1798.735,9007.078,-0.00034605936391998726,26.03904064199693,1.48311107454105,73.51146675367659
2,332,3048.219,3.4270614887575657,33.11021541795579,-0.0002222466706938196,1747.031,8946.407,-0.0003514387502348493,25.90252654964816,1.47296648254683,73.00864275760908
2,336,3039.218,3.427340316812041,33.18991802149879,-0.00021725873077004773,1717.39,8991.016000000001,-0.00034916138791076624,25.877092731363224,1.46276043960993,72.50277290138493
2,340,3039.047,3.423482197888437,33.26265398635676,-0.00021753812701407176,1686.828,9118.469000000006,-0.0003429544389784751,25.93141642274133,1.45183646810625,71.96131839956391
2,344,3030.375,3.4220957701069374,33.299978841087025,-0.000214106573080667,1662.094,8701.516,-0.0003692869848170469,26.008428132103052,1.44686706440304,71.71500633205595
2,348,3021.0,3.421883545422636,33.31663547841367,-0.00021203129427103753,1641.25,9163.844,-0.00034178101387893174,25.9304594999863,1.44138039942778,71.44305583769248
2,352,3021.75,3.4195777411151886,33.39150630507064,-0.00021079428885888038,1616.218,9189.282,-0.0003412394465304907,25.947381066960602,1.43121074496077,70.93898960214143
2,356,3012.265,3.4175281789596474,33.41522427488497,-0.00021118573078371118,1600.672,9206.171999999999,-0.0003404724117980812,25.97159894270595,1.42602471795257,70.68194044477139
2,360,3002.641,3.4197860540725715,33.39690850726103,-0.000203419407256954,1581.078,8786.828000000003,-0.00036640394253042096,26.033603358388206,1.42048764996619,70.4074916889224
2,364,3012.0,3.4171369298988705,33.73731993653,-0.00020215932983190554,1556.765,9249.954,-0.00033967516116691424,25.90982967799584,1.4207006230355,70.41804785222855
2,367,3020.11,3.4305347141293625,34.08965316576344,-0.00021444892827053607,1522.312,8520.86,-0.0003895323570364052,26.41227975974544,1.45225580433084,71.98210310103482
2,371,3002.172000000006,3.4250844180972875,33.9987286593769,-0.0002074849601530792,1655.0,8914.812,-0.0003583035831833218,26.686445558767225,1.43155763277257,70.95618334594263
2,375,2992.703,3.4171339862792935,33.907397114007345,-0.0002094810795310589,1597.828,8319.375,-0.00039707044800083144,26.606458183179758,1.41501575115894,70.1362730902931
2,379,2964.468,3.417521467040602,33.70518417605219,-0.00020695624082339668,1563.547,8753.859,-0.0003657177740709372,26.340043075472312,1.40973115065175,69.87433806657212
2,383,2983.375,3.4181623236680356,33.7458832944166,-0.00019697748024853195,1523.765,9282.344000000001,-0.00033949998735997676,26.10257345827895,1.40491731812931,69.63573699649338
2,387,2975.297,3.420331935905118,34.01657212624259,-0.00019188462443989548,1501.265,8540.656,-0.0003848406736047284,26.41341494885895,1.39516429657156,69.15232147064526
2,391,2974.9850000000006,3.4192916311692465,34.175023374593785,-0.00019347947058433982,1498.703,9220.578000000001,-0.00034219453218869067,26.584568753917836,1.39453438326141,69.12109936452545
2,395,2966.25,3.414352330355796,33.976109677640174,-0.0001944150369259938,1478.047,9326.671999999999,-0.0003373785306328353,26.46196190140926,1.38931711793126,68.86250185726787
2,399,2956.359,3.412701167144591,33.84150372451663,-0.0001931307775164361,1447.453,9358.234,-0.00033745714846897034,26.121216404378323,1.38383794723278,68.59092282212131
2,403,2956.344,3.410409522809144,34.1008464215818,-0.00019303381745447836,1432.172,8579.234,-0.00038463173205837683,26.409310711304133,1.37368142381951,68.08750743669
2,407,2956.406,3.414419320260644,34.34663683304219,-0.00019017467706749385,1435.219,9371.405999999999,-0.0003370024450058924,26.554432319974733,1.37860598918637,68.33159705981836
2,411,2947.266,3.4131710032395315,34.216231530637586,-0.00018912649713232092,1427.5,9378.063,-0.00033640598715999813,26.61726658220038,1.37376002991086,68.09140360412486
2,415,2937.984,3.4107019261975147,34.041617020161176,-0.000188111564280884,1405.437,9401.782,-0.00033587365864432754,26.399750319384214,1.36825805839427,67.81869443003508
2,419,2929.125,3.4089059214760367,33.890212870710734,-0.00018647794715212013,1380.437,9425.11,-0.00033639103155069105,26.124475808397165,1.36330240373175,67.5730638436144
2,423,2928.454,3.4134080258317576,34.116762412437,-0.00017970113431509905,1364.281,9146.171999999999,-0.00035246554566781415,26.26020263178304,1.35809661401726,67.31503513349786
2,427,2929.375,3.411221044859532,34.490493589415046,-0.00018432414111244725,1365.0,8837.781,-0.0003710078943580219,26.670370279195048,1.35326909099953,67.07575548417674
2,431,2946.031,3.4155210852213678,34.23744800906639,-0.00018765244876071445,1379.297,8761.561999999996,-0.00037402164567439247,26.950570586809867,1.38416057382375,68.60691404106846
2,433,2955.438,3.4229838362549794,34.41428886050454,-0.00020179471677137726,1481.437,8859.235,-0.00036884393987428955,26.72454690095705,1.40514677906515,69.64711039275872
2,437,2937.625,3.414757022019347,34.16445180476378,-0.0001951204717606115,1495.125,9204.937999999995,-0.00034679858484903644,26.742962123720645,1.37871902262735,68.33719964359061
2,441,2929.078,3.41435871627236,33.877146811272176,-0.00018425790760311515,1429.297,9199.641,-0.00034888808732190464,26.311611774381017,1.36826577831991,67.81907707369999
2,445,2918.375,3.4091886698418046,33.839566254190565,-0.00018715647061229827,1381.312,9425.797,-0.0003379117238692398,26.06284845842712,1.3573151296618,67.27630029953899
2,449,2919.812,3.411930366643558,33.818304796930946,-0.00017667341377787518,1361.547,9360.967999999999,-0.00034134459455015297,26.038273335849972,1.35249346388016,67.03731096833596
2,453,2900.422,3.4094417183837504,33.812621135472135,-0.00017993445187697814,1335.265,9437.704,-0.0003376767694080675,25.982571679078095,1.34740991516612,66.78534122129697
2,457,2901.375,3.4081896097479882,33.79894614410012,-0.00017694494876497458,1319.672,9426.046999999997,-0.00033875313498662215,25.98889751886105,1.33700751308423,66.26973868287087
2,461,2901.187,3.40737851449911,33.702723745621576,-0.0001726298406694071,1302.016,9505.078,-0.0003349636857818492,25.873817245148032,1.33123529667185,65.98363462621751
2,465,2891.64,3.4085862639015,33.63562651984647,-0.0001657827157561717,1282.844,8830.796999999999,-0.0003750049696031379,25.866725578506443,1.32593037817276,65.72069252661954
2,469,2882.906,3.404843616147767,33.690724061796516,-0.00017198898639376485,1269.422,9316.39,-0.0003453470298850472,25.77918241614055,1.32157874386753,65.50500064349335
2,473,2883.265,3.4081057374178703,33.71317033815572,-0.00016468926689578445,1259.578,9546.984,-0.00033391094955022256,25.779594856251975,1.32122507406611,65.48747074550045
2,477,2882.969,3.4091728540380735,33.65376593260611,-0.00015925855781570228,1244.7339999999967,9560.547000000006,-0.00033315553198086834,25.739149646920637,1.31564853018627,65.2110653386093
2,481,2891.656,3.4110817622184233,33.983578066068176,-0.000158056689020681,1231.141,9502.25,-0.00033609536728302345,25.68008908964709,1.32090256975024,65.47148558720653
2,483,2901.25,3.4167486246717154,33.816348135475515,-0.0001786394042949902,1236.594,9568.953000000001,-0.00033474637142514587,26.173174882929104,1.34743287672739,66.78647932759047
2,485,2891.703,3.4169689184247174,33.60692030225909,-0.00016314750486516556,1364.641,9386.625000000004,-0.00033649841933134343,26.412927199212106,1.32601280723536,65.72477818237311
2,489,2883.016,3.4105763913818787,33.47350597721994,-0.00016015007945613532,1270.625,9535.0,-0.00033313096692314816,26.01498124223845,1.31011867848311,64.93697426302657
2,493,2873.453,3.4113335283009314,33.209178727620106,-0.00015239244007119064,1236.984,9569.688,-0.0003330451287090406,25.743698100268983,1.30521620229393,64.69397950587184
2,497,2874.031,3.4081283345557187,33.58088963686094,-0.00015773038518130685,1216.39,9286.063,-0.0003481936080431063,25.849366387166373,1.30040619513558,64.45556804271465
2,501,2874.234,3.4125732422699135,33.76400861956033,-0.0001514381946157893,1229.469,9459.75,-0.00033742162869854116,26.160906049591357,1.30023573584112,64.44711910522597
2,505,2864.984,3.407693686560286,33.57003564415372,-0.00015277828509527923,1218.313,9218.140999999998,-0.00035043083055267963,26.149674507929515,1.28950667224808,63.915325354132904
2,509,2855.093,3.4073499608041957,33.272050895552354,-0.00014578097495694886,1196.485,8996.765,-0.000364547929767922,25.88741440866421,1.27925305738479,63.40709756117343
2,513,2855.625,3.409292163767801,33.12740933210319,-0.00013858993657974103,1168.625,9565.078,-0.0003330941553668256,25.497625818790674,1.27920781717146,63.40485519747241
2,517,2855.594,3.4095492354804775,33.439116773449626,-0.0001405875225140693,1149.062,9498.75,-0.00033687819018965134,25.5837511055969,1.27403676090292,63.14854807557744
2,521,2847.437,3.410318915287339,33.482874768414376,-0.00013921108741619647,1160.922,9460.313,-0.0003378839944250793,25.901434373433876,1.27412739230015,63.15304028594434
2,525,2847.36,3.409269478846637,33.22136307064441,-0.0001307233382833698,1146.531,8823.046999999995,-0.0003756974063454638,25.812500717956773,1.26376394264408,62.63936845251047
2,529,2837.328,3.4094374435069095,32.98562738901426,-0.0001269948556270105,1123.625,9377.469,-0.0003436616914613779,25.418015652812915,1.25813736889552,62.36048327920517
2,533,2837.281,3.403885091976961,32.970182781539556,-0.00013114077469375933,1095.453,9475.282000000001,-0.0003390006334900147,25.184158283341244,1.2532598640553,62.11872624491582
2,537,2838.515,3.4065929107527846,33.31018716138479,-0.00013169587041447181,1097.984,9706.780999999999,-0.00032619728547825277,25.35578191720396,1.25323133154934,62.117312010743284
2,541,2828.328,3.4095930016592684,33.23406652671602,-0.00012436079634775015,1103.672,8933.828,-0.0003689021220055759,25.68149669765411,1.24808749603136,61.862354104921316
2,545,2838.265,3.409409922814414,33.117656712920734,-0.00011722002525654907,1093.5,9461.625,-0.00033791012417212806,25.591813739883985,1.25343542849448,62.12742822257309
2,548,2864.547,3.4195489282896943,33.78417036686004,-0.00014420941402478601,1032.39,9774.938,-0.00032353750081462966,25.497613624329297,1.28980487732669,63.930106103261075
2,552,2846.39,3.4151799904187996,33.806439563441614,-0.00013013553722436468,1201.875,9588.187999999995,-0.0003288800584879856,25.84421874752408,1.26354020217588,62.62827859533666
2,556,2837.969,3.4154594925159083,33.63735785291911,-0.00012012113480509162,1150.328,9424.313,-0.00033726324436523516,25.742753320720922,1.24797617068429,61.85683618405182
2,560,2838.156,3.4130336456755868,33.58195933847606,-0.00011391292500991062,1110.437,8963.672,-0.0003645811681078705,25.638392621114672,1.23212028779433,61.07092794836815
2,564,2829.843,3.4094524356574096,33.56245583951572,-0.00011504013724629397,1088.078,9334.969000000001,-0.0003427655012236351,25.49563276443761,1.22711376662135,60.82277612678393
2,568,2829.625,3.4138496008165014,33.5111267532655,-0.00010389396083645278,1072.906,9461.14,-0.00033536444342726696,25.428938070318736,1.22173975813774,60.55640953242813
2,572,2819.437,3.410900672125043,33.53675907012135,-0.00010530099633510877,1050.172,9216.640000000005,-0.00034917575428365254,25.452360068893437,1.21110267891517,60.02917505279337
2,576,2819.579,3.4105744140130074,33.49803069556778,-0.00010152591586830906,1038.875,9529.234,-0.000331823511746889,25.399233871624016,1.20561597651317,59.75722270334661
2,580,2810.672,3.4096514247359915,33.516977262709986,-0.00010084385322951011,1022.953,9775.391,-0.00031870250164988426,25.2820272954604,1.20089362627173,59.52315601830062
2,584,2811.485,3.4128578373442537,33.531923269271225,-9.170142371375773e-05,1012.813,9266.234,-0.00034627055521735677,25.41799675980421,1.19059039855583,59.012469128630315
2,588,2802.422,3.413450901705652,33.567636169584304,-9.054035154467217e-05,1002.031,9297.359,-0.0003434609203081695,25.454072385369944,1.18517925104194,58.74426171153606
2,592,2801.625,3.414388187503409,33.60493096509702,-8.64367286305255e-05,993.234,9549.843999999994,-0.0003288024790619068,25.429946661301248,1.17967068181446,58.47122551716232
2,596,2802.031,3.412419038813061,33.54281440778599,-8.377869250127949e-05,980.875,9449.234,-0.00033344695157618525,25.42050671654486,1.17459528367539,58.2196597592319
2,600,2793.39,3.4148103057455175,33.472459360982775,-6.844544929053148e-05,967.61,9186.483999999999,-0.00035684600622123985,25.397105626124826,1.15381833159625,57.18983519098029
2,604,2793.39,3.4166177332601,33.58210389885497,-7.301842034318162e-05,959.969,9356.937000000002,-0.00033886766539153936,25.419424201944214,1.16440095573723,57.71437056534329
2,608,2792.485,3.4121341541171764,33.6634605108384,-7.636737462465426e-05,945.0,9626.39,-0.0003233411209589484,25.432459537239456,1.15879749479161,57.43663099473362
2,612,2802.016,3.419700177568569,33.730546074122294,-7.984939661928298e-05,939.734,8952.641,-0.0003600059501152156,25.57546236674736,1.17497488347692,58.23847489632371
2,614,2820.39,3.4234687742187893,33.8912822372509,-9.47539428312169e-05,982.484,9229.75,-0.0003445373504220696,25.30089012739764,1.18567523279294,58.76884540363096
