pool,seed,test_battery,n_cycles,cfg,sel_epochs,MAE,RMSE,R2
room,42,CS2_21,736,[16]/l2=0.0001,300,6.14,7.179,-1.141
room,42,CS2_33,468,[16]/l2=0.0001,300,14.861,15.143,-8.805
room,42,CS2_34,471,[16]/l2=0.0001,300,18.726,18.97,-16.382
room,42,CS2_35,522,[16]/l2=0.0001,300,8.798,9.131,-3.563
room,42,CS2_36,483,[16]/l2=0.0001,300,9.384,9.827,-3.244
room,42,CS2_37,552,[16]/l2=0.0001,300,11.313,11.659,-5.309
room,42,CS2_38,571,[16]/l2=0.0001,300,12.423,13.112,-6.593
room,42,CS2_8,1119,[16]/l2=0.0001,300,10.762,11.491,-16.665
room,123,CS2_21,736,"[8, 4]/l2=0.0",149,6.208,8.573,-2.053
room,123,CS2_33,468,"[8, 4]/l2=0.0",149,16.284,16.577,-10.75
room,123,CS2_34,471,"[8, 4]/l2=0.0",149,18.528,18.742,-15.968
room,123,CS2_35,522,"[8, 4]/l2=0.0",149,14.998,15.179,-11.611
room,123,CS2_36,483,"[8, 4]/l2=0.0",149,13.956,14.228,-7.898
room,123,CS2_37,552,"[8, 4]/l2=0.0",149,12.054,12.327,-6.053
room,123,CS2_38,571,"[8, 4]/l2=0.0",149,11.593,11.938,-5.295
room,123,CS2_8,1119,"[8, 4]/l2=0.0",149,15.604,16.1,-33.678
room,2024,CS2_21,736,[16]/l2=0.0001,184,5.867,10.773,-3.822
room,2024,CS2_33,468,[16]/l2=0.0001,184,14.558,14.794,-8.358
room,2024,CS2_34,471,[16]/l2=0.0001,184,12.749,12.959,-7.112
room,2024,CS2_35,522,[16]/l2=0.0001,184,12.456,12.616,-7.712
room,2024,CS2_36,483,[16]/l2=0.0001,184,11.77,12.043,-5.374
room,2024,CS2_37,552,[16]/l2=0.0001,184,9.777,10.073,-3.71
room,2024,CS2_38,571,[16]/l2=0.0001,184,8.786,9.374,-2.881
room,2024,CS2_8,1119,[16]/l2=0.0001,184,18.728,21.753,-62.305
room,7,CS2_21,736,"[8, 4]/l2=0.0001",296,5.062,6.254,-0.625
room,7,CS2_33,468,"[8, 4]/l2=0.0001",296,3.023,3.71,0.412
room,7,CS2_34,471,"[8, 4]/l2=0.0001",296,2.691,3.576,0.382
room,7,CS2_35,522,"[8, 4]/l2=0.0001",296,2.475,3.171,0.449
room,7,CS2_36,483,"[8, 4]/l2=0.0001",296,3.132,3.747,0.383
room,7,CS2_37,552,"[8, 4]/l2=0.0001",296,3.317,4.244,0.164
room,7,CS2_38,571,"[8, 4]/l2=0.0001",296,3.544,4.797,-0.016
room,7,CS2_8,1119,"[8, 4]/l2=0.0001",296,4.758,5.127,-2.516
room,99,CS2_21,736,[8]/l2=0.0001,62,15.568,19.299,-14.475
room,99,CS2_33,468,[8]/l2=0.0001,62,30.485,30.675,-39.23
room,99,CS2_34,471,[8]/l2=0.0001,62,33.051,33.198,-52.236
room,99,CS2_35,522,[8]/l2=0.0001,62,28.683,28.809,-44.427
room,99,CS2_36,483,[8]/l2=0.0001,62,27.458,27.632,-32.56
room,99,CS2_37,552,[8]/l2=0.0001,62,25.79,25.958,-30.274
room,99,CS2_38,571,[8]/l2=0.0001,62,25.364,25.556,-27.848
room,99,CS2_8,1119,[8]/l2=0.0001,62,34.134,36.561,-177.832
all13,42,CS2_21,736,[16]/l2=0.0001,69,3.88,5.698,-0.349
all13,42,CS2_33,468,[16]/l2=0.0001,69,27.005,27.252,-30.754
all13,42,CS2_34,471,[16]/l2=0.0001,69,28.244,28.415,-38.003
all13,42,CS2_35,522,[16]/l2=0.0001,69,26.906,27.067,-39.1
all13,42,CS2_36,483,[16]/l2=0.0001,69,25.551,25.782,-28.217
all13,42,CS2_37,552,[16]/l2=0.0001,69,24.128,24.352,-26.524
all13,42,CS2_38,571,[16]/l2=0.0001,69,23.553,23.838,-24.099
all13,42,CS2_8,1119,[16]/l2=0.0001,69,4.673,5.296,-2.753
all13,123,CS2_21,736,"[8, 4]/l2=0.0",26,5.187,7.142,-1.119
all13,123,CS2_33,468,"[8, 4]/l2=0.0",26,9.083,9.989,-3.266
all13,123,CS2_34,471,"[8, 4]/l2=0.0",26,12.075,12.706,-6.799
all13,123,CS2_35,522,"[8, 4]/l2=0.0",26,10.972,11.538,-6.287
all13,123,CS2_36,483,"[8, 4]/l2=0.0",26,9.278,10.12,-3.501
all13,123,CS2_37,552,"[8, 4]/l2=0.0",26,8.281,9.055,-2.805
all13,123,CS2_38,571,"[8, 4]/l2=0.0",26,7.974,8.785,-2.409
all13,123,CS2_8,1119,"[8, 4]/l2=0.0",26,11.234,11.714,-17.358
all13,2024,CS2_21,736,[16]/l2=0.0001,66,11.231,16.494,-10.303
all13,2024,CS2_33,468,[16]/l2=0.0001,66,55.696,55.769,-131.978
all13,2024,CS2_34,471,[16]/l2=0.0001,66,56.639,56.689,-154.234
all13,2024,CS2_35,522,[16]/l2=0.0001,66,53.566,53.603,-156.267
all13,2024,CS2_36,483,[16]/l2=0.0001,66,52.727,52.784,-121.464
all13,2024,CS2_37,552,[16]/l2=0.0001,66,50.662,50.711,-118.358
all13,2024,CS2_38,571,[16]/l2=0.0001,66,50.009,50.084,-109.793
all13,2024,CS2_8,1119,[16]/l2=0.0001,66,32.916,35.436,-167.002
all13,7,CS2_21,736,[8]/l2=0.0,80,11.096,15.805,-9.378
all13,7,CS2_33,468,[8]/l2=0.0,80,50.757,50.832,-109.478
all13,7,CS2_34,471,[8]/l2=0.0,80,52.156,52.207,-130.658
all13,7,CS2_35,522,[8]/l2=0.0,80,50.148,50.189,-136.877
all13,7,CS2_36,483,[8]/l2=0.0,80,49.369,49.43,-106.394
all13,7,CS2_37,552,[8]/l2=0.0,80,47.243,47.297,-102.829
all13,7,CS2_38,571,[8]/l2=0.0,80,46.665,46.743,-95.506
all13,7,CS2_8,1119,[8]/l2=0.0,80,30.144,31.956,-135.623
all13,99,CS2_21,736,[8]/l2=0.0,175,27.506,30.517,-37.693
all13,99,CS2_33,468,[8]/l2=0.0,175,70.414,70.458,-211.257
all13,99,CS2_34,471,[8]/l2=0.0,175,71.43,71.457,-245.654
all13,99,CS2_35,522,[8]/l2=0.0,175,65.899,65.919,-236.844
all13,99,CS2_36,483,[8]/l2=0.0,175,65.411,65.441,-187.235
all13,99,CS2_37,552,[8]/l2=0.0,175,62.956,62.981,-183.106
all13,99,CS2_38,571,[8]/l2=0.0,175,62.365,62.402,-170.997
all13,99,CS2_8,1119,[8]/l2=0.0,175,49.108,52.821,-372.268
