seed,test_battery,n_cycles,cfg,sel_epochs,MAE,RMSE,R2
42,CS2_21,736,"[8, 4]/l2=0.0",69,4.222,5.225,-0.134
42,CS2_33,468,[8]/l2=0.0,76,1.826,2.605,0.71
42,CS2_34,471,"[8, 4]/l2=0.0001",29,1.883,2.717,0.644
42,CS2_35,522,"[8, 4]/l2=0.0",35,2.712,2.975,0.516
42,CS2_36,483,[8]/l2=0.0,106,2.15,2.764,0.664
42,CS2_37,552,"[8, 4]/l2=0.0",67,2.411,2.666,0.67
42,CS2_38,571,"[8, 4]/l2=0.0001",27,2.922,3.713,0.391
42,CS2_8,1119,"[8, 4]/l2=0.0",200,4.815,5.213,-2.636
123,CS2_21,736,"[8, 4]/l2=0.0",74,4.102,5.251,-0.146
123,CS2_33,468,"[8, 4]/l2=0.0001",25,2.929,3.672,0.423
123,CS2_34,471,"[8, 4]/l2=0.0001",34,1.914,2.773,0.629
123,CS2_35,522,"[8, 4]/l2=0.0001",74,2.312,2.525,0.651
123,CS2_36,483,[8]/l2=0.0001,33,1.823,2.722,0.674
123,CS2_37,552,"[8, 4]/l2=0.0",47,2.305,2.609,0.684
123,CS2_38,571,[16]/l2=0.0001,70,2.318,2.907,0.627
123,CS2_8,1119,[8]/l2=0.0,200,4.117,4.434,-1.631
2024,CS2_21,736,"[8, 4]/l2=0.0001",86,3.95,4.981,-0.031
2024,CS2_33,468,[8]/l2=0.0001,75,1.843,2.816,0.661
2024,CS2_34,471,"[8, 4]/l2=0.0",21,2.083,2.838,0.611
2024,CS2_35,522,"[8, 4]/l2=0.0001",115,2.304,2.546,0.645
2024,CS2_36,483,"[8, 4]/l2=0.0001",56,1.619,2.501,0.725
2024,CS2_37,552,[16]/l2=0.0001,58,2.238,2.56,0.696
2024,CS2_38,571,[16]/l2=0.0001,65,2.589,3.389,0.493
2024,CS2_8,1119,[16]/l2=0.0,20,2.275,2.97,-0.18
7,CS2_21,736,"[8, 4]/l2=0.0",56,2.651,3.4,0.52
7,CS2_33,468,[16]/l2=0.0001,57,2.229,2.913,0.637
7,CS2_34,471,[8]/l2=0.0,31,4.739,5.676,-0.556
7,CS2_35,522,"[8, 4]/l2=0.0",64,2.655,2.915,0.535
7,CS2_36,483,[16]/l2=0.0,59,2.044,2.643,0.693
7,CS2_37,552,[8]/l2=0.0,27,3.107,3.895,0.296
7,CS2_38,571,"[8, 4]/l2=0.0001",20,2.74,3.77,0.372
7,CS2_8,1119,[16]/l2=0.0,76,3.194,4.516,-1.729
99,CS2_21,736,"[8, 4]/l2=0.0",61,2.912,3.665,0.442
99,CS2_33,468,[8]/l2=0.0001,75,1.692,2.453,0.743
99,CS2_34,471,[16]/l2=0.0,67,2.105,2.78,0.627
99,CS2_35,522,"[8, 4]/l2=0.0",164,2.564,2.812,0.567
99,CS2_36,483,"[8, 4]/l2=0.0001",82,2.423,2.949,0.618
99,CS2_37,552,"[8, 4]/l2=0.0",34,2.117,2.759,0.647
99,CS2_38,571,[16]/l2=0.0,86,3.218,3.689,0.399
99,CS2_8,1119,[16]/l2=0.0,27,3.928,4.542,-1.76
