pool,seed,test_battery,val_battery,n_cycles,cfg,sel_epochs,MAE,RMSE,R2
room,42,CS2_21,B0007,736,"[8, 4]/l2=0.0",29,10.588,13.392,-6.451
room,42,CS2_33,B0007,468,"[8, 4]/l2=0.0",29,21.576,21.848,-19.409
room,42,CS2_34,B0007,471,"[8, 4]/l2=0.0",29,24.622,24.842,-28.81
room,42,CS2_35,B0007,522,"[8, 4]/l2=0.0",29,20.568,20.747,-22.56
room,42,CS2_36,B0007,483,"[8, 4]/l2=0.0",29,19.297,19.551,-15.802
room,42,CS2_37,B0007,552,"[8, 4]/l2=0.0",29,17.635,17.882,-13.842
room,42,CS2_38,B0007,571,"[8, 4]/l2=0.0",29,17.253,17.535,-12.581
room,42,CS2_8,B0007,1119,"[8, 4]/l2=0.0",29,24.97,25.852,-88.412
all13,42,CS2_21,B0027,736,"[8, 4]/l2=0.0001",57,6.812,9.833,-3.017
all13,42,CS2_33,B0027,468,"[8, 4]/l2=0.0001",57,17.832,18.228,-13.206
all13,42,CS2_34,B0027,471,"[8, 4]/l2=0.0001",57,20.565,20.87,-20.04
all13,42,CS2_35,B0027,522,"[8, 4]/l2=0.0001",57,18.997,19.26,-19.304
all13,42,CS2_36,B0027,483,"[8, 4]/l2=0.0001",57,17.515,17.888,-13.064
all13,42,CS2_37,B0027,552,"[8, 4]/l2=0.0001",57,16.161,16.531,-11.684
all13,42,CS2_38,B0027,571,"[8, 4]/l2=0.0001",57,15.742,16.17,-10.549
all13,42,CS2_8,B0027,1119,"[8, 4]/l2=0.0001",57,18.105,19.197,-48.304
