setting,stage,seed,test_battery,val_battery,fit_batteries,cfg,sel_epochs,sel_degenerate,sel_val_rmse,train_RMSE,train_R2,test_nRMSE,test_MAE,test_RMSE,test_R2,test_MAPE,test_MAE_Ah,test_RMSE_Ah,device
TD-Clean-6,pre_refit,42,B0005,B0006,"['B0007', 'B0018']","[8, 4]/l2=0.0001",38,True,14.0019,5.1198,0.6421,0.2557,6.9886,7.8997,0.4086,8.3497,0.1287,0.1455,cpu
TD-Clean-6,refit_on_3,42,B0005,B0006,"['B0006', 'B0007', 'B0018']","[8, 4]/l2=0.0001",38,True,14.0019,3.9715,0.8719,0.1145,2.3466,3.5372,0.8814,2.6435,0.0432,0.0651,cpu
TD-Clean-6,pre_refit,42,B0006,B0005,"['B0007', 'B0018']","[8, 4]/l2=0.0001",53,False,7.3158,2.7984,0.8931,0.3589,11.7003,15.6801,-0.5971,17.5135,0.2361,0.3164,cpu
TD-Clean-6,refit_on_3,42,B0006,B0005,"['B0005', 'B0007', 'B0018']","[8, 4]/l2=0.0001",53,False,7.3158,3.8137,0.8289,0.2138,6.2113,9.3432,0.433,9.2348,0.1253,0.1885,cpu
TD-Clean-6,pre_refit,42,B0007,B0005,"['B0006', 'B0018']","[8, 4]/l2=0.0001",499,False,2.8785,3.0457,0.9303,0.1273,2.1464,3.3185,0.8473,2.3772,0.0404,0.0625,cpu
TD-Clean-6,refit_on_3,42,B0007,B0005,"['B0005', 'B0006', 'B0018']","[8, 4]/l2=0.0001",499,False,2.8785,2.3692,0.9566,0.1041,1.875,2.7121,0.898,2.112,0.0353,0.0511,cpu
TD-Clean-6,pre_refit,42,B0018,B0005,"['B0006', 'B0007']","[8, 4]/l2=0.0001",404,False,1.0255,1.5267,0.9836,0.4897,11.7263,13.6764,-1.6563,14.8144,0.2158,0.2517,cpu
TD-Clean-6,refit_on_3,42,B0018,B0005,"['B0005', 'B0006', 'B0007']","[8, 4]/l2=0.0001",404,False,1.0255,1.3157,0.9869,0.5531,13.2302,15.4463,-2.3883,16.7222,0.2435,0.2842,cpu
TD-Clean-6,pre_refit,7,B0005,B0006,"['B0007', 'B0018']",[16]/l2=0.0001,30,True,14.4305,4.5259,0.7203,0.2462,6.5513,7.6059,0.4518,7.969,0.1207,0.1401,cpu
TD-Clean-6,refit_on_3,7,B0005,B0006,"['B0006', 'B0007', 'B0018']",[16]/l2=0.0001,30,True,14.4305,4.5307,0.8333,0.1378,3.2711,4.2577,0.8282,3.6797,0.0602,0.0784,cpu
TD-Clean-6,pre_refit,7,B0006,B0005,"['B0007', 'B0018']",[16]/l2=0.0001,47,False,6.8218,2.6419,0.9047,0.356,11.0878,15.5542,-0.5715,16.7635,0.2237,0.3138,cpu
TD-Clean-6,refit_on_3,7,B0006,B0005,"['B0005', 'B0007', 'B0018']",[16]/l2=0.0001,47,False,6.8218,3.26,0.875,0.2064,5.8543,9.0171,0.4719,8.8048,0.1181,0.1819,cpu
TD-Clean-6,pre_refit,7,B0007,B0005,"['B0006', 'B0018']",[8]/l2=0.0,190,False,3.2502,3.4434,0.9109,0.1485,2.8096,3.8706,0.7923,3.2031,0.0529,0.0729,cpu
TD-Clean-6,refit_on_3,7,B0007,B0005,"['B0005', 'B0006', 'B0018']",[8]/l2=0.0,190,False,3.2502,2.9513,0.9327,0.124,2.2018,3.2303,0.8553,2.523,0.0414,0.0608,cpu
TD-Clean-6,pre_refit,7,B0018,B0005,"['B0006', 'B0007']","[8, 4]/l2=0.0001",420,False,1.0774,1.5796,0.9824,0.5379,12.9285,15.0226,-2.205,16.321,0.2379,0.2765,cpu
TD-Clean-6,refit_on_3,7,B0018,B0005,"['B0005', 'B0006', 'B0007']","[8, 4]/l2=0.0001",420,False,1.0774,0.981,0.9927,0.5582,13.223,15.5909,-2.4521,16.7443,0.2433,0.2869,cpu
TD-Clean-6,pre_refit,123,B0005,B0006,"['B0007', 'B0018']",[16]/l2=0.0001,200,True,28.7749,1.4355,0.9719,0.4073,9.4776,12.5864,-0.5013,12.3322,0.1745,0.2318,cpu
TD-Clean-6,refit_on_3,123,B0005,B0006,"['B0006', 'B0007', 'B0018']",[16]/l2=0.0001,200,True,28.7749,1.9974,0.9676,0.0556,1.2065,1.7167,0.9721,1.441,0.0222,0.0316,cpu
TD-Clean-6,pre_refit,123,B0006,B0005,"['B0007', 'B0018']",[16]/l2=0.0,37,False,7.624,2.7556,0.8963,0.3833,12.1299,16.746,-0.8216,18.2545,0.2447,0.3379,cpu
TD-Clean-6,refit_on_3,123,B0006,B0005,"['B0005', 'B0007', 'B0018']",[16]/l2=0.0,37,False,7.624,3.4965,0.8562,0.2204,6.2767,9.6306,0.3975,9.4269,0.1266,0.1943,cpu
TD-Clean-6,pre_refit,123,B0007,B0005,"['B0006', 'B0018']",[16]/l2=0.0001,342,False,1.9486,1.6511,0.9795,0.0986,2.1274,2.5706,0.9084,2.3976,0.04,0.0484,cpu
TD-Clean-6,refit_on_3,123,B0007,B0005,"['B0005', 'B0006', 'B0018']",[16]/l2=0.0001,342,False,1.9486,1.2017,0.9888,0.0709,1.4824,1.847,0.9527,1.6728,0.0279,0.0348,cpu
TD-Clean-6,pre_refit,123,B0018,B0005,"['B0006', 'B0007']",[16]/l2=0.0001,345,False,0.8646,1.0464,0.9923,0.6441,15.0959,17.9894,-3.5958,19.1167,0.2778,0.331,cpu
TD-Clean-6,refit_on_3,123,B0018,B0005,"['B0005', 'B0006', 'B0007']",[16]/l2=0.0001,345,False,0.8646,0.9617,0.993,0.6584,15.3,18.3888,-3.8022,19.4078,0.2816,0.3384,cpu
TD-Clean-6,pre_refit,2024,B0005,B0006,"['B0007', 'B0018']",[8]/l2=0.0,43,True,13.7051,3.271,0.8539,0.208,5.4271,6.4254,0.6087,6.6676,0.0999,0.1183,cpu
TD-Clean-6,refit_on_3,2024,B0005,B0006,"['B0006', 'B0007', 'B0018']",[8]/l2=0.0,43,True,13.7051,4.2795,0.8513,0.1237,2.6855,3.8237,0.8614,3.0009,0.0495,0.0704,cpu
TD-Clean-6,pre_refit,2024,B0006,B0005,"['B0007', 'B0018']",[8]/l2=0.0,58,False,6.1905,2.5429,0.9117,0.3247,10.4115,14.1871,-0.3074,15.6206,0.2101,0.2862,cpu
TD-Clean-6,refit_on_3,2024,B0006,B0005,"['B0005', 'B0007', 'B0018']",[8]/l2=0.0,58,False,6.1905,3.1575,0.8827,0.2193,6.6083,9.5828,0.4035,9.8832,0.1333,0.1933,cpu
TD-Clean-6,pre_refit,2024,B0007,B0005,"['B0006', 'B0018']",[16]/l2=0.0001,265,True,2.6023,2.4405,0.9552,0.116,2.2464,3.0222,0.8734,2.5733,0.0423,0.0569,cpu
TD-Clean-6,refit_on_3,2024,B0007,B0005,"['B0005', 'B0006', 'B0018']",[16]/l2=0.0001,265,True,2.6023,1.5045,0.9825,0.0728,1.4367,1.8974,0.9501,1.6731,0.027,0.0357,cpu
TD-Clean-6,pre_refit,2024,B0018,B0005,"['B0006', 'B0007']",[16]/l2=0.0,497,False,0.9397,1.0994,0.9915,0.5694,13.3671,15.9036,-2.5919,16.9505,0.246,0.2927,cpu
TD-Clean-6,refit_on_3,2024,B0018,B0005,"['B0005', 'B0006', 'B0007']",[16]/l2=0.0,497,False,0.9397,0.9065,0.9938,0.6086,14.1052,16.9961,-3.1023,17.9304,0.2596,0.3128,cpu
TD-Clean-6,pre_refit,11,B0005,B0006,"['B0007', 'B0018']","[8, 4]/l2=0.0",30,True,14.8343,6.617,0.4022,0.2902,7.9616,8.9655,0.2382,9.5102,0.1466,0.1651,cpu
TD-Clean-6,refit_on_3,11,B0005,B0006,"['B0006', 'B0007', 'B0018']","[8, 4]/l2=0.0",30,True,14.8343,6.895,0.6139,0.2431,6.1401,7.5116,0.4653,6.7528,0.1131,0.1383,cpu
TD-Clean-6,pre_refit,11,B0006,B0005,"['B0007', 'B0018']",[8]/l2=0.0001,47,False,7.7503,3.0564,0.8724,0.3792,12.267,16.5666,-0.7828,18.3711,0.2475,0.3342,cpu
TD-Clean-6,refit_on_3,11,B0006,B0005,"['B0005', 'B0007', 'B0018']",[8]/l2=0.0001,47,False,7.7503,3.8828,0.8226,0.1926,5.5026,8.4136,0.5402,8.1771,0.111,0.1697,cpu
TD-Clean-6,pre_refit,11,B0007,B0005,"['B0006', 'B0018']","[8, 4]/l2=0.0001",500,False,2.0068,1.3817,0.9856,0.0784,1.6648,2.0437,0.9421,1.9588,0.0313,0.0385,cpu
TD-Clean-6,refit_on_3,11,B0007,B0005,"['B0005', 'B0006', 'B0018']","[8, 4]/l2=0.0001",500,False,2.0068,0.9766,0.9926,0.0476,0.9192,1.2397,0.9787,1.074,0.0173,0.0233,cpu
TD-Clean-6,pre_refit,11,B0018,B0005,"['B0006', 'B0007']","[8, 4]/l2=0.0001",320,False,0.9523,1.069,0.9919,0.6516,15.0659,18.1972,-3.7027,19.1528,0.2772,0.3349,cpu
TD-Clean-6,refit_on_3,11,B0018,B0005,"['B0005', 'B0006', 'B0007']","[8, 4]/l2=0.0001",320,False,0.9523,0.8848,0.9941,0.6292,14.5019,17.5725,-3.3853,18.454,0.2669,0.3234,cpu
TD-Clean-7,pre_refit,42,B0005,B0006,"['B0007', 'B0018']",[8]/l2=0.0,52,False,12.5707,4.098,0.7707,0.2122,5.5784,6.5566,0.5926,6.797,0.1027,0.1207,cpu
TD-Clean-7,refit_on_3,42,B0005,B0006,"['B0006', 'B0007', 'B0018']",[8]/l2=0.0,52,False,12.5707,4.2173,0.8556,0.1127,2.1729,3.4828,0.885,2.4913,0.04,0.0641,cpu
TD-Clean-7,pre_refit,42,B0006,B0005,"['B0007', 'B0018']",[8]/l2=0.0,68,False,6.0091,2.9074,0.8846,0.2997,9.3704,13.0929,-0.1135,14.0313,0.189,0.2642,cpu
TD-Clean-7,refit_on_3,42,B0006,B0005,"['B0005', 'B0007', 'B0018']",[8]/l2=0.0,68,False,6.0091,3.2663,0.8745,0.1975,5.7808,8.6284,0.5164,8.5672,0.1166,0.1741,cpu
TD-Clean-7,pre_refit,42,B0007,B0005,"['B0006', 'B0018']","[8, 4]/l2=0.0001",452,False,2.2009,2.1584,0.965,0.1054,2.1648,2.7463,0.8954,2.4845,0.0408,0.0517,cpu
TD-Clean-7,refit_on_3,42,B0007,B0005,"['B0005', 'B0006', 'B0018']","[8, 4]/l2=0.0001",452,False,2.2009,2.0155,0.9686,0.0864,1.5862,2.2504,0.9298,1.7506,0.0299,0.0424,cpu
TD-Clean-7,pre_refit,42,B0018,B0005,"['B0006', 'B0007']","[8, 4]/l2=0.0",490,False,1.1085,1.6462,0.9809,0.5491,13.1949,15.3361,-2.3401,16.6618,0.2428,0.2822,cpu
TD-Clean-7,refit_on_3,42,B0018,B0005,"['B0005', 'B0006', 'B0007']","[8, 4]/l2=0.0",490,False,1.1085,1.356,0.9861,0.5703,13.7506,15.927,-2.6025,17.3525,0.253,0.2931,cpu
TD-Clean-7,pre_refit,7,B0005,B0006,"['B0007', 'B0018']",[16]/l2=0.0,29,True,13.8135,3.5862,0.8244,0.224,5.8006,6.9201,0.5462,7.1761,0.1068,0.1274,cpu
TD-Clean-7,refit_on_3,7,B0005,B0006,"['B0006', 'B0007', 'B0018']",[16]/l2=0.0,29,True,13.8135,4.0701,0.8655,0.1101,1.9273,3.4022,0.8903,2.2032,0.0355,0.0627,cpu
TD-Clean-7,pre_refit,7,B0006,B0005,"['B0007', 'B0018']",[16]/l2=0.0,43,False,6.4716,2.5812,0.909,0.3283,10.3352,14.3439,-0.3365,15.5192,0.2085,0.2894,cpu
TD-Clean-7,refit_on_3,7,B0006,B0005,"['B0005', 'B0007', 'B0018']",[16]/l2=0.0,43,False,6.4716,2.9708,0.8962,0.1678,5.1866,7.3318,0.6508,7.5619,0.1046,0.1479,cpu
TD-Clean-7,pre_refit,7,B0007,B0005,"['B0006', 'B0018']",[16]/l2=0.0,500,False,1.7192,1.4575,0.984,0.0847,1.7715,2.2065,0.9325,2.0622,0.0333,0.0415,cpu
TD-Clean-7,refit_on_3,7,B0007,B0005,"['B0005', 'B0006', 'B0018']",[16]/l2=0.0,500,False,1.7192,1.1334,0.9901,0.0769,1.6785,2.0042,0.9443,1.9968,0.0316,0.0377,cpu
TD-Clean-7,pre_refit,7,B0018,B0005,"['B0006', 'B0007']","[8, 4]/l2=0.0001",494,False,0.9951,1.4256,0.9857,0.5693,13.7236,15.8989,-2.5898,17.317,0.2525,0.2926,cpu
TD-Clean-7,refit_on_3,7,B0018,B0005,"['B0005', 'B0006', 'B0007']","[8, 4]/l2=0.0001",494,False,0.9951,1.2521,0.9881,0.5936,14.3255,16.5774,-2.9027,18.0742,0.2636,0.3051,cpu
TD-Clean-7,pre_refit,123,B0005,B0006,"['B0007', 'B0018']",[16]/l2=0.0,28,True,12.8075,3.3958,0.8425,0.2044,5.2264,6.3154,0.622,6.4611,0.0962,0.1163,cpu
TD-Clean-7,refit_on_3,123,B0005,B0006,"['B0006', 'B0007', 'B0018']",[16]/l2=0.0,28,True,12.8075,4.2855,0.8509,0.1128,1.9615,3.4849,0.8849,2.2354,0.0361,0.0642,cpu
TD-Clean-7,pre_refit,123,B0006,B0005,"['B0007', 'B0018']",[16]/l2=0.0,33,False,6.0335,2.87,0.8875,0.2981,9.5128,13.0262,-0.1022,14.2097,0.1919,0.2628,cpu
TD-Clean-7,refit_on_3,123,B0006,B0005,"['B0005', 'B0007', 'B0018']",[16]/l2=0.0,33,False,6.0335,3.1999,0.8795,0.1976,5.8132,8.6349,0.5157,8.6135,0.1173,0.1742,cpu
TD-Clean-7,pre_refit,123,B0007,B0005,"['B0006', 'B0018']","[8, 4]/l2=0.0",161,False,2.4625,2.2105,0.9633,0.1061,2.1274,2.7643,0.8941,2.4092,0.04,0.052,cpu
TD-Clean-7,refit_on_3,123,B0007,B0005,"['B0005', 'B0006', 'B0018']","[8, 4]/l2=0.0",161,False,2.4625,1.8856,0.9725,0.0873,1.7322,2.275,0.9282,1.9319,0.0326,0.0428,cpu
TD-Clean-7,pre_refit,123,B0018,B0005,"['B0006', 'B0007']","[8, 4]/l2=0.0",305,False,1.1029,1.2009,0.9898,0.5903,14.1455,16.4861,-2.8599,17.8743,0.2603,0.3034,cpu
TD-Clean-7,refit_on_3,123,B0018,B0005,"['B0005', 'B0006', 'B0007']","[8, 4]/l2=0.0",305,False,1.1029,0.9297,0.9935,0.2591,6.4674,7.2368,0.2563,8.0809,0.119,0.1332,cpu
TD-Clean-7,pre_refit,2024,B0005,B0006,"['B0007', 'B0018']",[8]/l2=0.0,41,True,12.7885,4.1379,0.7662,0.225,5.986,6.9537,0.5418,7.297,0.1102,0.1281,cpu
TD-Clean-7,refit_on_3,2024,B0005,B0006,"['B0006', 'B0007', 'B0018']",[8]/l2=0.0,41,True,12.7885,4.8127,0.8119,0.1343,2.9969,4.1511,0.8367,3.3678,0.0552,0.0764,cpu
TD-Clean-7,pre_refit,2024,B0006,B0005,"['B0007', 'B0018']","[8, 4]/l2=0.0",99,False,5.0818,3.172,0.8626,0.28,9.5923,12.2359,0.0275,14.2129,0.1935,0.2469,cpu
TD-Clean-7,refit_on_3,2024,B0006,B0005,"['B0005', 'B0007', 'B0018']","[8, 4]/l2=0.0",99,False,5.0818,3.0213,0.8926,0.21,7.2728,9.177,0.453,10.6688,0.1467,0.1851,cpu
TD-Clean-7,pre_refit,2024,B0007,B0005,"['B0006', 'B0018']",[16]/l2=0.0001,500,False,1.7358,1.4034,0.9852,0.1112,2.5063,2.8976,0.8836,2.8786,0.0472,0.0545,cpu
TD-Clean-7,refit_on_3,2024,B0007,B0005,"['B0005', 'B0006', 'B0018']",[16]/l2=0.0001,500,False,1.7358,1.1143,0.9904,0.0825,1.7609,2.1503,0.9359,2.0155,0.0331,0.0405,cpu
TD-Clean-7,pre_refit,2024,B0018,B0005,"['B0006', 'B0007']","[8, 4]/l2=0.0001",493,False,1.2067,1.4391,0.9854,0.5166,12.6279,14.4285,-1.9565,15.8841,0.2324,0.2655,cpu
TD-Clean-7,refit_on_3,2024,B0018,B0005,"['B0005', 'B0006', 'B0007']","[8, 4]/l2=0.0001",493,False,1.2067,1.0865,0.9911,0.4951,11.9914,13.8279,-1.7155,15.1134,0.2207,0.2545,cpu
TD-Clean-7,pre_refit,11,B0005,B0006,"['B0007', 'B0018']",[8]/l2=0.0,54,False,10.286,3.1886,0.8612,0.1665,4.0823,5.145,0.7491,5.0259,0.0752,0.0948,cpu
TD-Clean-7,refit_on_3,11,B0005,B0006,"['B0006', 'B0007', 'B0018']",[8]/l2=0.0,54,False,10.286,3.9847,0.8711,0.1121,1.941,3.4643,0.8863,2.2132,0.0357,0.0638,cpu
TD-Clean-7,pre_refit,11,B0006,B0005,"['B0007', 'B0018']","[8, 4]/l2=0.0",39,False,4.8338,2.8819,0.8866,0.2471,8.0,10.7967,0.2428,11.8959,0.1614,0.2178,cpu
TD-Clean-7,refit_on_3,11,B0006,B0005,"['B0005', 'B0007', 'B0018']","[8, 4]/l2=0.0",39,False,4.8338,3.0776,0.8886,0.1883,6.0064,8.2281,0.5602,8.8795,0.1212,0.166,cpu
TD-Clean-7,pre_refit,11,B0007,B0005,"['B0006', 'B0018']",[16]/l2=0.0001,258,False,2.1786,1.6907,0.9785,0.1065,2.3051,2.7747,0.8933,2.651,0.0434,0.0522,cpu
TD-Clean-7,refit_on_3,11,B0007,B0005,"['B0005', 'B0006', 'B0018']",[16]/l2=0.0001,258,False,2.1786,1.4666,0.9834,0.0933,2.0335,2.4313,0.918,2.314,0.0383,0.0458,cpu
TD-Clean-7,pre_refit,11,B0018,B0005,"['B0006', 'B0007']","[8, 4]/l2=0.0001",286,False,1.2585,1.2998,0.9881,0.7977,18.493,22.28,-6.0496,23.5085,0.3403,0.41,cpu
TD-Clean-7,refit_on_3,11,B0018,B0005,"['B0005', 'B0006', 'B0007']","[8, 4]/l2=0.0001",286,False,1.2585,1.1216,0.9905,0.7865,18.0751,21.9657,-5.8521,23.015,0.3326,0.4042,cpu
TD-Clean-8,pre_refit,42,B0005,B0006,"['B0007', 'B0018']",[8]/l2=0.0,35,False,11.6546,3.7038,0.8127,0.203,5.2167,6.2712,0.6273,6.4239,0.0961,0.1155,cpu
TD-Clean-8,refit_on_3,42,B0005,B0006,"['B0006', 'B0007', 'B0018']",[8]/l2=0.0,35,False,11.6546,4.6953,0.821,0.1251,2.4089,3.8648,0.8584,2.7606,0.0444,0.0712,cpu
TD-Clean-8,pre_refit,42,B0006,B0005,"['B0007', 'B0018']",[8]/l2=0.0,43,False,6.0188,3.0606,0.8721,0.271,8.7497,11.8394,0.0895,12.9543,0.1765,0.2389,cpu
TD-Clean-8,refit_on_3,42,B0006,B0005,"['B0005', 'B0007', 'B0018']",[8]/l2=0.0,43,False,6.0188,3.4135,0.8629,0.1869,5.7545,8.1678,0.5667,8.3827,0.1161,0.1648,cpu
TD-Clean-8,pre_refit,42,B0007,B0005,"['B0006', 'B0018']","[8, 4]/l2=0.0001",428,False,1.8765,1.407,0.9851,0.0794,1.675,2.0681,0.9407,1.9263,0.0315,0.0389,cpu
TD-Clean-8,refit_on_3,42,B0007,B0005,"['B0005', 'B0006', 'B0018']","[8, 4]/l2=0.0001",428,False,1.8765,1.1665,0.9895,0.0638,1.3188,1.6631,0.9617,1.5657,0.0248,0.0313,cpu
TD-Clean-8,pre_refit,42,B0018,B0005,"['B0006', 'B0007']","[8, 4]/l2=0.0",373,False,1.2549,1.6074,0.9818,0.5524,13.2695,15.4291,-2.3808,16.7576,0.2442,0.2839,cpu
TD-Clean-8,refit_on_3,42,B0018,B0005,"['B0005', 'B0006', 'B0007']","[8, 4]/l2=0.0",373,False,1.2549,1.2885,0.9874,0.5696,13.7319,15.908,-2.5939,17.3295,0.2527,0.2927,cpu
TD-Clean-8,pre_refit,7,B0005,B0006,"['B0007', 'B0018']","[8, 4]/l2=0.0",33,False,11.454,2.8123,0.892,0.1781,4.3841,5.5025,0.7131,5.4872,0.0807,0.1013,cpu
TD-Clean-8,refit_on_3,7,B0005,B0006,"['B0006', 'B0007', 'B0018']","[8, 4]/l2=0.0",33,False,11.454,3.7856,0.8836,0.0995,1.7319,3.0746,0.9104,1.9675,0.0319,0.0566,cpu
TD-Clean-8,pre_refit,7,B0006,B0005,"['B0007', 'B0018']","[8, 4]/l2=0.0",36,False,5.443,2.6348,0.9052,0.2678,8.6374,11.6995,0.1109,12.8231,0.1743,0.236,cpu
TD-Clean-8,refit_on_3,7,B0006,B0005,"['B0005', 'B0007', 'B0018']","[8, 4]/l2=0.0",36,False,5.443,2.8052,0.9074,0.1795,5.7043,7.8442,0.6003,8.3518,0.1151,0.1583,cpu
TD-Clean-8,pre_refit,7,B0007,B0005,"['B0006', 'B0018']",[16]/l2=0.0001,497,False,1.3526,1.2823,0.9876,0.077,1.672,2.0079,0.9441,1.9347,0.0315,0.0378,cpu
TD-Clean-8,refit_on_3,7,B0007,B0005,"['B0005', 'B0006', 'B0018']",[16]/l2=0.0001,497,False,1.3526,1.0546,0.9914,0.0745,1.6255,1.9404,0.9478,1.9354,0.0306,0.0365,cpu
TD-Clean-8,pre_refit,7,B0018,B0005,"['B0006', 'B0007']","[8, 4]/l2=0.0",404,False,1.1712,1.3288,0.9875,0.4943,11.9855,13.8043,-1.7062,15.0965,0.2206,0.254,cpu
TD-Clean-8,refit_on_3,7,B0018,B0005,"['B0005', 'B0006', 'B0007']","[8, 4]/l2=0.0",404,False,1.1712,0.8988,0.9939,0.4778,11.2602,13.3437,-1.5286,14.2601,0.2072,0.2456,cpu
TD-Clean-8,pre_refit,123,B0005,B0006,"['B0007', 'B0018']",[8]/l2=0.0,59,True,9.7437,3.378,0.8442,0.1652,4.1103,5.1032,0.7532,5.0238,0.0757,0.094,cpu
TD-Clean-8,refit_on_3,123,B0005,B0006,"['B0006', 'B0007', 'B0018']",[8]/l2=0.0,59,True,9.7437,4.2273,0.8549,0.1211,2.2206,3.7431,0.8672,2.5336,0.0409,0.0689,cpu
TD-Clean-8,pre_refit,123,B0006,B0005,"['B0007', 'B0018']",[8]/l2=0.0,64,False,5.0224,3.1879,0.8612,0.2246,7.0141,9.8143,0.3743,10.3924,0.1415,0.198,cpu
TD-Clean-8,refit_on_3,123,B0006,B0005,"['B0005', 'B0007', 'B0018']",[8]/l2=0.0,64,False,5.0224,3.3406,0.8687,0.1684,5.0222,7.3595,0.6482,7.3248,0.1013,0.1485,cpu
TD-Clean-8,pre_refit,123,B0007,B0005,"['B0006', 'B0018']","[8, 4]/l2=0.0",500,False,2.3463,2.1011,0.9668,0.1016,2.0903,2.6472,0.9028,2.3758,0.0394,0.0498,cpu
TD-Clean-8,refit_on_3,123,B0007,B0005,"['B0005', 'B0006', 'B0018']","[8, 4]/l2=0.0",500,False,2.3463,1.361,0.9857,0.0825,1.6933,2.1504,0.9359,1.9536,0.0319,0.0405,cpu
TD-Clean-8,pre_refit,123,B0018,B0005,"['B0006', 'B0007']",[8]/l2=0.0001,487,False,1.1191,1.4183,0.9858,0.5319,12.9793,14.856,-2.1343,16.3263,0.2389,0.2734,cpu
TD-Clean-8,refit_on_3,123,B0018,B0005,"['B0005', 'B0006', 'B0007']",[8]/l2=0.0001,487,False,1.1191,1.4202,0.9847,0.5501,13.4627,15.3627,-2.3517,16.9335,0.2477,0.2827,cpu
TD-Clean-8,pre_refit,2024,B0005,B0006,"['B0007', 'B0018']",[8]/l2=0.0001,39,False,12.6376,3.8326,0.7994,0.2218,5.8081,6.8533,0.5549,7.1461,0.107,0.1262,cpu
TD-Clean-8,refit_on_3,2024,B0005,B0006,"['B0006', 'B0007', 'B0018']",[8]/l2=0.0001,39,False,12.6376,4.1464,0.8604,0.1105,2.0121,3.4134,0.8896,2.3422,0.0371,0.0629,cpu
TD-Clean-8,pre_refit,2024,B0006,B0005,"['B0007', 'B0018']",[16]/l2=0.0001,41,False,6.1098,2.8434,0.8896,0.3082,9.8155,13.466,-0.1779,14.6683,0.198,0.2717,cpu
TD-Clean-8,refit_on_3,2024,B0006,B0005,"['B0005', 'B0007', 'B0018']",[16]/l2=0.0001,41,False,6.1098,3.0345,0.8917,0.2188,6.5687,9.5587,0.4065,9.7803,0.1325,0.1928,cpu
TD-Clean-8,pre_refit,2024,B0007,B0005,"['B0006', 'B0018']",[8]/l2=0.0,327,True,2.0126,1.886,0.9733,0.1054,2.239,2.7462,0.8954,2.5717,0.0421,0.0517,cpu
TD-Clean-8,refit_on_3,2024,B0007,B0005,"['B0005', 'B0006', 'B0018']",[8]/l2=0.0,327,True,2.0126,1.4631,0.9835,0.0862,1.8515,2.2466,0.93,2.1603,0.0349,0.0423,cpu
TD-Clean-8,pre_refit,2024,B0018,B0005,"['B0006', 'B0007']","[8, 4]/l2=0.0",464,False,0.9069,1.4144,0.9859,0.5098,12.3812,14.2386,-1.8792,15.5983,0.2278,0.262,cpu
TD-Clean-8,refit_on_3,2024,B0018,B0005,"['B0005', 'B0006', 'B0007']","[8, 4]/l2=0.0",464,False,0.9069,0.9008,0.9939,0.4682,11.1119,13.0771,-1.4286,14.0616,0.2045,0.2406,cpu
TD-Clean-8,pre_refit,11,B0005,B0006,"['B0007', 'B0018']","[8, 4]/l2=0.0001",36,False,11.5775,6.0613,0.4983,0.2459,6.4585,7.5989,0.4528,7.4696,0.1189,0.1399,cpu
TD-Clean-8,refit_on_3,11,B0005,B0006,"['B0006', 'B0007', 'B0018']","[8, 4]/l2=0.0001",36,False,11.5775,3.9679,0.8721,0.1032,1.6435,3.1898,0.9036,1.8471,0.0303,0.0587,cpu
TD-Clean-8,pre_refit,11,B0006,B0005,"['B0007', 'B0018']",[8]/l2=0.0,62,False,6.2743,2.6332,0.9053,0.3179,10.4499,13.8879,-0.2529,15.5444,0.2108,0.2802,cpu
TD-Clean-8,refit_on_3,11,B0006,B0005,"['B0005', 'B0007', 'B0018']",[8]/l2=0.0,62,False,6.2743,2.8664,0.9033,0.1621,5.2499,7.0825,0.6742,7.5361,0.1059,0.1429,cpu
TD-Clean-8,pre_refit,11,B0007,B0005,"['B0006', 'B0018']","[8, 4]/l2=0.0",263,False,2.2916,2.2319,0.9625,0.1243,2.8379,3.2381,0.8546,3.2401,0.0534,0.061,cpu
TD-Clean-8,refit_on_3,11,B0007,B0005,"['B0005', 'B0006', 'B0018']","[8, 4]/l2=0.0",263,False,2.2916,1.6855,0.9781,0.0932,2.1089,2.4283,0.9182,2.4167,0.0397,0.0457,cpu
TD-Clean-8,pre_refit,11,B0018,B0005,"['B0006', 'B0007']",[16]/l2=0.0,383,False,1.0816,1.1536,0.9906,0.5554,13.184,15.5119,-2.4172,16.6759,0.2426,0.2855,cpu
TD-Clean-8,refit_on_3,11,B0018,B0005,"['B0005', 'B0006', 'B0007']",[16]/l2=0.0,383,False,1.0816,1.0401,0.9918,0.5719,13.4866,15.9713,-2.6225,17.0781,0.2482,0.2939,cpu
