setting,stage,seed,test_battery,cfg,sel_epochs,sel_degenerate,sel_val_rmse,anchor_offset,n_test,test_MAE,test_RMSE,test_R2,test_MAPE,mono_MAE,mono_RMSE,mono_R2,mono_MAPE,device
TD-Clean-7,dsoh_refit,42,B0005,[16]/l2=0.0001,146,True,2.29,0.8076,167,10.7559,12.5278,-0.4874,13.7069,10.2968,12.3884,-0.4545,13.2262,cpu
TD-Clean-7,dsoh_refit,42,B0006,"[8, 4]/l2=0.0",274,False,1.5043,0.883,167,4.9804,6.8717,0.6933,7.5362,4.5173,5.86,0.7769,6.7619,cpu
TD-Clean-7,dsoh_refit,42,B0007,[16]/l2=0.0,152,True,2.309,0.4535,167,3.3893,4.505,0.7186,4.1758,3.4648,4.553,0.7126,4.2523,cpu
TD-Clean-7,dsoh_refit,42,B0018,"[8, 4]/l2=0.0",170,False,3.0601,0.8026,130,17.1668,19.4952,-4.3975,21.5038,17.1668,19.4952,-4.3975,21.5038,cpu
TD-Clean-7,dsoh_refit,7,B0005,"[8, 4]/l2=0.0",131,False,3.1449,0.8076,167,3.2916,4.0664,0.8433,4.21,3.3255,4.0855,0.8418,4.2436,cpu
TD-Clean-7,dsoh_refit,7,B0006,[16]/l2=0.0,190,False,2.1688,0.883,167,2.5681,2.9767,0.9424,3.6497,2.5602,2.9671,0.9428,3.6379,cpu
TD-Clean-7,dsoh_refit,7,B0007,"[8, 4]/l2=0.0",200,False,3.4224,0.4535,167,7.5397,8.9312,-0.1059,9.2512,7.4026,8.8825,-0.0939,9.1041,cpu
TD-Clean-7,dsoh_refit,7,B0018,[16]/l2=0.0,248,False,6.2536,0.8026,130,40.6913,46.5445,-29.766,51.1295,40.6913,46.5445,-29.766,51.1295,cpu
TD-Clean-7,dsoh_refit,123,B0005,[16]/l2=0.0001,158,True,2.645,0.8076,167,3.8758,5.0673,0.7567,5.06,3.9282,5.0802,0.7554,5.1122,cpu
TD-Clean-7,dsoh_refit,123,B0006,"[8, 4]/l2=0.0001",60,True,2.9228,0.883,167,11.2718,14.1801,-0.3061,16.8634,10.4056,12.5983,-0.031,15.427,cpu
TD-Clean-7,dsoh_refit,123,B0007,"[8, 4]/l2=0.0",26,True,5.3282,0.4535,167,7.3423,8.1966,0.0685,8.8458,7.3423,8.1966,0.0685,8.8458,cpu
TD-Clean-7,dsoh_refit,123,B0018,[8]/l2=0.0,475,False,6.7789,0.8026,130,25.4012,29.4379,-11.3068,31.978,25.4012,29.4379,-11.3068,31.978,cpu
TD-Clean-7,dsoh_refit,2024,B0005,[8]/l2=0.0,60,True,6.1726,0.8076,167,8.4352,8.7636,0.2722,10.2082,8.4352,8.7636,0.2722,10.2082,cpu
TD-Clean-7,dsoh_refit,2024,B0006,"[8, 4]/l2=0.0",176,False,3.7176,0.883,167,10.4609,13.0467,-0.1057,15.6226,9.828,11.9346,0.0748,14.5817,cpu
TD-Clean-7,dsoh_refit,2024,B0007,"[8, 4]/l2=0.0",70,True,3.3426,0.4535,167,6.5322,7.1002,0.3011,7.8132,6.5322,7.1002,0.3011,7.8132,cpu
TD-Clean-7,dsoh_refit,2024,B0018,[8]/l2=0.0,353,False,4.7085,0.8026,130,29.1616,32.7936,-14.2726,36.4918,29.1616,32.7936,-14.2726,36.4918,cpu
TD-Clean-7,dsoh_refit,11,B0005,[8]/l2=0.0,46,True,8.6174,0.8076,167,2.8102,3.52,0.8826,3.1365,2.8102,3.52,0.8826,3.1365,cpu
TD-Clean-7,dsoh_refit,11,B0006,"[8, 4]/l2=0.0001",72,False,2.4885,0.883,167,10.3059,11.7,0.1108,14.9522,10.3059,11.7,0.1108,14.9522,cpu
TD-Clean-7,dsoh_refit,11,B0007,"[8, 4]/l2=0.0",29,True,3.4858,0.4535,167,5.5431,6.2326,0.4614,6.6733,5.5431,6.2326,0.4614,6.6733,cpu
TD-Clean-7,dsoh_refit,11,B0018,[8]/l2=0.0,326,False,6.0405,0.8026,130,32.5817,37.5972,-19.0745,41.0021,32.5817,37.5972,-19.0745,41.0021,cpu
TD-Clean-8,dsoh_refit,42,B0005,"[8, 4]/l2=0.0001",46,True,4.9157,0.8076,167,4.1709,4.5752,0.8016,4.8499,4.1709,4.5752,0.8016,4.8499,cpu
TD-Clean-8,dsoh_refit,42,B0006,"[8, 4]/l2=0.0001",28,False,2.5311,0.883,167,8.9963,10.2039,0.3237,13.0157,8.9963,10.2039,0.3237,13.0157,cpu
TD-Clean-8,dsoh_refit,42,B0007,"[8, 4]/l2=0.0",22,True,2.3679,0.4535,167,2.7731,3.1021,0.8666,3.2402,2.7731,3.1021,0.8666,3.2402,cpu
TD-Clean-8,dsoh_refit,42,B0018,[16]/l2=0.0,253,False,2.6331,0.8026,130,40.6586,46.7879,-30.0886,51.1512,40.6586,46.7879,-30.0886,51.1512,cpu
TD-Clean-8,dsoh_refit,7,B0005,[8]/l2=0.0001,54,True,5.669,0.8076,167,8.1571,8.5518,0.3069,9.9591,8.1571,8.5518,0.3069,9.9591,cpu
TD-Clean-8,dsoh_refit,7,B0006,"[8, 4]/l2=0.0",49,False,1.9446,0.883,167,9.1459,10.0967,0.3378,13.0811,9.1459,10.0967,0.3378,13.0811,cpu
TD-Clean-8,dsoh_refit,7,B0007,"[8, 4]/l2=0.0001",200,True,2.1116,0.4535,167,4.098,5.9534,0.5086,5.0814,3.3506,4.3082,0.7427,4.0663,cpu
TD-Clean-8,dsoh_refit,7,B0018,[16]/l2=0.0001,324,False,1.7512,0.8026,130,42.5955,49.3139,-33.5361,53.6556,42.5955,49.3139,-33.5361,53.6556,cpu
TD-Clean-8,dsoh_refit,123,B0005,"[8, 4]/l2=0.0",28,True,6.0209,0.8076,167,4.9455,5.2628,0.7375,6.0092,4.9455,5.2628,0.7375,6.0092,cpu
TD-Clean-8,dsoh_refit,123,B0006,"[8, 4]/l2=0.0001",24,False,2.5293,0.883,167,8.3394,9.3113,0.4368,11.9259,8.3394,9.3113,0.4368,11.9259,cpu
TD-Clean-8,dsoh_refit,123,B0007,[8]/l2=0.0001,200,True,2.2115,0.4535,167,7.2599,7.613,0.1965,8.5007,7.4335,7.7588,0.1654,8.7302,cpu
TD-Clean-8,dsoh_refit,123,B0018,[8]/l2=0.0,473,False,3.1585,0.8026,130,42.2155,48.6998,-32.6813,53.1367,42.2155,48.6998,-32.6813,53.1367,cpu
TD-Clean-8,dsoh_refit,2024,B0005,"[8, 4]/l2=0.0",487,True,4.2099,0.8076,167,4.4317,5.6741,0.6949,5.6309,4.3686,5.3226,0.7315,5.4601,cpu
TD-Clean-8,dsoh_refit,2024,B0006,[8]/l2=0.0001,111,False,2.1788,0.883,167,15.1273,17.1852,-0.9184,21.8946,14.9998,17.1255,-0.9051,21.7462,cpu
TD-Clean-8,dsoh_refit,2024,B0007,"[8, 4]/l2=0.0",73,True,2.4043,0.4535,167,3.4559,3.7214,0.808,4.0542,3.4559,3.7214,0.808,4.0542,cpu
TD-Clean-8,dsoh_refit,2024,B0018,"[8, 4]/l2=0.0001",251,False,4.2217,0.8026,130,12.3849,15.0021,-2.1962,15.6768,12.3851,15.0021,-2.1962,15.6769,cpu
TD-Clean-8,dsoh_refit,11,B0005,[16]/l2=0.0001,77,True,6.506,0.8076,167,4.0707,4.336,0.8218,4.8149,4.0707,4.336,0.8218,4.8149,cpu
TD-Clean-8,dsoh_refit,11,B0006,[16]/l2=0.0,447,False,1.2276,0.883,167,12.782,14.9293,-0.4478,18.6285,12.4248,14.5843,-0.3816,18.1545,cpu
TD-Clean-8,dsoh_refit,11,B0007,"[8, 4]/l2=0.0001",27,True,6.0427,0.4535,167,8.7465,9.5045,-0.2524,10.4919,8.7465,9.5045,-0.2524,10.4919,cpu
TD-Clean-8,dsoh_refit,11,B0018,"[8, 4]/l2=0.0",123,False,4.2231,0.8026,130,13.8435,15.5249,-2.4229,17.2792,13.8435,15.5249,-2.4229,17.2792,cpu
