setting,k,seed,test_battery,train_cells,cfg,sel_epochs,sel_degenerate,test_MAE,test_RMSE,test_R2,test_nRMSE
TD-All,3,42,B0005,3,[16]/l2=0.0,200,True,2.8272,3.4267,0.8895,0.1109
TD-All,3,42,B0006,3,[16]/l2=0.0001,60,True,7.6964,9.0325,0.4741,0.2067
TD-All,3,42,B0007,3,[16]/l2=0.0001,60,True,3.8704,4.7175,0.6937,0.181
TD-All,3,42,B0018,3,[16]/l2=0.0001,60,True,5.5184,6.3792,0.4212,0.2284
TD-All,3,42,B0025,3,[16]/l2=0.0001,60,True,10.2377,10.4043,-75.972,2.3651
TD-All,3,42,B0026,3,[16]/l2=0.0001,60,True,10.3817,10.5723,-4.6832,0.4459
TD-All,3,42,B0027,3,[16]/l2=0.0001,60,True,13.6684,13.7357,-385.2621,4.6862
TD-All,3,42,B0028,3,[16]/l2=0.0001,60,True,2.0223,2.7473,-3.7347,0.5643
TD-All,3,42,B0029,3,[16]/l2=0.0001,60,True,3.1158,3.7019,-0.0871,0.2863
TD-All,3,42,B0030,3,[16]/l2=0.0001,60,True,2.8267,3.3688,0.0768,0.2676
TD-All,3,42,B0031,3,"[8, 4]/l2=0.0",59,True,11.8238,12.0707,-23.7007,1.2958
TD-All,3,42,B0032,3,"[8, 4]/l2=0.0",59,True,9.5122,10.2086,-6.588,0.7268
TD-All,3,42,B0047,3,[16]/l2=0.0001,51,True,10.0283,11.2785,-1.4222,0.3039
TD-All,3,42,B0048,3,[16]/l2=0.0001,51,True,6.7212,7.6367,-0.6908,0.2322
