setting,stage,seed,test_battery,val_battery,fit_batteries,cfg,sel_epochs,sel_degenerate,sel_val_rmse,train_RMSE,train_R2,test_nRMSE,test_MAE,test_RMSE,test_R2,test_MAPE,test_MAE_Ah,test_RMSE_Ah,device,window_min,curve
W5-PF,pre_refit,42,B0005,B0006,"['B0007', 'B0018']",[16]/l2=0.0001,64,False,3.8205,4.0135,0.7801,0.1002,2.137,3.0976,0.9091,2.5337,0.0394,0.057,cpu,5.0,PF
W5-PF,refit_on_3,42,B0005,B0006,"['B0006', 'B0007', 'B0018']",[16]/l2=0.0001,64,False,3.8205,3.8615,0.8789,0.1021,2.1276,3.1556,0.9056,2.4893,0.0392,0.0581,cpu,5.0,PF
W5-PF,pre_refit,42,B0006,B0005,"['B0007', 'B0018']",[16]/l2=0.0001,61,False,2.9662,4.0687,0.774,0.0903,2.8099,3.9446,0.8989,3.7499,0.0567,0.0796,cpu,5.0,PF
W5-PF,refit_on_3,42,B0006,B0005,"['B0005', 'B0007', 'B0018']",[16]/l2=0.0001,61,False,2.9662,3.5249,0.8538,0.0867,2.7478,3.7894,0.9067,3.6308,0.0554,0.0765,cpu,5.0,PF
W5-PF,pre_refit,42,B0007,B0005,"['B0006', 'B0018']","[8, 4]/l2=0.0001",325,False,1.5599,1.8866,0.9732,0.1024,2.4322,2.6676,0.9013,2.842,0.0458,0.0502,cpu,5.0,PF
W5-PF,refit_on_3,42,B0007,B0005,"['B0005', 'B0006', 'B0018']","[8, 4]/l2=0.0001",325,False,1.5599,1.6559,0.9788,0.0914,2.1813,2.3819,0.9213,2.5676,0.0411,0.0448,cpu,5.0,PF
W5-PF,pre_refit,42,B0018,B0005,"['B0006', 'B0007']","[8, 4]/l2=0.0",295,False,2.2235,1.9136,0.9742,0.1343,2.4649,3.7517,0.8001,2.8148,0.0454,0.069,cpu,5.0,PF
W5-PF,refit_on_3,42,B0018,B0005,"['B0005', 'B0006', 'B0007']","[8, 4]/l2=0.0",295,False,2.2235,1.7558,0.9767,0.1308,2.4663,3.6544,0.8103,2.8117,0.0454,0.0672,cpu,5.0,PF
W5-PF,pre_refit,7,B0005,B0006,"['B0007', 'B0018']",[16]/l2=0.0001,118,False,3.9424,2.8774,0.887,0.1059,2.4874,3.2713,0.8986,3.0074,0.0458,0.0602,cpu,5.0,PF
W5-PF,refit_on_3,7,B0005,B0006,"['B0006', 'B0007', 'B0018']",[16]/l2=0.0001,118,False,3.9424,2.7289,0.9395,0.0848,2.0559,2.6199,0.935,2.4627,0.0379,0.0482,cpu,5.0,PF
W5-PF,pre_refit,7,B0006,B0005,"['B0007', 'B0018']","[8, 4]/l2=0.0",237,False,2.7916,1.883,0.9516,0.1914,6.5088,8.3631,0.5457,9.5641,0.1313,0.1687,cpu,5.0,PF
W5-PF,refit_on_3,7,B0006,B0005,"['B0005', 'B0007', 'B0018']","[8, 4]/l2=0.0",237,False,2.7916,1.4844,0.9741,0.169,5.459,7.3856,0.6457,8.0503,0.1101,0.149,cpu,5.0,PF
W5-PF,pre_refit,7,B0007,B0005,"['B0006', 'B0018']",[8]/l2=0.0001,471,False,1.3753,2.146,0.9654,0.0949,2.3114,2.4741,0.9151,2.6913,0.0435,0.0466,cpu,5.0,PF
W5-PF,refit_on_3,7,B0007,B0005,"['B0005', 'B0006', 'B0018']",[8]/l2=0.0001,471,False,1.3753,1.7354,0.9767,0.0897,2.1769,2.3373,0.9243,2.5485,0.041,0.044,cpu,5.0,PF
W5-PF,pre_refit,7,B0018,B0005,"['B0006', 'B0007']",[16]/l2=0.0,298,False,2.5338,1.9614,0.9729,0.1775,3.4567,4.9581,0.6509,4.0997,0.0636,0.0912,cpu,5.0,PF
W5-PF,refit_on_3,7,B0018,B0005,"['B0005', 'B0006', 'B0007']",[16]/l2=0.0,298,False,2.5338,1.7207,0.9776,0.1884,3.7206,5.2621,0.6068,4.4778,0.0685,0.0968,cpu,5.0,PF
W5-PF,pre_refit,123,B0005,B0006,"['B0007', 'B0018']",[8]/l2=0.0001,147,False,3.9303,3.5045,0.8323,0.1275,2.9243,3.9403,0.8529,3.4919,0.0539,0.0726,cpu,5.0,PF
W5-PF,refit_on_3,123,B0005,B0006,"['B0006', 'B0007', 'B0018']",[8]/l2=0.0001,147,False,3.9303,3.5126,0.8998,0.1162,2.8591,3.5893,0.8779,3.346,0.0527,0.0661,cpu,5.0,PF
W5-PF,pre_refit,123,B0006,B0005,"['B0007', 'B0018']",[16]/l2=0.0,71,False,3.1432,3.5548,0.8275,0.121,4.0008,5.2854,0.8185,5.6039,0.0807,0.1066,cpu,5.0,PF
W5-PF,refit_on_3,123,B0006,B0005,"['B0005', 'B0007', 'B0018']",[16]/l2=0.0,71,False,3.1432,3.1813,0.8809,0.1053,3.3582,4.5996,0.8626,4.6941,0.0678,0.0928,cpu,5.0,PF
W5-PF,pre_refit,123,B0007,B0005,"['B0006', 'B0018']",[16]/l2=0.0,458,False,1.5933,2.0932,0.9671,0.1024,2.48,2.6684,0.9013,2.8703,0.0467,0.0502,cpu,5.0,PF
W5-PF,refit_on_3,123,B0007,B0005,"['B0005', 'B0006', 'B0018']",[16]/l2=0.0,458,False,1.5933,1.6886,0.978,0.0991,2.3525,2.5838,0.9074,2.7521,0.0443,0.0486,cpu,5.0,PF
W5-PF,pre_refit,123,B0018,B0005,"['B0006', 'B0007']",[16]/l2=0.0,379,False,1.9811,1.536,0.9834,0.1203,2.4247,3.3593,0.8397,2.7766,0.0446,0.0618,cpu,5.0,PF
W5-PF,refit_on_3,123,B0018,B0005,"['B0005', 'B0006', 'B0007']",[16]/l2=0.0,379,False,1.9811,1.5322,0.9822,0.1346,2.6664,3.7582,0.7994,3.1106,0.0491,0.0692,cpu,5.0,PF
W5-PL,pre_refit,42,B0005,B0006,"['B0007', 'B0018']",[16]/l2=0.0001,32,False,2.6664,3.4365,0.8387,0.0716,1.5342,2.2122,0.9536,1.756,0.0283,0.0407,cpu,5.0,PL
W5-PL,refit_on_3,42,B0005,B0006,"['B0006', 'B0007', 'B0018']",[16]/l2=0.0001,32,False,2.6664,3.3989,0.9062,0.0833,1.6239,2.5744,0.9372,1.868,0.0299,0.0474,cpu,5.0,PL
W5-PL,pre_refit,42,B0006,B0005,"['B0007', 'B0018']",[8]/l2=0.0,61,False,2.167,3.405,0.8417,0.0699,2.5054,3.0547,0.9394,3.3541,0.0505,0.0616,cpu,5.0,PL
W5-PL,refit_on_3,42,B0006,B0005,"['B0005', 'B0007', 'B0018']",[8]/l2=0.0,61,False,2.167,2.8573,0.9039,0.069,2.5191,3.0156,0.9409,3.3575,0.0508,0.0608,cpu,5.0,PL
W5-PL,pre_refit,42,B0007,B0005,"['B0006', 'B0018']","[8, 4]/l2=0.0001",388,False,1.9174,1.9737,0.9707,0.1221,2.8523,3.181,0.8597,3.2756,0.0537,0.0599,cpu,5.0,PL
W5-PL,refit_on_3,42,B0007,B0005,"['B0005', 'B0006', 'B0018']","[8, 4]/l2=0.0001",388,False,1.9174,1.8322,0.9741,0.1277,3.0191,3.3284,0.8464,3.527,0.0568,0.0627,cpu,5.0,PL
W5-PL,pre_refit,42,B0018,B0005,"['B0006', 'B0007']",[16]/l2=0.0,322,False,1.8134,1.2295,0.9893,0.1436,2.7708,4.0118,0.7714,3.2039,0.051,0.0738,cpu,5.0,PL
W5-PL,refit_on_3,42,B0018,B0005,"['B0005', 'B0006', 'B0007']",[16]/l2=0.0,322,False,1.8134,1.2813,0.9876,0.143,2.8267,3.994,0.7735,3.3167,0.052,0.0735,cpu,5.0,PL
W5-PL,pre_refit,7,B0005,B0006,"['B0007', 'B0018']",[8]/l2=0.0001,60,False,3.0836,3.2616,0.8547,0.0791,1.7606,2.4451,0.9433,2.0596,0.0324,0.045,cpu,5.0,PL
W5-PL,refit_on_3,7,B0005,B0006,"['B0006', 'B0007', 'B0018']",[8]/l2=0.0001,60,False,3.0836,3.4368,0.9041,0.0844,1.7628,2.6092,0.9355,2.0262,0.0325,0.0481,cpu,5.0,PL
W5-PL,pre_refit,7,B0006,B0005,"['B0007', 'B0018']",[8]/l2=0.0,54,False,2.3095,3.3687,0.845,0.0727,2.2984,3.1771,0.9344,3.0887,0.0464,0.0641,cpu,5.0,PL
W5-PL,refit_on_3,7,B0006,B0005,"['B0005', 'B0007', 'B0018']",[8]/l2=0.0,54,False,2.3095,2.9126,0.9002,0.0688,2.3296,3.0055,0.9413,3.054,0.047,0.0606,cpu,5.0,PL
W5-PL,pre_refit,7,B0007,B0005,"['B0006', 'B0018']",[8]/l2=0.0001,394,False,1.823,2.5949,0.9494,0.1137,2.6376,2.9623,0.8783,3.0764,0.0497,0.0558,cpu,5.0,PL
W5-PL,refit_on_3,7,B0007,B0005,"['B0005', 'B0006', 'B0018']",[8]/l2=0.0001,394,False,1.823,2.0402,0.9678,0.1083,2.5361,2.8228,0.8895,2.9897,0.0477,0.0531,cpu,5.0,PL
W5-PL,pre_refit,7,B0018,B0005,"['B0006', 'B0007']",[16]/l2=0.0001,280,False,2.0019,1.205,0.9898,0.1459,2.9019,4.0743,0.7643,3.2984,0.0534,0.075,cpu,5.0,PL
W5-PL,refit_on_3,7,B0018,B0005,"['B0005', 'B0006', 'B0007']",[16]/l2=0.0001,280,False,2.0019,1.2812,0.9876,0.1327,2.6467,3.706,0.805,3.0363,0.0487,0.0682,cpu,5.0,PL
W5-PL,pre_refit,123,B0005,B0006,"['B0007', 'B0018']",[16]/l2=0.0001,67,False,2.9184,3.0038,0.8768,0.0779,1.789,2.407,0.9451,2.109,0.0329,0.0443,cpu,5.0,PL
W5-PL,refit_on_3,123,B0005,B0006,"['B0006', 'B0007', 'B0018']",[16]/l2=0.0001,67,False,2.9184,3.3249,0.9102,0.0884,2.0057,2.7307,0.9293,2.3,0.0369,0.0503,cpu,5.0,PL
W5-PL,pre_refit,123,B0006,B0005,"['B0007', 'B0018']","[8, 4]/l2=0.0",48,False,2.2014,3.0481,0.8731,0.0761,2.617,3.326,0.9281,3.6416,0.0528,0.0671,cpu,5.0,PL
W5-PL,refit_on_3,123,B0006,B0005,"['B0005', 'B0007', 'B0018']","[8, 4]/l2=0.0",48,False,2.2014,2.5991,0.9205,0.0748,2.7598,3.2695,0.9306,3.7497,0.0557,0.066,cpu,5.0,PL
W5-PL,pre_refit,123,B0007,B0005,"['B0006', 'B0018']",[8]/l2=0.0,173,False,1.8194,2.7368,0.9437,0.1028,2.312,2.6781,0.9006,2.7521,0.0435,0.0504,cpu,5.0,PL
W5-PL,refit_on_3,123,B0007,B0005,"['B0005', 'B0006', 'B0018']",[8]/l2=0.0,173,False,1.8194,2.6423,0.9461,0.1119,2.4603,2.9175,0.882,2.9085,0.0463,0.0549,cpu,5.0,PL
W5-PL,pre_refit,123,B0018,B0005,"['B0006', 'B0007']","[8, 4]/l2=0.0",131,False,2.3195,2.0774,0.9696,0.1882,4.3416,5.2563,0.6076,5.1336,0.0799,0.0967,cpu,5.0,PL
W5-PL,refit_on_3,123,B0018,B0005,"['B0005', 'B0006', 'B0007']","[8, 4]/l2=0.0",131,False,2.3195,1.9338,0.9717,0.1719,3.9722,4.7998,0.6728,4.7201,0.0731,0.0883,cpu,5.0,PL
W10-PF,pre_refit,42,B0005,B0006,"['B0007', 'B0018']",[16]/l2=0.0001,59,False,3.7655,4.0907,0.7715,0.1027,2.1972,3.1738,0.9045,2.5969,0.0405,0.0584,cpu,10.0,PF
W10-PF,refit_on_3,42,B0005,B0006,"['B0006', 'B0007', 'B0018']",[16]/l2=0.0001,59,False,3.7655,3.8953,0.8768,0.1024,2.1081,3.1643,0.9051,2.4634,0.0388,0.0583,cpu,10.0,PF
W10-PF,pre_refit,42,B0006,B0005,"['B0007', 'B0018']",[16]/l2=0.0001,55,False,3.0156,4.1722,0.7623,0.0896,2.7518,3.9145,0.9005,3.7156,0.0555,0.079,cpu,10.0,PF
W10-PF,refit_on_3,42,B0006,B0005,"['B0005', 'B0007', 'B0018']",[16]/l2=0.0001,55,False,3.0156,3.611,0.8466,0.0869,2.7156,3.7979,0.9063,3.5981,0.0548,0.0766,cpu,10.0,PF
W10-PF,pre_refit,42,B0007,B0005,"['B0006', 'B0018']","[8, 4]/l2=0.0001",299,False,1.6303,1.983,0.9704,0.1078,2.5977,2.8098,0.8905,3.047,0.0489,0.0529,cpu,10.0,PF
W10-PF,refit_on_3,42,B0007,B0005,"['B0005', 'B0006', 'B0018']","[8, 4]/l2=0.0001",299,False,1.6303,1.664,0.9786,0.0973,2.3414,2.5363,0.9108,2.7644,0.0441,0.0477,cpu,10.0,PF
W10-PF,pre_refit,42,B0018,B0005,"['B0006', 'B0007']","[8, 4]/l2=0.0",295,False,2.1926,1.8773,0.9751,0.139,2.6,3.8815,0.786,2.953,0.0478,0.0714,cpu,10.0,PF
W10-PF,refit_on_3,42,B0018,B0005,"['B0005', 'B0006', 'B0007']","[8, 4]/l2=0.0",295,False,2.1926,1.7342,0.9773,0.1366,2.6417,3.816,0.7932,3.0044,0.0486,0.0702,cpu,10.0,PF
W10-PF,pre_refit,7,B0005,B0006,"['B0007', 'B0018']",[16]/l2=0.0001,99,False,3.9148,3.1435,0.8651,0.1093,2.5538,3.3772,0.8919,3.0674,0.047,0.0622,cpu,10.0,PF
W10-PF,refit_on_3,7,B0005,B0006,"['B0006', 'B0007', 'B0018']",[16]/l2=0.0001,99,False,3.9148,2.9233,0.9306,0.0944,2.2864,2.9169,0.9194,2.7192,0.0421,0.0537,cpu,10.0,PF
W10-PF,pre_refit,7,B0006,B0005,"['B0007', 'B0018']","[8, 4]/l2=0.0",237,False,2.8259,1.9001,0.9507,0.1923,6.4955,8.402,0.5414,9.5683,0.131,0.1695,cpu,10.0,PF
W10-PF,refit_on_3,7,B0006,B0005,"['B0005', 'B0007', 'B0018']","[8, 4]/l2=0.0",237,False,2.8259,1.4856,0.974,0.1686,5.3794,7.3648,0.6477,7.9487,0.1085,0.1486,cpu,10.0,PF
W10-PF,pre_refit,7,B0007,B0005,"['B0006', 'B0018']",[8]/l2=0.0,471,False,1.3285,2.1446,0.9654,0.0995,2.4443,2.592,0.9069,2.8599,0.046,0.0488,cpu,10.0,PF
W10-PF,refit_on_3,7,B0007,B0005,"['B0005', 'B0006', 'B0018']",[8]/l2=0.0,471,False,1.3285,1.711,0.9774,0.0928,2.2646,2.4192,0.9189,2.657,0.0426,0.0455,cpu,10.0,PF
W10-PF,pre_refit,7,B0018,B0005,"['B0006', 'B0007']",[16]/l2=0.0,415,False,2.0656,1.5664,0.9827,0.1819,3.533,5.0796,0.6336,4.2058,0.065,0.0935,cpu,10.0,PF
W10-PF,refit_on_3,7,B0018,B0005,"['B0005', 'B0006', 'B0007']",[16]/l2=0.0,415,False,2.0656,1.5408,0.982,0.1916,3.7642,5.3499,0.5935,4.5171,0.0693,0.0985,cpu,10.0,PF
W10-PF,pre_refit,123,B0005,B0006,"['B0007', 'B0018']",[16]/l2=0.0,260,False,3.8209,2.1456,0.9371,0.1044,2.6774,3.2259,0.9014,3.1792,0.0493,0.0594,cpu,10.0,PF
W10-PF,refit_on_3,123,B0005,B0006,"['B0006', 'B0007', 'B0018']",[16]/l2=0.0,260,False,3.8209,2.0921,0.9645,0.058,1.4436,1.7928,0.9695,1.6947,0.0266,0.033,cpu,10.0,PF
W10-PF,pre_refit,123,B0006,B0005,"['B0007', 'B0018']","[8, 4]/l2=0.0001",421,False,3.0973,2.2577,0.9304,0.1859,6.3581,8.1229,0.5714,9.239,0.1283,0.1639,cpu,10.0,PF
W10-PF,refit_on_3,123,B0006,B0005,"['B0005', 'B0007', 'B0018']","[8, 4]/l2=0.0001",421,False,3.0973,2.6331,0.9184,0.1668,5.5625,7.2867,0.6551,8.0807,0.1122,0.147,cpu,10.0,PF
W10-PF,pre_refit,123,B0007,B0005,"['B0006', 'B0018']",[16]/l2=0.0,499,False,1.5999,1.873,0.9736,0.1036,2.5218,2.701,0.8988,2.9205,0.0475,0.0508,cpu,10.0,PF
W10-PF,refit_on_3,123,B0007,B0005,"['B0005', 'B0006', 'B0018']",[16]/l2=0.0,499,False,1.5999,1.6877,0.978,0.1092,2.6179,2.8454,0.8877,3.0788,0.0493,0.0536,cpu,10.0,PF
W10-PF,pre_refit,123,B0018,B0005,"['B0006', 'B0007']",[16]/l2=0.0,379,False,1.9457,1.5099,0.9839,0.124,2.4919,3.4624,0.8298,2.8343,0.0459,0.0637,cpu,10.0,PF
W10-PF,refit_on_3,123,B0018,B0005,"['B0005', 'B0006', 'B0007']",[16]/l2=0.0,379,False,1.9457,1.4973,0.983,0.1223,2.3411,3.4167,0.8342,2.6213,0.0431,0.0629,cpu,10.0,PF
W10-PL,pre_refit,42,B0005,B0006,"['B0007', 'B0018']",[16]/l2=0.0001,30,False,2.4658,3.3196,0.8495,0.0786,1.7295,2.4273,0.9442,1.9531,0.0319,0.0447,cpu,10.0,PL
W10-PL,refit_on_3,42,B0005,B0006,"['B0006', 'B0007', 'B0018']",[16]/l2=0.0001,30,False,2.4658,3.3555,0.9086,0.087,1.7723,2.6894,0.9315,2.0379,0.0326,0.0495,cpu,10.0,PL
W10-PL,pre_refit,42,B0006,B0005,"['B0007', 'B0018']",[8]/l2=0.0,55,False,2.1845,3.1739,0.8625,0.063,2.146,2.7536,0.9507,2.8941,0.0433,0.0556,cpu,10.0,PL
W10-PL,refit_on_3,42,B0006,B0005,"['B0005', 'B0007', 'B0018']",[8]/l2=0.0,55,False,2.1845,2.6151,0.9195,0.0654,2.3558,2.8557,0.947,3.0952,0.0475,0.0576,cpu,10.0,PL
W10-PL,pre_refit,42,B0007,B0005,"['B0006', 'B0018']",[8]/l2=0.0,263,False,1.9153,2.6545,0.947,0.101,2.2973,2.632,0.904,2.6759,0.0432,0.0495,cpu,10.0,PL
W10-PL,refit_on_3,42,B0007,B0005,"['B0005', 'B0006', 'B0018']",[8]/l2=0.0,263,False,1.9153,2.0542,0.9674,0.0993,2.3726,2.5867,0.9072,2.8029,0.0447,0.0487,cpu,10.0,PL
W10-PL,pre_refit,42,B0018,B0005,"['B0006', 'B0007']",[16]/l2=0.0001,261,False,1.6097,1.0268,0.9926,0.1397,2.8189,3.903,0.7837,3.271,0.0519,0.0718,cpu,10.0,PL
W10-PL,refit_on_3,42,B0018,B0005,"['B0005', 'B0006', 'B0007']",[16]/l2=0.0001,261,False,1.6097,1.1184,0.9905,0.1411,2.8553,3.9419,0.7793,3.3286,0.0525,0.0725,cpu,10.0,PL
W10-PL,pre_refit,7,B0005,B0006,"['B0007', 'B0018']",[16]/l2=0.0001,102,False,3.0103,2.3627,0.9238,0.0917,2.2719,2.832,0.924,2.7586,0.0418,0.0522,cpu,10.0,PL
W10-PL,refit_on_3,7,B0005,B0006,"['B0006', 'B0007', 'B0018']",[16]/l2=0.0001,102,False,3.0103,2.3497,0.9552,0.072,1.7567,2.2236,0.9531,2.0804,0.0324,0.041,cpu,10.0,PL
W10-PL,pre_refit,7,B0006,B0005,"['B0007', 'B0018']",[8]/l2=0.0,49,False,2.3309,3.2279,0.8577,0.0736,2.2701,3.2179,0.9327,3.0735,0.0458,0.0649,cpu,10.0,PL
W10-PL,refit_on_3,7,B0006,B0005,"['B0005', 'B0007', 'B0018']",[8]/l2=0.0,49,False,2.3309,2.7733,0.9095,0.0677,2.2571,2.9598,0.9431,2.9276,0.0455,0.0597,cpu,10.0,PL
W10-PL,pre_refit,7,B0007,B0005,"['B0006', 'B0018']",[8]/l2=0.0,394,False,1.776,2.4328,0.9555,0.1036,2.4128,2.6996,0.899,2.8074,0.0454,0.0508,cpu,10.0,PL
W10-PL,refit_on_3,7,B0007,B0005,"['B0005', 'B0006', 'B0018']",[8]/l2=0.0,394,False,1.776,1.8689,0.973,0.1005,2.3791,2.6195,0.9049,2.8004,0.0448,0.0493,cpu,10.0,PL
W10-PL,pre_refit,7,B0018,B0005,"['B0006', 'B0007']",[16]/l2=0.0001,280,False,1.7659,1.1278,0.991,0.1394,2.7647,3.892,0.7849,3.1641,0.0509,0.0716,cpu,10.0,PL
W10-PL,refit_on_3,7,B0018,B0005,"['B0005', 'B0006', 'B0007']",[16]/l2=0.0001,280,False,1.7659,1.1959,0.9892,0.1287,2.5449,3.5932,0.8166,2.9141,0.0468,0.0661,cpu,10.0,PL
W10-PL,pre_refit,123,B0005,B0006,"['B0007', 'B0018']",[16]/l2=0.0,67,False,2.9073,2.6965,0.9007,0.0824,1.9044,2.5451,0.9386,2.2489,0.0351,0.0469,cpu,10.0,PL
W10-PL,refit_on_3,123,B0005,B0006,"['B0006', 'B0007', 'B0018']",[16]/l2=0.0,67,False,2.9073,3.2013,0.9168,0.0901,2.0761,2.7831,0.9266,2.378,0.0382,0.0513,cpu,10.0,PL
W10-PL,pre_refit,123,B0006,B0005,"['B0007', 'B0018']","[8, 4]/l2=0.0001",41,False,2.3587,2.7912,0.8936,0.0819,2.6293,3.5792,0.9168,3.7577,0.053,0.0722,cpu,10.0,PL
W10-PL,refit_on_3,123,B0006,B0005,"['B0005', 'B0007', 'B0018']","[8, 4]/l2=0.0001",41,False,2.3587,2.2581,0.94,0.072,2.7108,3.1451,0.9357,3.6841,0.0547,0.0635,cpu,10.0,PL
W10-PL,pre_refit,123,B0007,B0005,"['B0006', 'B0018']",[8]/l2=0.0,239,False,1.7389,2.231,0.9626,0.0964,2.2462,2.5132,0.9124,2.655,0.0423,0.0473,cpu,10.0,PL
W10-PL,refit_on_3,123,B0007,B0005,"['B0005', 'B0006', 'B0018']",[8]/l2=0.0,239,False,1.7389,1.8486,0.9736,0.1009,2.3823,2.6305,0.9041,2.8408,0.0448,0.0495,cpu,10.0,PL
W10-PL,pre_refit,123,B0018,B0005,"['B0006', 'B0007']","[8, 4]/l2=0.0001",104,False,2.2773,2.1041,0.9688,0.1856,4.2861,5.1826,0.6186,5.0889,0.0789,0.0954,cpu,10.0,PL
W10-PL,refit_on_3,123,B0018,B0005,"['B0005', 'B0006', 'B0007']","[8, 4]/l2=0.0001",104,False,2.2773,1.9739,0.9705,0.1733,3.9934,4.8407,0.6672,4.7421,0.0735,0.0891,cpu,10.0,PL
W20-PF,pre_refit,42,B0005,B0006,"['B0007', 'B0018']",[16]/l2=0.0,59,False,3.679,4.0904,0.7715,0.1043,2.2303,3.2229,0.9016,2.636,0.0411,0.0594,cpu,20.0,PF
W20-PF,refit_on_3,42,B0005,B0006,"['B0006', 'B0007', 'B0018']",[16]/l2=0.0,59,False,3.679,3.8958,0.8768,0.1047,2.1883,3.2359,0.9008,2.5575,0.0403,0.0596,cpu,20.0,PF
W20-PF,pre_refit,42,B0006,B0005,"['B0007', 'B0018']",[16]/l2=0.0,55,False,3.0363,4.17,0.7626,0.0867,2.6578,3.7899,0.9067,3.5645,0.0536,0.0765,cpu,20.0,PF
W20-PF,refit_on_3,42,B0006,B0005,"['B0005', 'B0007', 'B0018']",[16]/l2=0.0,55,False,3.0363,3.6308,0.8449,0.0861,2.679,3.7601,0.9082,3.541,0.054,0.0759,cpu,20.0,PF
W20-PF,pre_refit,42,B0007,B0005,"['B0006', 'B0018']","[8, 4]/l2=0.0001",294,False,1.7786,1.9731,0.9707,0.1154,2.8131,3.0079,0.8746,3.2866,0.053,0.0566,cpu,20.0,PF
W20-PF,refit_on_3,42,B0007,B0005,"['B0005', 'B0006', 'B0018']","[8, 4]/l2=0.0001",294,False,1.7786,1.5941,0.9804,0.0924,2.2012,2.4068,0.9197,2.596,0.0414,0.0453,cpu,20.0,PF
W20-PF,pre_refit,42,B0018,B0005,"['B0006', 'B0007']","[8, 4]/l2=0.0001",295,False,2.0623,1.8319,0.9763,0.138,2.6502,3.8546,0.789,3.0177,0.0488,0.0709,cpu,20.0,PF
W20-PF,refit_on_3,42,B0018,B0005,"['B0005', 'B0006', 'B0007']","[8, 4]/l2=0.0001",295,False,2.0623,1.6464,0.9795,0.139,2.5708,3.8809,0.7861,2.9374,0.0473,0.0714,cpu,20.0,PF
W20-PF,pre_refit,7,B0005,B0006,"['B0007', 'B0018']",[16]/l2=0.0001,99,False,3.8735,3.1405,0.8653,0.109,2.546,3.3679,0.8925,3.0586,0.0469,0.062,cpu,20.0,PF
W20-PF,refit_on_3,7,B0005,B0006,"['B0006', 'B0007', 'B0018']",[16]/l2=0.0001,99,False,3.8735,3.2693,0.9132,0.1064,2.4653,3.2869,0.8976,2.9347,0.0454,0.0605,cpu,20.0,PF
W20-PF,pre_refit,7,B0006,B0005,"['B0007', 'B0018']","[8, 4]/l2=0.0",273,False,2.8278,1.4956,0.9695,0.221,7.3361,9.6573,0.3942,10.8839,0.148,0.1948,cpu,20.0,PF
W20-PF,refit_on_3,7,B0006,B0005,"['B0005', 'B0007', 'B0018']","[8, 4]/l2=0.0",273,False,2.8278,1.468,0.9746,0.1786,5.6473,7.8018,0.6046,8.3614,0.1139,0.1574,cpu,20.0,PF
W20-PF,pre_refit,7,B0007,B0005,"['B0006', 'B0018']",[8]/l2=0.0,421,False,1.4247,2.2741,0.9611,0.1058,2.5557,2.7585,0.8945,3.0047,0.0481,0.0519,cpu,20.0,PF
W20-PF,refit_on_3,7,B0007,B0005,"['B0005', 'B0006', 'B0018']",[8]/l2=0.0,421,False,1.4247,1.7727,0.9757,0.0986,2.3873,2.5685,0.9085,2.8183,0.0449,0.0484,cpu,20.0,PF
W20-PF,pre_refit,7,B0018,B0005,"['B0006', 'B0007']",[16]/l2=0.0001,297,False,2.1182,1.423,0.9857,0.1608,3.1908,4.4903,0.7137,3.7543,0.0587,0.0826,cpu,20.0,PF
W20-PF,refit_on_3,7,B0018,B0005,"['B0005', 'B0006', 'B0007']",[16]/l2=0.0001,297,False,2.1182,1.5591,0.9816,0.195,3.6508,5.4464,0.5787,4.3618,0.0672,0.1002,cpu,20.0,PF
W20-PF,pre_refit,123,B0005,B0006,"['B0007', 'B0018']",[8]/l2=0.0001,105,False,3.9195,3.7149,0.8116,0.1258,2.9385,3.8884,0.8567,3.4795,0.0541,0.0716,cpu,20.0,PF
W20-PF,refit_on_3,123,B0005,B0006,"['B0006', 'B0007', 'B0018']",[8]/l2=0.0001,105,False,3.9195,3.685,0.8897,0.1176,2.7899,3.6351,0.8748,3.2622,0.0514,0.0669,cpu,20.0,PF
W20-PF,pre_refit,123,B0006,B0005,"['B0007', 'B0018']",[16]/l2=0.0,65,False,3.1516,3.5461,0.8283,0.1198,3.9367,5.2352,0.822,5.494,0.0794,0.1056,cpu,20.0,PF
W20-PF,refit_on_3,123,B0006,B0005,"['B0005', 'B0007', 'B0018']",[16]/l2=0.0,65,False,3.1516,3.0435,0.891,0.1045,3.3253,4.5652,0.8646,4.6777,0.0671,0.0921,cpu,20.0,PF
W20-PF,pre_refit,123,B0007,B0005,"['B0006', 'B0018']",[16]/l2=0.0,464,False,1.6923,2.1532,0.9651,0.096,2.3036,2.5016,0.9132,2.6748,0.0434,0.0471,cpu,20.0,PF
W20-PF,refit_on_3,123,B0007,B0005,"['B0005', 'B0006', 'B0018']",[16]/l2=0.0,464,False,1.6923,1.5846,0.9806,0.0876,2.067,2.2839,0.9277,2.4131,0.0389,0.043,cpu,20.0,PF
W20-PF,pre_refit,123,B0018,B0005,"['B0006', 'B0007']",[16]/l2=0.0,375,False,1.8917,1.4468,0.9852,0.1255,2.4691,3.5041,0.8256,2.8057,0.0454,0.0645,cpu,20.0,PF
W20-PF,refit_on_3,123,B0018,B0005,"['B0005', 'B0006', 'B0007']",[16]/l2=0.0,375,False,1.8917,1.4289,0.9846,0.1394,2.8125,3.8942,0.7846,3.2751,0.0518,0.0717,cpu,20.0,PF
W20-PL,pre_refit,42,B0005,B0006,"['B0007', 'B0018']",[16]/l2=0.0001,31,False,2.4581,3.0095,0.8763,0.0773,1.7267,2.3881,0.946,1.9767,0.0318,0.044,cpu,20.0,PL
W20-PL,refit_on_3,42,B0005,B0006,"['B0006', 'B0007', 'B0018']",[16]/l2=0.0001,31,False,2.4581,3.2119,0.9162,0.0933,2.0022,2.8825,0.9213,2.331,0.0369,0.0531,cpu,20.0,PL
W20-PL,pre_refit,42,B0006,B0005,"['B0007', 'B0018']",[8]/l2=0.0,55,False,2.1369,2.7534,0.8965,0.0632,2.1757,2.7607,0.9505,2.873,0.0439,0.0557,cpu,20.0,PL
W20-PL,refit_on_3,42,B0006,B0005,"['B0005', 'B0007', 'B0018']",[8]/l2=0.0,55,False,2.1369,2.3435,0.9354,0.0642,2.2855,2.805,0.9489,2.9606,0.0461,0.0566,cpu,20.0,PL
W20-PL,pre_refit,42,B0007,B0005,"['B0006', 'B0018']","[8, 4]/l2=0.0",273,False,1.6671,2.2411,0.9622,0.1046,2.5004,2.7262,0.897,2.8962,0.0471,0.0513,cpu,20.0,PL
W20-PL,refit_on_3,42,B0007,B0005,"['B0005', 'B0006', 'B0018']","[8, 4]/l2=0.0",273,False,1.6671,1.5288,0.9819,0.0797,1.9192,2.0774,0.9402,2.2291,0.0361,0.0391,cpu,20.0,PL
W20-PL,pre_refit,42,B0018,B0005,"['B0006', 'B0007']",[16]/l2=0.0,347,False,1.5934,0.9371,0.9938,0.131,2.6241,3.6591,0.8099,3.0424,0.0483,0.0673,cpu,20.0,PL
W20-PL,refit_on_3,42,B0018,B0005,"['B0005', 'B0006', 'B0007']",[16]/l2=0.0,347,False,1.5934,1.0308,0.992,0.1313,2.7231,3.6657,0.8092,3.218,0.0501,0.0675,cpu,20.0,PL
W20-PL,pre_refit,7,B0005,B0006,"['B0007', 'B0018']",[16]/l2=0.0001,111,False,2.8643,1.8127,0.9551,0.08,2.0845,2.4717,0.9421,2.5547,0.0384,0.0455,cpu,20.0,PL
W20-PL,refit_on_3,7,B0005,B0006,"['B0006', 'B0007', 'B0018']",[16]/l2=0.0001,111,False,2.8643,1.9561,0.9689,0.0619,1.5491,1.9136,0.9653,1.8439,0.0285,0.0352,cpu,20.0,PL
W20-PL,pre_refit,7,B0006,B0005,"['B0007', 'B0018']",[8]/l2=0.0,49,False,2.308,2.9741,0.8792,0.0751,2.3561,3.2797,0.9301,3.1658,0.0475,0.0662,cpu,20.0,PL
W20-PL,refit_on_3,7,B0006,B0005,"['B0005', 'B0007', 'B0018']",[8]/l2=0.0,49,False,2.308,2.5984,0.9206,0.0682,2.2475,2.9804,0.9423,2.8996,0.0453,0.0601,cpu,20.0,PL
W20-PL,pre_refit,7,B0007,B0005,"['B0006', 'B0018']",[16]/l2=0.0001,193,False,1.5779,1.8997,0.9729,0.0826,1.9653,2.1537,0.9357,2.2959,0.037,0.0405,cpu,20.0,PL
W20-PL,refit_on_3,7,B0007,B0005,"['B0005', 'B0006', 'B0018']",[16]/l2=0.0001,193,False,1.5779,1.4804,0.9831,0.0824,1.9834,2.1477,0.936,2.3338,0.0373,0.0404,cpu,20.0,PL
W20-PL,pre_refit,7,B0018,B0005,"['B0006', 'B0007']",[8]/l2=0.0001,415,False,1.5543,0.9902,0.9931,0.1287,2.6462,3.5953,0.8164,3.097,0.0487,0.0662,cpu,20.0,PL
W20-PL,refit_on_3,7,B0018,B0005,"['B0005', 'B0006', 'B0007']",[8]/l2=0.0001,415,False,1.5543,1.6379,0.9797,0.1531,3.2715,4.2773,0.7402,3.8724,0.0602,0.0787,cpu,20.0,PL
W20-PL,pre_refit,123,B0005,B0006,"['B0007', 'B0018']",[16]/l2=0.0001,101,False,2.7075,1.9769,0.9466,0.0701,1.7503,2.167,0.9555,2.0774,0.0322,0.0399,cpu,20.0,PL
W20-PL,refit_on_3,123,B0005,B0006,"['B0006', 'B0007', 'B0018']",[16]/l2=0.0001,101,False,2.7075,2.852,0.9339,0.0813,1.9843,2.5113,0.9402,2.2556,0.0365,0.0462,cpu,20.0,PL
W20-PL,pre_refit,123,B0006,B0005,"['B0007', 'B0018']",[16]/l2=0.0001,125,False,2.0337,1.8006,0.9557,0.063,2.3811,2.7548,0.9507,3.0782,0.048,0.0556,cpu,20.0,PL
W20-PL,refit_on_3,123,B0006,B0005,"['B0005', 'B0007', 'B0018']",[16]/l2=0.0001,125,False,2.0337,1.7458,0.9641,0.0578,2.108,2.5273,0.9585,2.6888,0.0425,0.051,cpu,20.0,PL
W20-PL,pre_refit,123,B0007,B0005,"['B0006', 'B0018']","[8, 4]/l2=0.0001",136,False,1.882,2.3203,0.9595,0.1084,2.5678,2.8244,0.8894,3.0115,0.0483,0.0532,cpu,20.0,PL
W20-PL,refit_on_3,123,B0007,B0005,"['B0005', 'B0006', 'B0018']","[8, 4]/l2=0.0001",136,False,1.882,1.7632,0.976,0.0706,1.6658,1.8411,0.953,1.9559,0.0314,0.0347,cpu,20.0,PL
W20-PL,pre_refit,123,B0018,B0005,"['B0006', 'B0007']","[8, 4]/l2=0.0",104,False,2.1106,2.0265,0.971,0.1705,3.9565,4.7612,0.6781,4.7207,0.0728,0.0876,cpu,20.0,PL
W20-PL,refit_on_3,123,B0018,B0005,"['B0005', 'B0006', 'B0007']","[8, 4]/l2=0.0",104,False,2.1106,1.8927,0.9729,0.1593,3.6899,4.449,0.7189,4.4029,0.0679,0.0819,cpu,20.0,PL
W30-PF,pre_refit,42,B0005,B0006,"['B0007', 'B0018']",[16]/l2=0.0,54,False,3.5059,4.1088,0.7695,0.1103,2.4443,3.4076,0.89,2.8878,0.045,0.0628,cpu,30.0,PF
W30-PF,refit_on_3,42,B0005,B0006,"['B0006', 'B0007', 'B0018']",[16]/l2=0.0,54,False,3.5059,3.8516,0.8795,0.109,2.3846,3.3695,0.8924,2.7857,0.0439,0.0621,cpu,30.0,PF
W30-PF,pre_refit,42,B0006,B0005,"['B0007', 'B0018']",[16]/l2=0.0001,47,False,3.1226,4.2911,0.7486,0.083,2.5245,3.6252,0.9146,3.4202,0.0509,0.0731,cpu,30.0,PF
W30-PF,refit_on_3,42,B0006,B0005,"['B0005', 'B0007', 'B0018']",[16]/l2=0.0001,47,False,3.1226,3.688,0.84,0.0845,2.626,3.6938,0.9114,3.4514,0.053,0.0745,cpu,30.0,PF
W30-PF,pre_refit,42,B0007,B0005,"['B0006', 'B0018']",[8]/l2=0.0001,489,False,2.0263,2.7397,0.9436,0.0992,2.1003,2.5865,0.9072,2.4457,0.0395,0.0487,cpu,30.0,PF
W30-PF,refit_on_3,42,B0007,B0005,"['B0005', 'B0006', 'B0018']",[8]/l2=0.0001,489,False,2.0263,2.0415,0.9678,0.0998,2.3101,2.6015,0.9062,2.7054,0.0435,0.049,cpu,30.0,PF
W30-PF,pre_refit,42,B0018,B0005,"['B0006', 'B0007']","[8, 4]/l2=0.0",295,False,2.1644,1.835,0.9762,0.1406,2.8997,3.928,0.7809,3.3878,0.0534,0.0723,cpu,30.0,PF
W30-PF,refit_on_3,42,B0018,B0005,"['B0005', 'B0006', 'B0007']","[8, 4]/l2=0.0",295,False,2.1644,1.6853,0.9785,0.1359,2.8344,3.7948,0.7955,3.3178,0.0522,0.0698,cpu,30.0,PF
W30-PF,pre_refit,7,B0005,B0006,"['B0007', 'B0018']",[16]/l2=0.0001,118,False,3.6993,3.1965,0.8605,0.1111,2.4783,3.4325,0.8883,2.9674,0.0456,0.0632,cpu,30.0,PF
W30-PF,refit_on_3,7,B0005,B0006,"['B0006', 'B0007', 'B0018']",[16]/l2=0.0001,118,False,3.6993,3.1887,0.9174,0.107,2.4812,3.3053,0.8965,2.9773,0.0457,0.0609,cpu,30.0,PF
W30-PF,pre_refit,7,B0006,B0005,"['B0007', 'B0018']",[8]/l2=0.0,73,False,3.1635,3.8709,0.7954,0.1016,3.3821,4.4373,0.8721,4.6804,0.0682,0.0895,cpu,30.0,PF
W30-PF,refit_on_3,7,B0006,B0005,"['B0005', 'B0007', 'B0018']",[8]/l2=0.0,73,False,3.1635,3.2659,0.8745,0.108,3.6996,4.7197,0.8553,5.1517,0.0746,0.0952,cpu,30.0,PF
W30-PF,pre_refit,7,B0007,B0005,"['B0006', 'B0018']",[8]/l2=0.0001,490,False,1.4191,2.1344,0.9658,0.1029,2.4885,2.6823,0.9003,2.9214,0.0468,0.0505,cpu,30.0,PF
W30-PF,refit_on_3,7,B0007,B0005,"['B0005', 'B0006', 'B0018']",[8]/l2=0.0001,490,False,1.4191,1.7035,0.9776,0.0972,2.333,2.5327,0.9111,2.7649,0.0439,0.0477,cpu,30.0,PF
W30-PF,pre_refit,7,B0018,B0005,"['B0006', 'B0007']",[16]/l2=0.0001,193,False,3.2131,2.3916,0.9597,0.2031,4.4478,5.6717,0.5432,5.2979,0.0819,0.1044,cpu,30.0,PF
W30-PF,refit_on_3,7,B0018,B0005,"['B0005', 'B0006', 'B0007']",[16]/l2=0.0001,193,False,3.2131,2.0877,0.967,0.1961,4.043,5.478,0.5738,4.8786,0.0744,0.1008,cpu,30.0,PF
W30-PF,pre_refit,123,B0005,B0006,"['B0007', 'B0018']",[8]/l2=0.0001,95,False,3.8408,3.7809,0.8048,0.1301,3.0985,4.0204,0.8468,3.6686,0.0571,0.074,cpu,30.0,PF
W30-PF,refit_on_3,123,B0005,B0006,"['B0006', 'B0007', 'B0018']",[8]/l2=0.0001,95,False,3.8408,3.6843,0.8898,0.1298,3.17,4.0114,0.8475,3.7186,0.0584,0.0739,cpu,30.0,PF
W30-PF,pre_refit,123,B0006,B0005,"['B0007', 'B0018']",[16]/l2=0.0,65,False,3.3429,3.6739,0.8157,0.1194,3.9711,5.2184,0.8231,5.5039,0.0801,0.1053,cpu,30.0,PF
W30-PF,refit_on_3,123,B0006,B0005,"['B0005', 'B0007', 'B0018']",[16]/l2=0.0,65,False,3.3429,3.3366,0.869,0.105,3.385,4.5872,0.8633,4.7146,0.0683,0.0925,cpu,30.0,PF
W30-PF,pre_refit,123,B0007,B0005,"['B0006', 'B0018']","[8, 4]/l2=0.0001",191,False,2.9398,4.5969,0.8411,0.1266,2.3069,3.2981,0.8492,2.6304,0.0434,0.0621,cpu,30.0,PF
W30-PF,refit_on_3,123,B0007,B0005,"['B0005', 'B0006', 'B0018']","[8, 4]/l2=0.0001",191,False,2.9398,3.7676,0.8904,0.1323,2.3914,3.4491,0.8351,2.7859,0.045,0.0649,cpu,30.0,PF
W30-PF,pre_refit,123,B0018,B0005,"['B0006', 'B0007']",[16]/l2=0.0,375,False,1.8863,1.5167,0.9838,0.1252,2.5249,3.496,0.8264,2.9514,0.0465,0.0643,cpu,30.0,PF
W30-PF,refit_on_3,123,B0018,B0005,"['B0005', 'B0006', 'B0007']",[16]/l2=0.0,375,False,1.8863,1.5362,0.9822,0.124,2.4203,3.4622,0.8298,2.7591,0.0445,0.0637,cpu,30.0,PF
W30-PL,pre_refit,42,B0005,B0006,"['B0007', 'B0018']",[16]/l2=0.0001,29,False,2.4172,3.0187,0.8756,0.0898,2.1964,2.7738,0.9271,2.5283,0.0404,0.0511,cpu,30.0,PL
W30-PL,refit_on_3,42,B0005,B0006,"['B0006', 'B0007', 'B0018']",[16]/l2=0.0001,29,False,2.4172,3.1895,0.9174,0.0965,2.1552,2.9812,0.9158,2.5179,0.0397,0.0549,cpu,30.0,PL
W30-PL,pre_refit,42,B0006,B0005,"['B0007', 'B0018']","[8, 4]/l2=0.0",377,False,1.8344,1.0252,0.9856,0.0794,3.1406,3.4674,0.9219,4.3294,0.0634,0.07,cpu,30.0,PL
W30-PL,refit_on_3,42,B0006,B0005,"['B0005', 'B0007', 'B0018']","[8, 4]/l2=0.0",377,False,1.8344,1.0748,0.9864,0.0554,1.9602,2.4227,0.9619,2.625,0.0395,0.0489,cpu,30.0,PL
W30-PL,pre_refit,42,B0007,B0005,"['B0006', 'B0018']",[8]/l2=0.0001,367,False,1.4641,1.7823,0.9761,0.0807,1.9845,2.1035,0.9387,2.3026,0.0374,0.0396,cpu,30.0,PL
W30-PL,refit_on_3,42,B0007,B0005,"['B0005', 'B0006', 'B0018']",[8]/l2=0.0001,367,False,1.4641,1.3255,0.9864,0.0809,1.9011,2.1083,0.9384,2.242,0.0358,0.0397,cpu,30.0,PL
W30-PL,pre_refit,42,B0018,B0005,"['B0006', 'B0007']",[16]/l2=0.0,347,False,1.5509,0.9329,0.9939,0.1262,2.5662,3.5251,0.8235,2.9824,0.0472,0.0649,cpu,30.0,PL
W30-PL,refit_on_3,42,B0018,B0005,"['B0005', 'B0006', 'B0007']",[16]/l2=0.0,347,False,1.5509,0.9975,0.9925,0.1239,2.6264,3.4612,0.8299,3.0999,0.0483,0.0637,cpu,30.0,PL
W30-PL,pre_refit,7,B0005,B0006,"['B0007', 'B0018']",[16]/l2=0.0001,261,False,2.4559,1.0295,0.9855,0.0601,1.7507,1.8577,0.9673,2.0966,0.0322,0.0342,cpu,30.0,PL
W30-PL,refit_on_3,7,B0005,B0006,"['B0006', 'B0007', 'B0018']",[16]/l2=0.0001,261,False,2.4559,1.2519,0.9873,0.0496,1.3043,1.5327,0.9777,1.5161,0.024,0.0282,cpu,30.0,PL
W30-PL,pre_refit,7,B0006,B0005,"['B0007', 'B0018']","[8, 4]/l2=0.0001",143,False,2.3583,1.6655,0.9621,0.0836,2.9302,3.6515,0.9134,4.0184,0.0591,0.0737,cpu,30.0,PL
W30-PL,refit_on_3,7,B0006,B0005,"['B0005', 'B0007', 'B0018']","[8, 4]/l2=0.0001",143,False,2.3583,1.4237,0.9762,0.0636,2.219,2.779,0.9498,2.946,0.0448,0.0561,cpu,30.0,PL
W30-PL,pre_refit,7,B0007,B0005,"['B0006', 'B0018']",[16]/l2=0.0001,269,False,1.2282,1.5766,0.9813,0.0759,1.8067,1.9772,0.9458,2.091,0.034,0.0372,cpu,30.0,PL
W30-PL,refit_on_3,7,B0007,B0005,"['B0005', 'B0006', 'B0018']",[16]/l2=0.0001,269,False,1.2282,1.2217,0.9885,0.0758,1.8155,1.9746,0.9459,2.1271,0.0342,0.0372,cpu,30.0,PL
W30-PL,pre_refit,7,B0018,B0005,"['B0006', 'B0007']",[8]/l2=0.0001,415,False,1.5008,0.9812,0.9932,0.122,2.5111,3.4074,0.8351,2.926,0.0462,0.0627,cpu,30.0,PL
W30-PL,refit_on_3,7,B0018,B0005,"['B0005', 'B0006', 'B0007']",[8]/l2=0.0001,415,False,1.5008,1.6499,0.9794,0.1515,3.2374,4.231,0.7458,3.8489,0.0596,0.0779,cpu,30.0,PL
W30-PL,pre_refit,123,B0005,B0006,"['B0007', 'B0018']",[16]/l2=0.0001,333,False,2.3075,1.0299,0.9855,0.0507,1.3742,1.5678,0.9767,1.6074,0.0253,0.0289,cpu,30.0,PL
W30-PL,refit_on_3,123,B0005,B0006,"['B0006', 'B0007', 'B0018']",[16]/l2=0.0001,333,False,2.3075,1.5558,0.9803,0.0768,1.9497,2.3737,0.9466,2.1759,0.0359,0.0437,cpu,30.0,PL
W30-PL,pre_refit,123,B0006,B0005,"['B0007', 'B0018']",[16]/l2=0.0001,257,False,1.6756,1.2095,0.98,0.0572,2.0788,2.5008,0.9594,2.6359,0.0419,0.0505,cpu,30.0,PL
W30-PL,refit_on_3,123,B0006,B0005,"['B0005', 'B0007', 'B0018']",[16]/l2=0.0001,257,False,1.6756,1.0947,0.9859,0.0618,2.4715,2.7002,0.9526,3.3337,0.0499,0.0545,cpu,30.0,PL
W30-PL,pre_refit,123,B0007,B0005,"['B0006', 'B0018']","[8, 4]/l2=0.0",166,False,1.7873,1.817,0.9752,0.0754,1.7483,1.9656,0.9464,1.9943,0.0329,0.037,cpu,30.0,PL
W30-PL,refit_on_3,123,B0007,B0005,"['B0005', 'B0006', 'B0018']","[8, 4]/l2=0.0",166,False,1.7873,1.4633,0.9835,0.0758,1.7958,1.9749,0.9459,2.1022,0.0338,0.0372,cpu,30.0,PL
W30-PL,pre_refit,123,B0018,B0005,"['B0006', 'B0007']","[8, 4]/l2=0.0001",282,False,1.8801,1.2209,0.9895,0.1149,2.0927,3.2085,0.8538,2.3561,0.0385,0.059,cpu,30.0,PL
W30-PL,refit_on_3,123,B0018,B0005,"['B0005', 'B0006', 'B0007']","[8, 4]/l2=0.0001",282,False,1.8801,1.1063,0.9907,0.1143,2.5129,3.1928,0.8552,2.9254,0.0462,0.0588,cpu,30.0,PL
