source,device,setting,stage,seed,scope,n,pooled_R2,pooled_RMSE,pooled_MAE,pooled_MAPE,pooled_RMSE_Ah,pooled_nRMSE
steps14_16_refit_cpu_preds.csv,cpu,TD-All,pre_refit,7,per_seed_pooled_4_folds,636,0.9173708322556993,3.1526272620361584,2.280182505887239,2.914361914461675,0.058059237008961685,0.10203106548231092
steps14_16_refit_cpu_preds.csv,cpu,TD-All,pre_refit,42,per_seed_pooled_4_folds,636,0.8784314183130926,3.823988807547638,2.9424862461677805,3.8167075391569614,0.07042312777363743,0.12375889060050961
steps14_16_refit_cpu_preds.csv,cpu,TD-All,pre_refit,123,per_seed_pooled_4_folds,636,0.7549031495456869,5.42968709774661,3.7468846472197264,4.975085865248747,0.09999389838714025,0.17572542320173884
steps14_16_refit_cpu_preds.csv,cpu,TD-All,refit_on_3,7,per_seed_pooled_4_folds,636,0.9389204006236327,2.7105288081712544,2.2336413384019402,2.7596404611113936,0.04991748830833665,0.0877230701036295
steps14_16_refit_cpu_preds.csv,cpu,TD-All,refit_on_3,42,per_seed_pooled_4_folds,636,0.9457236635124368,2.555119407178958,2.2009019783428467,2.676023078047324,0.04705544643161795,0.08269342801426605
steps14_16_refit_cpu_preds.csv,cpu,TD-All,refit_on_3,123,per_seed_pooled_4_folds,636,0.9243445839888139,3.016657114871771,2.170854050892286,2.701788959769634,0.05555519122612407,0.09763055193095346
steps14_16_refit_cpu_preds.csv,cpu,TD-All,pre_refit,-1,grand_pooled_all_seeds,1908,0.8502351333714929,4.244347261673234,2.989851133091582,3.9020517729557938,0.07816450951282723,0.1373632965115436
steps14_16_refit_cpu_preds.csv,cpu,TD-All,refit_on_3,-1,grand_pooled_all_seeds,1908,0.9363295493749612,2.767418878881867,2.2017991225456908,2.71248416630945,0.05096518403139868,0.0895642501885276
td_proxy_audit_cpu_preds.csv,cpu,Oracle-proxy,pre_refit,7,per_seed_pooled_4_folds,636,0.6269701004923369,6.698503045184553,5.312695756084706,6.960277718715201,0.12336059533230065,0.21678915584688152
td_proxy_audit_cpu_preds.csv,cpu,Oracle-proxy,pre_refit,42,per_seed_pooled_4_folds,636,0.5965612199204491,6.9661810653909795,5.848709691940054,7.589838679635949,0.128290192244819,0.22545223947136872
td_proxy_audit_cpu_preds.csv,cpu,Oracle-proxy,pre_refit,123,per_seed_pooled_4_folds,636,0.5870256943350696,7.048025283285823,5.819266707104986,7.625276861650991,0.12979744713085992,0.22810103111760474
td_proxy_audit_cpu_preds.csv,cpu,Oracle-proxy,refit_on_3,7,per_seed_pooled_4_folds,636,0.67869820293987,6.216737285504141,4.93293943232174,6.422340273166751,0.11448832782357458,0.20119737486946906
td_proxy_audit_cpu_preds.csv,cpu,Oracle-proxy,refit_on_3,42,per_seed_pooled_4_folds,636,0.645486523523216,6.530137290894533,5.469173050657727,7.0408355407342595,0.1202599473901131,0.2113401966540816
td_proxy_audit_cpu_preds.csv,cpu,Oracle-proxy,refit_on_3,123,per_seed_pooled_4_folds,636,0.6668414135132026,6.330404229977536,5.049366183399397,6.60047600350334,0.11658163461842956,0.20487607155346868
td_proxy_audit_cpu_preds.csv,cpu,TD-All,pre_refit,7,per_seed_pooled_4_folds,636,0.9173708322556993,3.1526272620361584,2.280182505887239,2.914361914461675,0.058059237008961685,0.10203106548231092
td_proxy_audit_cpu_preds.csv,cpu,TD-All,pre_refit,42,per_seed_pooled_4_folds,636,0.8784314183130926,3.823988807547638,2.9424862461677805,3.8167075391569614,0.07042312777363743,0.12375889060050961
td_proxy_audit_cpu_preds.csv,cpu,TD-All,pre_refit,123,per_seed_pooled_4_folds,636,0.7549031495456869,5.42968709774661,3.7468846472197264,4.975085865248747,0.09999389838714025,0.17572542320173884
td_proxy_audit_cpu_preds.csv,cpu,TD-All,refit_on_3,7,per_seed_pooled_4_folds,636,0.9389204006236327,2.7105288081712544,2.2336413384019402,2.7596404611113936,0.04991748830833665,0.0877230701036295
td_proxy_audit_cpu_preds.csv,cpu,TD-All,refit_on_3,42,per_seed_pooled_4_folds,636,0.9457236635124368,2.555119407178958,2.2009019783428467,2.676023078047324,0.04705544643161795,0.08269342801426605
td_proxy_audit_cpu_preds.csv,cpu,TD-All,refit_on_3,123,per_seed_pooled_4_folds,636,0.9243445839888139,3.016657114871771,2.170854050892286,2.701788959769634,0.05555519122612407,0.09763055193095346
td_proxy_audit_cpu_preds.csv,cpu,TD-Proxy-Free,pre_refit,7,per_seed_pooled_4_folds,636,0.6411457364228235,6.5699942997081715,4.44707756632857,6.012207038824256,0.12099395979590723,0.21263012176675314
td_proxy_audit_cpu_preds.csv,cpu,TD-Proxy-Free,pre_refit,42,per_seed_pooled_4_folds,636,0.38482503947191593,8.602115362204339,5.972445035517885,8.066815251159145,0.15841779350410373,0.27839732478891355
td_proxy_audit_cpu_preds.csv,cpu,TD-Proxy-Free,pre_refit,123,per_seed_pooled_4_folds,636,0.21644909188052686,9.708218597181636,6.398948307433811,8.779551808706595,0.17878794973832005,0.31419505227708944
td_proxy_audit_cpu_preds.csv,cpu,TD-Proxy-Free,refit_on_3,7,per_seed_pooled_4_folds,636,0.9184576736858479,3.1318249968270737,2.3880275696207796,2.978517190345815,0.05767613950148232,0.10135782468747058
td_proxy_audit_cpu_preds.csv,cpu,TD-Proxy-Free,refit_on_3,42,per_seed_pooled_4_folds,636,0.9074564459688419,3.3364070065070486,2.5465773595429306,3.1446859674270438,0.06144375121086909,0.10797888029956942
td_proxy_audit_cpu_preds.csv,cpu,TD-Proxy-Free,refit_on_3,123,per_seed_pooled_4_folds,636,0.8204911329732806,4.646745536537277,3.3633303201596867,4.27315517603422,0.08557513400804258,0.15038644238959611
td_proxy_audit_cpu_preds.csv,cpu,Oracle-proxy,pre_refit,-1,grand_pooled_all_seeds,1908,0.6035190049159519,6.905849744383253,5.660224051709915,7.391797753334049,0.1271791219614297,0.22349968737664438
td_proxy_audit_cpu_preds.csv,cpu,Oracle-proxy,refit_on_3,-1,grand_pooled_all_seeds,1908,0.6636753799920962,6.360412283016101,5.1504928887929555,6.687883939134783,0.11713426723837914,0.20584724682098096
td_proxy_audit_cpu_preds.csv,cpu,TD-All,pre_refit,-1,grand_pooled_all_seeds,1908,0.8502351333714929,4.244347261673234,2.989851133091582,3.9020517729557938,0.07816450951282723,0.1373632965115436
td_proxy_audit_cpu_preds.csv,cpu,TD-All,refit_on_3,-1,grand_pooled_all_seeds,1908,0.9363295493749612,2.767418878881867,2.2017991225456908,2.71248416630945,0.05096518403139868,0.0895642501885276
td_proxy_audit_cpu_preds.csv,cpu,TD-Proxy-Free,pre_refit,-1,grand_pooled_all_seeds,1908,0.4141399559250888,8.394655484960518,5.606156969760089,7.619524699563332,0.15459718257182062,0.271683130385118
td_proxy_audit_cpu_preds.csv,cpu,TD-Proxy-Free,refit_on_3,-1,grand_pooled_all_seeds,1908,0.8821350842093234,3.765288107841122,2.765978416441132,3.4654527779356936,0.06934208724661638,0.12185911164226233
