seed,adapt_cell,n_cycles,cfg,adapt_epochs,MAE,RMSE,R2
42,CS2_21,4186,[16]/l2=0.0001,30,4.118,5.271,-0.188
42,CS2_33,4454,[16]/l2=0.0001,30,5.13,5.998,-0.466
42,CS2_34,4451,[16]/l2=0.0001,30,5.478,6.518,-0.633
42,CS2_35,4400,[16]/l2=0.0001,30,6.011,7.166,-0.948
42,CS2_36,4439,[16]/l2=0.0001,30,5.517,6.703,-0.774
42,CS2_37,4370,[16]/l2=0.0001,30,5.059,6.162,-0.518
42,CS2_38,4351,[16]/l2=0.0001,30,4.412,5.472,-0.22
42,CS2_8,3803,[16]/l2=0.0001,30,5.085,5.954,-0.28
123,CS2_21,4186,"[8, 4]/l2=0.0",30,4.662,5.508,-0.298
123,CS2_33,4454,"[8, 4]/l2=0.0",30,4.734,6.382,-0.66
123,CS2_34,4451,"[8, 4]/l2=0.0",30,4.692,6.258,-0.506
123,CS2_35,4400,"[8, 4]/l2=0.0",30,4.798,6.349,-0.529
123,CS2_36,4439,"[8, 4]/l2=0.0",30,4.839,6.521,-0.679
123,CS2_37,4370,"[8, 4]/l2=0.0",30,5.475,7.211,-1.079
123,CS2_38,4351,"[8, 4]/l2=0.0",30,5.74,7.475,-1.277
123,CS2_8,3803,"[8, 4]/l2=0.0",30,4.102,5.043,0.082
2024,CS2_21,4186,[16]/l2=0.0001,30,6.356,7.521,-1.42
2024,CS2_33,4454,[16]/l2=0.0001,30,7.049,11.225,-4.134
2024,CS2_34,4451,[16]/l2=0.0001,30,6.709,11.3,-3.908
2024,CS2_35,4400,[16]/l2=0.0001,30,6.876,11.6,-4.103
2024,CS2_36,4439,[16]/l2=0.0001,30,6.826,11.664,-4.371
2024,CS2_37,4370,[16]/l2=0.0001,30,7.919,12.633,-5.382
2024,CS2_38,4351,[16]/l2=0.0001,30,8.705,13.112,-6.007
2024,CS2_8,3803,[16]/l2=0.0001,30,9.434,10.301,-2.831
7,CS2_21,4186,"[8, 4]/l2=0.0001",30,3.822,4.664,0.07
7,CS2_33,4454,"[8, 4]/l2=0.0001",30,4.064,5.08,-0.052
7,CS2_34,4451,"[8, 4]/l2=0.0001",30,3.993,5.041,0.023
7,CS2_35,4400,"[8, 4]/l2=0.0001",30,4.725,5.82,-0.285
7,CS2_36,4439,"[8, 4]/l2=0.0001",30,4.83,6.068,-0.454
7,CS2_37,4370,"[8, 4]/l2=0.0001",30,5.618,6.847,-0.875
7,CS2_38,4351,"[8, 4]/l2=0.0001",30,6.153,7.317,-1.182
7,CS2_8,3803,"[8, 4]/l2=0.0001",30,5.347,6.306,-0.436
99,CS2_21,4186,[8]/l2=0.0001,30,16.478,17.293,-11.791
99,CS2_33,4454,[8]/l2=0.0001,30,17.666,19.735,-14.87
99,CS2_34,4451,[8]/l2=0.0001,30,17.425,19.586,-13.747
99,CS2_35,4400,[8]/l2=0.0001,30,16.333,18.493,-11.97
99,CS2_36,4439,[8]/l2=0.0001,30,17.1,19.202,-13.556
99,CS2_37,4370,[8]/l2=0.0001,30,16.078,18.248,-12.314
99,CS2_38,4351,[8]/l2=0.0001,30,16.144,18.302,-12.652
99,CS2_8,3803,[8]/l2=0.0001,30,11.34,12.213,-4.386
