split,setting,stage,seed,scope,n,pooled_R2,pooled_RMSE,pooled_MAE,pooled_MAPE,pooled_RMSE_Ah,pooled_nRMSE
chronological_within,Oracle-proxy,fit,7,per_seed_pooled,128,0.9644911731311465,1.1793774268319144,0.7464272991692639,1.1620091569387898,0.02171958428832116,0.038169160342706655
chronological_within,Oracle-proxy,fit,11,per_seed_pooled,128,0.9643729511016707,1.1813390874358867,0.7407220684406863,1.1541006548493975,0.021755710512092883,0.038232647176037124
chronological_within,Oracle-proxy,fit,42,per_seed_pooled,128,0.8200562689494683,2.6549296000508558,2.276073848661791,3.377243273680148,0.04889356529636347,0.08592366726498463
chronological_within,Oracle-proxy,fit,123,per_seed_pooled,128,0.9638381989328274,1.1901718533309291,0.7661100499329105,1.186010736693345,0.021918375998977536,0.03851850923346441
chronological_within,Oracle-proxy,fit,2024,per_seed_pooled,128,0.9313387397723609,1.6399874858345116,1.1189672691068022,1.7184871817929412,0.030202245371151345,0.05307626200291113
chronological_within,TD-All,fit,7,per_seed_pooled,128,0.8936302725359322,2.0412381296234408,1.6526902566869905,2.3879599765784305,0.03759173492745675,0.06606226615387634
chronological_within,TD-All,fit,11,per_seed_pooled,128,0.8583873879342189,2.355242425086488,1.6404039346452595,2.533485698587469,0.04337448318687087,0.07622464507444206
chronological_within,TD-All,fit,42,per_seed_pooled,128,0.7811908235714896,2.9276382638993605,2.2067719154047434,3.3436695265684393,0.05391580726560646,0.09474956174156458
chronological_within,TD-All,fit,123,per_seed_pooled,128,0.7787156660598246,2.944150341744645,2.2082087160250032,3.271912973839117,0.054219896065660356,0.09528395567901761
chronological_within,TD-All,fit,2024,per_seed_pooled,128,0.9393795477868321,1.5409701809300462,1.268621108301811,1.8275952451460222,0.028378728445232232,0.049871683636718726
chronological_within,TD-Proxy-Free,fit,7,per_seed_pooled,128,0.3922143698253183,4.879326309018198,3.272313583921993,5.097894695536671,0.08985837495942477,0.15791364495892263
chronological_within,TD-Proxy-Free,fit,11,per_seed_pooled,128,0.5968548452282594,3.973885698152993,3.2369657183216116,4.801381353042897,0.07318365046636509,0.12861012678853645
chronological_within,TD-Proxy-Free,fit,42,per_seed_pooled,128,0.3891644496504121,4.891553427000386,4.145583614908354,6.146943698679349,0.0900835513224579,0.15830936122088718
chronological_within,TD-Proxy-Free,fit,123,per_seed_pooled,128,0.35067778610460565,5.043299726427369,4.021360650443166,6.077890460472406,0.09287813299399171,0.1632204513456148
chronological_within,TD-Proxy-Free,fit,2024,per_seed_pooled,128,0.7356445861055031,3.2179460109723035,2.7059380862449744,4.045748153296976,0.05926215648227842,0.10414502980349175
lobo_nested,Oracle-proxy,pre_refit,7,per_seed_pooled,636,0.6269701004923369,6.698503045184553,5.312695756084706,6.960277718715201,0.12336059533230065,0.21678915584688152
lobo_nested,Oracle-proxy,pre_refit,11,per_seed_pooled,636,0.6415475673455323,6.566314858492937,5.160472524605589,6.747292203364486,0.12092619867737973,0.2125110409886064
lobo_nested,Oracle-proxy,pre_refit,42,per_seed_pooled,636,0.5965612199204491,6.9661810653909795,5.848709691940054,7.589838679635949,0.128290192244819,0.22545223947136872
lobo_nested,Oracle-proxy,pre_refit,123,per_seed_pooled,636,0.5870256943350696,7.048025283285823,5.819266707104986,7.625276861650991,0.12979744713085992,0.22810103111760474
lobo_nested,Oracle-proxy,pre_refit,2024,per_seed_pooled,636,0.5904397122194487,7.018832158702107,5.7732958308221125,7.561077037508689,0.12925982235052244,0.22715623004901578
lobo_nested,Oracle-proxy,refit_on_3,7,per_seed_pooled,636,0.67869820293987,6.216737285504141,4.93293943232174,6.422340273166751,0.11448832782357458,0.20119737486946906
lobo_nested,Oracle-proxy,refit_on_3,11,per_seed_pooled,636,0.6875853707402855,6.130157298748057,4.8191095135182005,6.258456093964153,0.11289385833717622,0.19839531564586704
lobo_nested,Oracle-proxy,refit_on_3,42,per_seed_pooled,636,0.645486523523216,6.530137290894533,5.469173050657727,7.0408355407342595,0.1202599473901131,0.2113401966540816
lobo_nested,Oracle-proxy,refit_on_3,123,per_seed_pooled,636,0.6668414135132026,6.330404229977536,5.049366183399397,6.60047600350334,0.11658163461842956,0.20487607155346868
lobo_nested,Oracle-proxy,refit_on_3,2024,per_seed_pooled,636,0.6617366396563213,6.378718210373833,5.167117636890558,6.73176131446334,0.11747139182901184,0.20643969658357827
lobo_nested,TD-All,pre_refit,7,per_seed_pooled,636,0.9173708322556993,3.1526272620361584,2.280182505887239,2.914361914461675,0.058059237008961685,0.10203106548231092
lobo_nested,TD-All,pre_refit,11,per_seed_pooled,636,0.8854690205458863,3.7116534901780316,2.7467216879399876,3.5831531723760577,0.06835434441501528,0.12012329045819789
lobo_nested,TD-All,pre_refit,42,per_seed_pooled,636,0.8784314183130926,3.823988807547638,2.9424862461677805,3.8167075391569614,0.07042312777363743,0.12375889060050961
lobo_nested,TD-All,pre_refit,123,per_seed_pooled,636,0.7549031495456869,5.42968709774661,3.7468846472197264,4.975085865248747,0.09999389838714025,0.17572542320173884
lobo_nested,TD-All,pre_refit,2024,per_seed_pooled,636,0.8380487705546887,4.413651740632177,3.3107861899196065,4.362102925589037,0.08128244514350737,0.14284263642182266
lobo_nested,TD-All,refit_on_3,7,per_seed_pooled,636,0.9389204006236327,2.7105288081712544,2.2336413384019402,2.7596404611113936,0.04991748830833665,0.0877230701036295
lobo_nested,TD-All,refit_on_3,11,per_seed_pooled,636,0.9344403455036571,2.8081756265328943,2.258936173624973,2.8147700220963685,0.0517157661570056,0.09088329428819138
lobo_nested,TD-All,refit_on_3,42,per_seed_pooled,636,0.9457236635124368,2.555119407178958,2.2009019783428467,2.676023078047324,0.04705544643161795,0.08269342801426605
lobo_nested,TD-All,refit_on_3,123,per_seed_pooled,636,0.9243445839888139,3.016657114871771,2.170854050892286,2.701788959769634,0.05555519122612407,0.09763055193095346
lobo_nested,TD-All,refit_on_3,2024,per_seed_pooled,636,0.9579597923073639,2.2487354377080306,1.713314127528788,2.0449887855145756,0.04141303519148605,0.07277767196271541
lobo_nested,TD-Proxy-Free,pre_refit,7,per_seed_pooled,636,0.6411457364228235,6.5699942997081715,4.44707756632857,6.012207038824256,0.12099395979590723,0.21263012176675314
lobo_nested,TD-Proxy-Free,pre_refit,11,per_seed_pooled,636,0.6998884851761464,6.008239926631459,4.218133802501534,5.619144528286899,0.11064861048042335,0.19444960359558622
lobo_nested,TD-Proxy-Free,pre_refit,42,per_seed_pooled,636,0.38482503947191593,8.602115362204339,5.972445035517885,8.066815251159145,0.15841779350410373,0.27839732478891355
lobo_nested,TD-Proxy-Free,pre_refit,123,per_seed_pooled,636,0.21644909188052686,9.708218597181636,6.398948307433811,8.779551808706595,0.17878794973832005,0.31419505227708944
lobo_nested,TD-Proxy-Free,pre_refit,2024,per_seed_pooled,636,0.4257694930777781,8.310919355784074,5.578694345014778,7.575058436634363,0.1530550859755588,0.2689731092601598
lobo_nested,TD-Proxy-Free,refit_on_3,7,per_seed_pooled,636,0.9184576736858479,3.1318249968270737,2.3880275696207796,2.978517190345815,0.05767613950148232,0.10135782468747058
lobo_nested,TD-Proxy-Free,refit_on_3,11,per_seed_pooled,636,0.9013513782952887,3.4447003438258967,2.5766605860348673,3.200605123508096,0.06343809688363525,0.11148366652163015
lobo_nested,TD-Proxy-Free,refit_on_3,42,per_seed_pooled,636,0.9074564459688419,3.3364070065070486,2.5465773595429306,3.1446859674270438,0.06144375121086909,0.10797888029956942
lobo_nested,TD-Proxy-Free,refit_on_3,123,per_seed_pooled,636,0.8204911329732806,4.646745536537277,3.3633303201596867,4.27315517603422,0.08557513400804258,0.15038644238959611
lobo_nested,TD-Proxy-Free,refit_on_3,2024,per_seed_pooled,636,0.8336647569166887,4.472991533274657,3.4255605407639034,4.339109163998532,0.0823752552979394,0.14476309886967362
random_pooled,Oracle-proxy,fit,7,per_seed_pooled,127,0.8178359115971243,4.794022284660595,3.654719470451546,4.793741444800521,0.09086934669268829,0.10972026123102499
random_pooled,Oracle-proxy,fit,11,per_seed_pooled,127,0.81193064546543,4.475081024098828,3.610672211385675,4.600157416662446,0.0848239046276141,0.10242068764786487
random_pooled,Oracle-proxy,fit,42,per_seed_pooled,127,0.8308303575549854,4.780075660664548,3.9372520141911256,5.1177287258989415,0.09060499234975077,0.10940106638017222
random_pooled,Oracle-proxy,fit,123,per_seed_pooled,127,0.7933464808964658,4.954670635400839,3.9078638777806214,5.142394989985371,0.09391439108593881,0.11339700238134294
random_pooled,Oracle-proxy,fit,2024,per_seed_pooled,127,0.8201406883661431,4.637665515256512,3.5531685662445263,4.639524215253876,0.08790564801899008,0.10614174103116121
random_pooled,TD-All,fit,7,per_seed_pooled,127,0.990949429791088,1.0685790046355774,0.6807740577783874,0.7770941343755969,0.020254615075831373,0.02445645025676072
random_pooled,TD-All,fit,11,per_seed_pooled,127,0.9835544528796141,1.323323573686905,0.8729924633894357,1.0433758790317906,0.025083226873751585,0.030286761215666782
random_pooled,TD-All,fit,42,per_seed_pooled,127,0.990575276176509,1.1282565709157393,0.691151288587826,0.7847298730135859,0.021385786592793114,0.02582228415845998
random_pooled,TD-All,fit,123,per_seed_pooled,127,0.9913296770506891,1.0148714243335353,0.6055938819095558,0.7026371456401739,0.019236602967271227,0.023227250768122234
random_pooled,TD-All,fit,2024,per_seed_pooled,127,0.9881030143214098,1.1927555018537193,0.8689955286648143,1.021518239820019,0.02260834572345556,0.02729846410328016
random_pooled,TD-Proxy-Free,fit,7,per_seed_pooled,127,0.9800438825665894,1.5867433670527507,1.1245703194893337,1.3438177305808179,0.030076275113361927,0.03631562108016978
random_pooled,TD-Proxy-Free,fit,11,per_seed_pooled,127,0.9722245645082458,1.719777744039251,1.1388168891556298,1.299605370669073,0.03259790438553123,0.03936036424758684
random_pooled,TD-Proxy-Free,fit,42,per_seed_pooled,127,0.9779483367419776,1.7258149671548637,0.9837605827102976,1.1059583210554251,0.0327123382550001,0.03949853750962496
random_pooled,TD-Proxy-Free,fit,123,per_seed_pooled,127,0.9880299898102642,1.1924512885623961,0.8531894031984262,0.9937770313170123,0.022602579445913172,0.027291501607110562
random_pooled,TD-Proxy-Free,fit,2024,per_seed_pooled,127,0.9736550975396209,1.7749301089704879,1.3281781944007163,1.6273943962659114,0.03364330198117737,0.04062263036327148
random_within,Oracle-proxy,fit,7,per_seed_pooled,128,0.9935408885020852,0.839778259330236,0.5901462282690093,0.7359343962616468,0.015465477184872563,0.027178433556082616
random_within,Oracle-proxy,fit,11,per_seed_pooled,128,0.9951748105452259,0.7161332234641404,0.503322850827767,0.6130709889331672,0.013188412424068983,0.023176807704865323
random_within,Oracle-proxy,fit,42,per_seed_pooled,128,0.9897146273518074,1.1451767458292426,0.8501666582920316,0.9560877220382543,0.021089739628880017,0.03706229561278946
random_within,Oracle-proxy,fit,123,per_seed_pooled,128,0.9917094932671269,0.9786384889375854,0.7193817541264496,0.8718545889373732,0.018022747141576843,0.03167248121930228
random_within,Oracle-proxy,fit,2024,per_seed_pooled,128,0.9937017330740741,0.8167157771330759,0.6051950652258815,0.7485527991571072,0.015040755196319094,0.02643204350243469
random_within,TD-All,fit,7,per_seed_pooled,128,0.9465246406645997,2.416323581104456,0.9870572892119049,1.1652273498644865,0.044499362539635885,0.07820146469547756
random_within,TD-All,fit,11,per_seed_pooled,128,0.9822656037482,1.3729187661030302,0.7012252552510871,0.8503124865550049,0.025283869423797695,0.04443289767014175
random_within,TD-All,fit,42,per_seed_pooled,128,0.994182344608472,0.8612644097249904,0.5352065527924964,0.6111849528470542,0.015861169220274664,0.02787380748889384
random_within,TD-All,fit,123,per_seed_pooled,128,0.9961819687555615,0.6641275447642879,0.5193601721402317,0.6424001807903106,0.012230668366658108,0.021493705210392317
random_within,TD-All,fit,2024,per_seed_pooled,128,0.9976640955426838,0.49737958053124415,0.38293301178025313,0.47740579864490107,0.00915981387879981,0.01609710388597333
random_within,TD-Proxy-Free,fit,7,per_seed_pooled,128,0.9787200166353005,1.5242769366723912,0.931209128428087,1.1289584665330632,0.028071303258476177,0.049331426461861665
random_within,TD-Proxy-Free,fit,11,per_seed_pooled,128,0.9479293046859852,2.352520008382509,1.0957863798955023,1.2805033513677584,0.04332434676936385,0.07613653726660231
random_within,TD-Proxy-Free,fit,42,per_seed_pooled,128,0.9907786796889061,1.0843239714108215,0.7366792806397231,0.8184025305343061,0.019969066184493785,0.03509286729304064
random_within,TD-Proxy-Free,fit,123,per_seed_pooled,128,0.9923164883311799,0.942131732063455,0.7062398747715142,0.8372821507061728,0.01735043345727065,0.030490983061868503
random_within,TD-Proxy-Free,fit,2024,per_seed_pooled,128,0.9947850591441674,0.7431647599454344,0.5606073456871121,0.6828144678078208,0.01368622908707348,0.024051651522281614
chronological_within,Oracle-proxy,fit,-1,grand_pooled_all_seeds,640,0.9288194663774947,1.6698031219162155,1.1296601070622905,1.7195702007909244,0.03075133441275361,0.05404120992240742
chronological_within,TD-All,fit,-1,grand_pooled_all_seeds,640,0.8502607395776595,2.4218792752866207,1.7953391862127617,2.672924684143895,0.04460167700260963,0.07838126818944788
chronological_within,TD-Proxy-Free,fit,-1,grand_pooled_all_seeds,640,0.4929112073828197,4.456836015856455,3.47643233076802,5.2339716722056595,0.08207773296598445,0.14424024459018212
lobo_nested,Oracle-proxy,pre_refit,-1,grand_pooled_all_seeds,3180,0.6085088588625674,6.862255864785147,5.582888102111489,7.296752500175064,0.12637629080590265,0.2220888228455074
lobo_nested,Oracle-proxy,refit_on_3,-1,grand_pooled_all_seeds,3180,0.6680696300745791,6.31872467741039,5.087541163357525,6.610773845166368,0.11636654229882035,0.2044980766007723
lobo_nested,TD-All,pre_refit,-1,grand_pooled_all_seeds,3180,0.8548446382430108,4.178519937771158,3.0054122554268683,3.930282283366495,0.07695222404980429,0.13523287276102383
lobo_nested,TD-All,refit_on_3,-1,grand_pooled_all_seeds,3180,0.9402777571871809,2.6802418984797862,2.1155295337581665,2.5994422613078587,0.0493597202241673,0.08674286996922122
lobo_nested,TD-Proxy-Free,pre_refit,-1,grand_pooled_all_seeds,3180,0.47361556920583825,7.957148354628659,5.3230598113593155,7.210555412722251,0.14653998834561754,0.2575237277810064
lobo_nested,TD-Proxy-Free,refit_on_3,-1,grand_pooled_all_seeds,3180,0.8762842775679895,3.85761059000647,2.8600312752244337,3.587214524262742,0.07104231135424896,0.12484701996137593
random_pooled,Oracle-proxy,fit,-1,grand_pooled_all_seeds,635,0.8161709556973848,4.731063848574699,3.732735228010699,4.8587093585202314,0.08967598720952023,0.10827933842260498
random_pooled,TD-All,fit,-1,grand_pooled_all_seeds,635,0.9891283566223896,1.1505336983130117,0.7439014440660038,0.8658710543762332,0.021808043289274708,0.026332138325247313
random_pooled,TD-Proxy-Free,fit,-1,grand_pooled_all_seeds,635,0.9786035171194448,1.6140721340732256,1.085703077790881,1.2741105699776478,0.03059428422087342,0.036941091567906696
random_within,Oracle-proxy,fit,-1,grand_pooled_all_seeds,640,0.9927835393060972,0.9115110586744453,0.6536425113482278,0.7851000990655098,0.016786518732851783,0.02949998105878087
random_within,TD-All,fit,-1,grand_pooled_all_seeds,640,0.9840988113429292,1.3530523872505706,0.6251564562351947,0.7493061537403515,0.02491800733404344,0.04378994573414836
random_within,TD-Proxy-Free,fit,-1,grand_pooled_all_seeds,640,0.9818063637172375,1.4473033618058924,0.8061044018843878,0.9495921933898243,0.02665374683484913,0.046840267436440146
