setting,stage,seed,test_battery,val_battery,fit_batteries,cfg,sel_epochs,sel_degenerate,sel_val_rmse,train_RMSE,train_R2,test_nRMSE,test_MAE,test_RMSE,test_R2,test_MAPE,test_MAE_Ah,test_RMSE_Ah,split,test_scope,n_train,n_val,n_test,device
TD-All,pre_refit,42,B0005,B0006,"['B0007', 'B0018']",[16]/l2=0.0001,325,False,6.0991,0.6108,0.9949,0.0816,1.9835,2.521,0.9402,2.5621,0.0365,0.0464,lobo_nested,per_battery,,,168,cpu
TD-All,refit_on_3,42,B0005,B0006,"['B0006', 'B0007', 'B0018']",[16]/l2=0.0001,325,False,6.0991,1.2679,0.987,0.0658,1.9869,2.0341,0.9611,2.3501,0.0366,0.0375,lobo_nested,per_battery,,,168,cpu
TD-All,pre_refit,42,B0006,B0005,"['B0007', 'B0018']",[16]/l2=0.0001,325,False,2.521,0.6108,0.9949,0.1396,5.6716,6.0991,0.7602,7.9472,0.1144,0.1231,lobo_nested,per_battery,,,168,cpu
TD-All,refit_on_3,42,B0006,B0005,"['B0005', 'B0007', 'B0018']",[16]/l2=0.0001,325,False,2.521,0.5049,0.997,0.0727,2.8003,3.1743,0.935,3.6422,0.0565,0.064,lobo_nested,per_battery,,,168,cpu
TD-All,pre_refit,42,B0007,B0005,"['B0006', 'B0018']","[8, 4]/l2=0.0001",358,False,1.4355,1.3371,0.9866,0.0623,1.0405,1.6228,0.9638,1.1115,0.0196,0.0305,lobo_nested,per_battery,,,168,cpu
TD-All,refit_on_3,42,B0007,B0005,"['B0005', 'B0006', 'B0018']","[8, 4]/l2=0.0001",358,False,1.4355,1.0835,0.991,0.0506,1.1086,1.3188,0.9761,1.2923,0.0209,0.0248,lobo_nested,per_battery,,,168,cpu
TD-All,pre_refit,42,B0018,B0005,"['B0006', 'B0007']","[8, 4]/l2=0.0001",245,False,1.2474,1.1923,0.99,0.1223,3.1104,3.4163,0.834,3.5996,0.0572,0.0629,lobo_nested,per_battery,,,132,cpu
TD-All,refit_on_3,42,B0018,B0005,"['B0005', 'B0006', 'B0007']","[8, 4]/l2=0.0001",245,False,1.2474,1.1707,0.9897,0.1196,3.1006,3.3394,0.8414,3.6223,0.0571,0.0615,lobo_nested,per_battery,,,132,cpu
TD-All,pre_refit,7,B0005,B0006,"['B0007', 'B0018']",[16]/l2=0.0001,499,False,5.101,0.5223,0.9963,0.056,1.4265,1.7318,0.9718,1.8131,0.0263,0.0319,lobo_nested,per_battery,,,168,cpu
TD-All,refit_on_3,7,B0005,B0006,"['B0006', 'B0007', 'B0018']",[16]/l2=0.0001,499,False,5.101,1.0069,0.9918,0.0691,1.8052,2.134,0.9571,2.2746,0.0332,0.0393,lobo_nested,per_battery,,,168,cpu
TD-All,pre_refit,7,B0006,B0005,"['B0007', 'B0018']",[16]/l2=0.0001,499,False,1.7318,0.5223,0.9963,0.1167,4.1831,5.101,0.8323,5.7855,0.0844,0.1029,lobo_nested,per_battery,,,168,cpu
TD-All,refit_on_3,7,B0006,B0005,"['B0005', 'B0007', 'B0018']",[16]/l2=0.0001,499,False,1.7318,0.3752,0.9984,0.0895,3.5714,3.9121,0.9013,4.6221,0.0721,0.0789,lobo_nested,per_battery,,,168,cpu
TD-All,pre_refit,7,B0007,B0005,"['B0006', 'B0018']",[16]/l2=0.0001,276,False,1.457,1.2851,0.9876,0.0545,1.1652,1.4206,0.9722,1.3311,0.0219,0.0267,lobo_nested,per_battery,,,168,cpu
TD-All,refit_on_3,7,B0007,B0005,"['B0005', 'B0006', 'B0018']",[16]/l2=0.0001,276,False,1.457,1.0964,0.9907,0.0511,1.1922,1.3314,0.9756,1.3828,0.0224,0.0251,lobo_nested,per_battery,,,168,cpu
TD-All,pre_refit,7,B0018,B0005,"['B0006', 'B0007']",[16]/l2=0.0,195,False,1.3822,1.0148,0.9928,0.1037,2.3639,2.8958,0.8807,2.677,0.0435,0.0533,lobo_nested,per_battery,,,132,cpu
TD-All,refit_on_3,7,B0018,B0005,"['B0005', 'B0006', 'B0007']",[16]/l2=0.0,195,False,1.3822,0.9423,0.9933,0.1004,2.4018,2.8051,0.8881,2.7589,0.0442,0.0516,lobo_nested,per_battery,,,132,cpu
TD-All,pre_refit,123,B0005,B0006,"['B0007', 'B0018']",[8]/l2=0.0001,496,False,6.7501,0.6815,0.9937,0.0836,2.0274,2.5838,0.9372,2.6199,0.0373,0.0476,lobo_nested,per_battery,,,168,cpu
TD-All,refit_on_3,123,B0005,B0006,"['B0006', 'B0007', 'B0018']",[8]/l2=0.0001,496,False,6.7501,1.4684,0.9825,0.0411,1.0578,1.2704,0.9848,1.1985,0.0195,0.0234,lobo_nested,per_battery,,,168,cpu
TD-All,pre_refit,123,B0006,B0005,"['B0007', 'B0018']",[8]/l2=0.0,48,False,4.3212,2.1436,0.9374,0.2085,7.3481,9.1114,0.4649,10.6573,0.1483,0.1838,lobo_nested,per_battery,,,168,cpu
TD-All,refit_on_3,123,B0006,B0005,"['B0005', 'B0007', 'B0018']",[8]/l2=0.0,48,False,4.3212,1.7927,0.9623,0.105,3.5009,4.5878,0.8643,4.771,0.0706,0.0926,lobo_nested,per_battery,,,168,cpu
TD-All,pre_refit,123,B0007,B0005,"['B0006', 'B0018']","[8, 4]/l2=0.0",167,False,1.6702,1.811,0.9754,0.0623,1.0519,1.6238,0.9637,1.1269,0.0198,0.0306,lobo_nested,per_battery,,,168,cpu
TD-All,refit_on_3,123,B0007,B0005,"['B0005', 'B0006', 'B0018']","[8, 4]/l2=0.0",167,False,1.6702,1.6169,0.9799,0.0427,0.9161,1.1127,0.983,1.0163,0.0172,0.0209,lobo_nested,per_battery,,,168,cpu
TD-All,pre_refit,123,B0018,B0005,"['B0006', 'B0007']",[8]/l2=0.0001,479,False,1.1898,0.9053,0.9942,0.1774,4.7819,4.9533,0.651,5.6384,0.088,0.0912,lobo_nested,per_battery,,,132,cpu
TD-All,refit_on_3,123,B0018,B0005,"['B0005', 'B0006', 'B0007']",[8]/l2=0.0001,479,False,1.1898,1.1006,0.9909,0.1312,3.4916,3.6644,0.809,4.1268,0.0643,0.0674,lobo_nested,per_battery,,,132,cpu
TD-All,pre_refit,2024,B0005,B0006,"['B0007', 'B0018']","[8, 4]/l2=0.0001",467,False,6.6378,0.7421,0.9925,0.1019,2.5647,3.1496,0.9067,3.3058,0.0472,0.058,lobo_nested,per_battery,,,168,cpu
TD-All,refit_on_3,2024,B0005,B0006,"['B0006', 'B0007', 'B0018']","[8, 4]/l2=0.0001",467,False,6.6378,1.3135,0.986,0.0399,1.0369,1.2341,0.9857,1.1726,0.0191,0.0227,lobo_nested,per_battery,,,168,cpu
TD-All,pre_refit,2024,B0006,B0005,"['B0007', 'B0018']",[8]/l2=0.0001,433,False,2.6894,0.7876,0.9916,0.1653,6.6546,7.224,0.6636,9.4566,0.1343,0.1457,lobo_nested,per_battery,,,168,cpu
TD-All,refit_on_3,2024,B0006,B0005,"['B0005', 'B0007', 'B0018']",[8]/l2=0.0001,433,False,2.6894,0.7336,0.9937,0.0719,2.655,3.1397,0.9365,3.3605,0.0536,0.0633,lobo_nested,per_battery,,,168,cpu
TD-All,pre_refit,2024,B0007,B0005,"['B0006', 'B0018']",[8]/l2=0.0001,217,False,1.5181,1.7254,0.9777,0.0505,0.8039,1.3167,0.9761,0.8515,0.0151,0.0248,lobo_nested,per_battery,,,168,cpu
TD-All,refit_on_3,2024,B0007,B0005,"['B0005', 'B0006', 'B0018']",[8]/l2=0.0001,217,False,1.5181,1.501,0.9827,0.0325,0.6832,0.8478,0.9901,0.7599,0.0129,0.016,lobo_nested,per_battery,,,168,cpu
TD-All,pre_refit,2024,B0018,B0005,"['B0006', 'B0007']","[8, 4]/l2=0.0001",97,False,1.3542,3.0038,0.9366,0.1271,3.1952,3.5509,0.8206,3.6907,0.0588,0.0653,lobo_nested,per_battery,,,132,cpu
TD-All,refit_on_3,2024,B0018,B0005,"['B0005', 'B0006', 'B0007']","[8, 4]/l2=0.0001",97,False,1.3542,1.1525,0.99,0.1072,2.6867,2.9942,0.8725,3.1165,0.0494,0.0551,lobo_nested,per_battery,,,132,cpu
TD-All,pre_refit,11,B0005,B0006,"['B0007', 'B0018']",[16]/l2=0.0001,497,False,6.2124,0.5151,0.9964,0.0659,1.5735,2.0352,0.961,2.0375,0.029,0.0375,lobo_nested,per_battery,,,168,cpu
TD-All,refit_on_3,11,B0005,B0006,"['B0006', 'B0007', 'B0018']",[16]/l2=0.0001,497,False,6.2124,1.2872,0.9866,0.0395,1.0912,1.2211,0.986,1.2939,0.0201,0.0225,lobo_nested,per_battery,,,168,cpu
TD-All,pre_refit,11,B0006,B0005,"['B0007', 'B0018']",[16]/l2=0.0001,497,False,2.0352,0.5151,0.9964,0.1422,5.8786,6.2124,0.7512,8.219,0.1186,0.1253,lobo_nested,per_battery,,,168,cpu
TD-All,refit_on_3,11,B0006,B0005,"['B0005', 'B0007', 'B0018']",[16]/l2=0.0001,497,False,2.0352,0.4318,0.9978,0.0968,4.0493,4.2277,0.8848,5.4271,0.0817,0.0853,lobo_nested,per_battery,,,168,cpu
TD-All,pre_refit,11,B0007,B0005,"['B0006', 'B0018']",[16]/l2=0.0001,343,False,1.4016,1.6295,0.9801,0.0473,0.7766,1.2324,0.9791,0.8244,0.0146,0.0232,lobo_nested,per_battery,,,168,cpu
TD-All,refit_on_3,11,B0007,B0005,"['B0005', 'B0006', 'B0018']",[16]/l2=0.0001,343,False,1.4016,1.308,0.9868,0.0422,0.9003,1.0993,0.9834,0.997,0.0169,0.0207,lobo_nested,per_battery,,,168,cpu
TD-All,pre_refit,11,B0018,B0005,"['B0006', 'B0007']","[8, 4]/l2=0.0",246,False,1.3207,1.0956,0.9916,0.1135,2.7613,3.1706,0.857,3.1613,0.0508,0.0583,lobo_nested,per_battery,,,132,cpu
TD-All,refit_on_3,11,B0018,B0005,"['B0005', 'B0006', 'B0007']","[8, 4]/l2=0.0",246,False,1.3207,1.0695,0.9914,0.1231,3.1957,3.4369,0.832,3.7392,0.0588,0.0632,lobo_nested,per_battery,,,132,cpu
TD-All,fit,42,B0005,B0005,same-battery,[16]/l2=0.0001,496,False,0.5407,0.3304,0.9989,0.025,0.4776,0.7734,0.9951,0.5245,0.0088,0.0142,random_within,per_battery,118.0,16.0,34,cpu
TD-All,fit,42,B0006,B0006,same-battery,"[8, 4]/l2=0.0001",500,False,0.7183,0.6381,0.9973,0.0298,0.8373,1.3019,0.9902,0.988,0.0169,0.0263,random_within,per_battery,118.0,16.0,34,cpu
TD-All,fit,42,B0007,B0007,same-battery,[16]/l2=0.0001,498,False,0.3472,0.2917,0.9988,0.0172,0.3423,0.4495,0.9976,0.3792,0.0064,0.0085,random_within,per_battery,118.0,16.0,34,cpu
TD-All,fit,42,B0018,B0018,same-battery,[16]/l2=0.0001,498,True,0.5866,0.496,0.9965,0.0223,0.4678,0.6237,0.994,0.5353,0.0086,0.0115,random_within,per_battery,92.0,14.0,26,cpu
TD-All,fit,7,B0005,B0005,same-battery,[16]/l2=0.0,500,False,3.7232,0.4941,0.9977,0.082,0.7393,2.5337,0.9321,0.7908,0.0136,0.0467,random_within,per_battery,118.0,16.0,34,cpu
TD-All,fit,7,B0006,B0006,same-battery,[16]/l2=0.0001,77,False,4.235,1.5085,0.9853,0.0509,1.4115,2.2253,0.9586,1.833,0.0285,0.0449,random_within,per_battery,118.0,16.0,34,cpu
TD-All,fit,7,B0007,B0007,same-battery,"[8, 4]/l2=0.0001",499,False,3.0987,0.3902,0.9979,0.1169,0.7751,3.0463,0.8508,0.825,0.0146,0.0573,random_within,per_battery,118.0,16.0,34,cpu
TD-All,fit,7,B0018,B0018,same-battery,[16]/l2=0.0,143,False,1.9077,1.453,0.9697,0.0472,1.0332,1.3183,0.974,1.2265,0.019,0.0243,random_within,per_battery,92.0,14.0,26,cpu
TD-All,fit,123,B0005,B0005,same-battery,[16]/l2=0.0001,164,False,0.4719,0.7856,0.9943,0.0195,0.496,0.602,0.9963,0.5833,0.0091,0.0111,random_within,per_battery,118.0,16.0,34,cpu
TD-All,fit,123,B0006,B0006,same-battery,[16]/l2=0.0001,491,False,0.648,0.7221,0.9967,0.0201,0.6718,0.8795,0.9945,0.8999,0.0136,0.0177,random_within,per_battery,118.0,16.0,34,cpu
TD-All,fit,123,B0007,B0007,same-battery,[16]/l2=0.0001,497,False,0.3165,0.3976,0.9979,0.0194,0.4154,0.5065,0.9962,0.4848,0.0078,0.0095,random_within,per_battery,118.0,16.0,34,cpu
TD-All,fit,123,B0018,B0018,same-battery,[16]/l2=0.0001,498,False,0.575,0.5819,0.9951,0.0212,0.4866,0.592,0.9954,0.589,0.009,0.0109,random_within,per_battery,92.0,14.0,26,cpu
TD-All,fit,2024,B0005,B0005,same-battery,[16]/l2=0.0001,498,True,0.5524,0.3583,0.9988,0.011,0.2802,0.3394,0.9987,0.3372,0.0052,0.0062,random_within,per_battery,118.0,16.0,34,cpu
TD-All,fit,2024,B0006,B0006,same-battery,[8]/l2=0.0001,499,True,0.5234,0.5488,0.9981,0.0126,0.456,0.5484,0.9974,0.611,0.0092,0.0111,random_within,per_battery,118.0,16.0,34,cpu
TD-All,fit,2024,B0007,B0007,same-battery,[8]/l2=0.0001,395,False,0.4189,0.6133,0.9949,0.0194,0.3725,0.5048,0.9957,0.4524,0.007,0.0095,random_within,per_battery,118.0,16.0,34,cpu
TD-All,fit,2024,B0018,B0018,same-battery,[8]/l2=0.0001,495,False,0.7487,0.6966,0.993,0.0209,0.4355,0.5838,0.9954,0.5188,0.008,0.0107,random_within,per_battery,92.0,14.0,26,cpu
TD-All,fit,11,B0005,B0005,same-battery,[16]/l2=0.0001,500,False,0.479,0.4115,0.9985,0.0204,0.4353,0.6292,0.9957,0.5042,0.008,0.0116,random_within,per_battery,118.0,16.0,34,cpu
TD-All,fit,11,B0006,B0006,same-battery,[16]/l2=0.0,90,False,1.0942,1.8988,0.9779,0.0526,1.3231,2.2968,0.9599,1.6526,0.0267,0.0463,random_within,per_battery,118.0,16.0,34,cpu
TD-All,fit,11,B0007,B0007,same-battery,[16]/l2=0.0001,499,False,0.4633,0.4066,0.9978,0.0202,0.3535,0.5264,0.9956,0.4069,0.0067,0.0099,random_within,per_battery,118.0,16.0,34,cpu
TD-All,fit,11,B0018,B0018,same-battery,[16]/l2=0.0,500,False,0.6659,0.6921,0.9931,0.0439,0.6906,1.2252,0.975,0.8335,0.0127,0.0225,random_within,per_battery,92.0,14.0,26,cpu
TD-All,fit,42,B0005,B0005,same-battery,[8]/l2=0.0001,395,False,0.2186,0.4717,0.9962,0.0296,0.7851,0.9145,0.4251,1.1005,0.0145,0.0168,chronological_within,per_battery,118.0,16.0,34,cpu
TD-All,fit,42,B0006,B0006,same-battery,[16]/l2=0.0,496,False,0.5287,0.75,0.9947,0.1148,4.5672,5.018,-3.3205,7.5792,0.0921,0.1012,chronological_within,per_battery,118.0,16.0,34,cpu
TD-All,fit,42,B0007,B0007,same-battery,[8]/l2=0.0001,498,False,0.6904,0.344,0.9973,0.0834,2.0573,2.1722,-2.5694,2.7042,0.0387,0.0409,chronological_within,per_battery,118.0,16.0,34,cpu
TD-All,fit,42,B0018,B0018,same-battery,[16]/l2=0.0,485,False,1.0604,0.7263,0.9889,0.0507,1.1746,1.4156,0.1715,1.5746,0.0216,0.0261,chronological_within,per_battery,92.0,14.0,26,cpu
TD-All,fit,7,B0005,B0005,same-battery,[16]/l2=0.0,497,False,0.2638,0.4471,0.9966,0.0345,0.9557,1.0647,0.2207,1.3386,0.0176,0.0196,chronological_within,per_battery,118.0,16.0,34,cpu
TD-All,fit,7,B0006,B0006,same-battery,"[8, 4]/l2=0.0",377,False,0.2759,1.9231,0.9651,0.0555,2.0324,2.4269,-0.0106,3.3957,0.041,0.049,chronological_within,per_battery,118.0,16.0,34,cpu
TD-All,fit,7,B0007,B0007,same-battery,[16]/l2=0.0,497,False,0.8253,0.4186,0.996,0.1091,2.6917,2.8436,-5.1169,3.5381,0.0507,0.0535,chronological_within,per_battery,118.0,16.0,34,cpu
TD-All,fit,7,B0018,B0018,same-battery,[16]/l2=0.0001,116,False,0.5508,1.2898,0.9652,0.0311,0.7088,0.8681,0.6885,0.9382,0.013,0.016,chronological_within,per_battery,92.0,14.0,26,cpu
TD-All,fit,123,B0005,B0005,same-battery,[16]/l2=0.0,500,False,0.2899,0.4354,0.9968,0.0153,0.3611,0.4742,0.8454,0.5046,0.0066,0.0087,chronological_within,per_battery,118.0,16.0,34,cpu
TD-All,fit,123,B0006,B0006,same-battery,[16]/l2=0.0,317,False,0.3483,0.9083,0.9922,0.0994,3.8379,4.3426,-2.2358,6.3866,0.0774,0.0876,chronological_within,per_battery,118.0,16.0,34,cpu
TD-All,fit,123,B0007,B0007,same-battery,"[8, 4]/l2=0.0",499,False,0.8258,0.4536,0.9953,0.1349,3.3129,3.5163,-8.3531,4.3561,0.0624,0.0662,chronological_within,per_battery,118.0,16.0,34,cpu
TD-All,fit,123,B0018,B0018,same-battery,[16]/l2=0.0001,128,False,1.1159,1.0786,0.9756,0.0446,1.0479,1.2449,0.3593,1.3998,0.0193,0.0229,chronological_within,per_battery,92.0,14.0,26,cpu
TD-All,fit,2024,B0005,B0005,same-battery,[8]/l2=0.0001,421,False,0.2872,0.3378,0.9981,0.0238,0.6127,0.7365,0.6272,0.8576,0.0113,0.0136,chronological_within,per_battery,118.0,16.0,34,cpu
TD-All,fit,2024,B0006,B0006,same-battery,[8]/l2=0.0001,100,False,0.3023,1.7146,0.9723,0.0396,1.5988,1.7292,0.4869,2.6439,0.0323,0.0349,chronological_within,per_battery,118.0,16.0,34,cpu
TD-All,fit,2024,B0007,B0007,same-battery,[8]/l2=0.0001,500,False,0.449,0.388,0.9966,0.0835,1.9753,2.1754,-2.5797,2.6008,0.0372,0.041,chronological_within,per_battery,118.0,16.0,34,cpu
TD-All,fit,2024,B0018,B0018,same-battery,[8]/l2=0.0001,167,False,0.5603,1.076,0.9757,0.0336,0.7704,0.9394,0.6352,1.0176,0.0142,0.0173,chronological_within,per_battery,92.0,14.0,26,cpu
TD-All,fit,11,B0005,B0005,same-battery,[16]/l2=0.0,492,False,0.3087,0.415,0.9971,0.0177,0.4656,0.546,0.795,0.65,0.0086,0.0101,chronological_within,per_battery,118.0,16.0,34,cpu
TD-All,fit,11,B0006,B0006,same-battery,"[8, 4]/l2=0.0001",91,False,0.8228,1.6217,0.9752,0.0984,4.0751,4.2989,-2.1709,6.7303,0.0822,0.0867,chronological_within,per_battery,118.0,16.0,34,cpu
TD-All,fit,11,B0007,B0007,same-battery,[16]/l2=0.0001,499,False,0.4431,0.4192,0.996,0.0473,1.0902,1.2322,-0.1486,1.4334,0.0205,0.0232,chronological_within,per_battery,118.0,16.0,34,cpu
TD-All,fit,11,B0018,B0018,same-battery,[16]/l2=0.0,129,True,0.7212,1.3805,0.9601,0.0314,0.7124,0.8757,0.6829,0.947,0.0131,0.0161,chronological_within,per_battery,92.0,14.0,26,cpu
TD-All,fit,42,pooled,pooled,pooled-all,[16]/l2=0.0001,499,False,1.0014,1.0984,0.9895,0.0258,0.6912,1.1283,0.9906,0.7847,0.0131,0.0214,random_pooled,pooled,445.0,64.0,127,cpu
TD-All,fit,7,pooled,pooled,pooled-all,[16]/l2=0.0001,363,False,0.8881,1.0329,0.9909,0.0245,0.6808,1.0686,0.9909,0.7771,0.0129,0.0203,random_pooled,pooled,445.0,64.0,127,cpu
TD-All,fit,123,pooled,pooled,pooled-all,[16]/l2=0.0001,497,False,0.8705,0.9609,0.9924,0.0232,0.6056,1.0149,0.9913,0.7026,0.0115,0.0192,random_pooled,pooled,445.0,64.0,127,cpu
TD-All,fit,2024,pooled,pooled,pooled-all,"[8, 4]/l2=0.0001",498,False,1.1291,1.1492,0.9893,0.0273,0.869,1.1928,0.9881,1.0215,0.0165,0.0226,random_pooled,pooled,445.0,64.0,127,cpu
TD-All,fit,11,pooled,pooled,pooled-all,"[8, 4]/l2=0.0",364,False,1.3683,1.2361,0.9879,0.0303,0.873,1.3233,0.9836,1.0434,0.0165,0.0251,random_pooled,pooled,445.0,64.0,127,cpu
TD-Proxy-Free,pre_refit,42,B0005,B0006,"['B0007', 'B0018']","[8, 4]/l2=0.0",143,True,10.9077,2.0223,0.9443,0.253,6.7176,7.8186,0.4247,8.5131,0.1237,0.144,lobo_nested,per_battery,,,168,cpu
TD-Proxy-Free,refit_on_3,42,B0005,B0006,"['B0006', 'B0007', 'B0018']","[8, 4]/l2=0.0",143,True,10.9077,2.2918,0.9575,0.0697,1.7532,2.1541,0.9563,2.0617,0.0323,0.0397,lobo_nested,per_battery,,,168,cpu
TD-Proxy-Free,pre_refit,42,B0006,B0005,"['B0007', 'B0018']",[8]/l2=0.0001,51,False,7.7347,2.6208,0.9065,0.3193,10.7227,13.9491,-0.2543,15.9445,0.2163,0.2814,lobo_nested,per_battery,,,168,cpu
TD-Proxy-Free,refit_on_3,42,B0006,B0005,"['B0005', 'B0007', 'B0018']",[8]/l2=0.0001,51,False,7.7347,2.2377,0.9413,0.1004,3.3456,4.386,0.876,4.5387,0.0675,0.0885,lobo_nested,per_battery,,,168,cpu
TD-Proxy-Free,pre_refit,42,B0007,B0005,"['B0006', 'B0018']",[8]/l2=0.0,132,False,2.3901,2.6395,0.9478,0.0999,2.0136,2.6043,0.9067,2.3272,0.0379,0.049,lobo_nested,per_battery,,,168,cpu
TD-Proxy-Free,refit_on_3,42,B0007,B0005,"['B0005', 'B0006', 'B0018']",[8]/l2=0.0,132,False,2.3901,2.3965,0.9558,0.0874,1.8557,2.2768,0.9287,2.1321,0.0349,0.0429,lobo_nested,per_battery,,,168,cpu
TD-Proxy-Free,pre_refit,42,B0018,B0005,"['B0006', 'B0007']",[16]/l2=0.0001,331,False,1.2429,1.099,0.9915,0.1696,4.0168,4.738,0.6807,4.7777,0.0739,0.0872,lobo_nested,per_battery,,,132,cpu
TD-Proxy-Free,refit_on_3,42,B0018,B0005,"['B0005', 'B0006', 'B0007']",[16]/l2=0.0001,331,False,1.2429,0.8643,0.9944,0.1461,3.4188,4.0801,0.7632,4.0376,0.0629,0.0751,lobo_nested,per_battery,,,132,cpu
TD-Proxy-Free,pre_refit,7,B0005,B0006,"['B0007', 'B0018']","[8, 4]/l2=0.0",67,False,9.1869,1.4672,0.9707,0.2171,5.4247,6.7066,0.5767,7.0038,0.0999,0.1235,lobo_nested,per_battery,,,168,cpu
TD-Proxy-Free,refit_on_3,7,B0005,B0006,"['B0006', 'B0007', 'B0018']","[8, 4]/l2=0.0",67,False,9.1869,2.4191,0.9526,0.0646,1.5126,1.9966,0.9625,1.8266,0.0279,0.0368,lobo_nested,per_battery,,,168,cpu
TD-Proxy-Free,pre_refit,7,B0006,B0005,"['B0007', 'B0018']","[8, 4]/l2=0.0",36,False,5.8774,2.4837,0.916,0.2276,6.9172,9.9454,0.3624,10.514,0.1396,0.2007,lobo_nested,per_battery,,,168,cpu
TD-Proxy-Free,refit_on_3,7,B0006,B0005,"['B0005', 'B0007', 'B0018']","[8, 4]/l2=0.0",36,False,5.8774,1.8711,0.959,0.0909,3.3822,3.9702,0.8984,4.5884,0.0682,0.0801,lobo_nested,per_battery,,,168,cpu
TD-Proxy-Free,pre_refit,7,B0007,B0005,"['B0006', 'B0018']","[8, 4]/l2=0.0",88,False,2.4948,2.6555,0.9472,0.0905,1.7319,2.3594,0.9234,1.9665,0.0326,0.0444,lobo_nested,per_battery,,,168,cpu
TD-Proxy-Free,refit_on_3,7,B0007,B0005,"['B0005', 'B0006', 'B0018']","[8, 4]/l2=0.0",88,False,2.4948,2.3719,0.9567,0.0697,1.3333,1.817,0.9546,1.5265,0.0251,0.0342,lobo_nested,per_battery,,,168,cpu
TD-Proxy-Free,pre_refit,7,B0018,B0005,"['B0006', 'B0007']",[16]/l2=0.0001,476,False,1.4444,1.4253,0.9857,0.1509,3.5148,4.2141,0.7474,4.1697,0.0647,0.0775,lobo_nested,per_battery,,,132,cpu
TD-Proxy-Free,refit_on_3,7,B0018,B0005,"['B0005', 'B0006', 'B0007']",[16]/l2=0.0001,476,False,1.4444,0.9583,0.9931,0.1516,3.5793,4.2334,0.7451,4.2437,0.0659,0.0779,lobo_nested,per_battery,,,132,cpu
TD-Proxy-Free,pre_refit,123,B0005,B0006,"['B0007', 'B0018']",[16]/l2=0.0001,20,True,15.9526,4.9005,0.6729,0.2868,7.4384,8.8618,0.261,9.3906,0.137,0.1632,lobo_nested,per_battery,,,168,cpu
TD-Proxy-Free,refit_on_3,123,B0005,B0006,"['B0006', 'B0007', 'B0018']",[16]/l2=0.0001,20,True,15.9526,3.8887,0.8775,0.1286,3.1912,3.9741,0.8514,3.638,0.0588,0.0732,lobo_nested,per_battery,,,168,cpu
TD-Proxy-Free,pre_refit,123,B0006,B0005,"['B0007', 'B0018']",[16]/l2=0.0001,26,False,8.6194,3.7279,0.8107,0.3666,11.9644,16.018,-0.6539,18.1286,0.2414,0.3232,lobo_nested,per_battery,,,168,cpu
TD-Proxy-Free,refit_on_3,123,B0006,B0005,"['B0005', 'B0007', 'B0018']",[16]/l2=0.0001,26,False,8.6194,2.8536,0.9046,0.1473,4.4027,6.4369,0.7329,6.3602,0.0888,0.1299,lobo_nested,per_battery,,,168,cpu
TD-Proxy-Free,pre_refit,123,B0007,B0005,"['B0006', 'B0018']","[8, 4]/l2=0.0",128,False,2.1914,2.4507,0.955,0.0935,1.9004,2.4379,0.9182,2.1905,0.0358,0.0459,lobo_nested,per_battery,,,168,cpu
TD-Proxy-Free,refit_on_3,123,B0007,B0005,"['B0005', 'B0006', 'B0018']","[8, 4]/l2=0.0",128,False,2.1914,1.8876,0.9726,0.0769,1.706,2.0046,0.9447,1.9848,0.0321,0.0377,lobo_nested,per_battery,,,168,cpu
TD-Proxy-Free,pre_refit,123,B0018,B0005,"['B0006', 'B0007']","[8, 4]/l2=0.0001",280,False,1.4213,1.5471,0.9832,0.1603,3.7181,4.4774,0.7148,4.489,0.0684,0.0824,lobo_nested,per_battery,,,132,cpu
TD-Proxy-Free,refit_on_3,123,B0018,B0005,"['B0005', 'B0006', 'B0007']","[8, 4]/l2=0.0001",280,False,1.4213,1.267,0.9879,0.1829,4.369,5.1075,0.6289,5.3378,0.0804,0.094,lobo_nested,per_battery,,,132,cpu
TD-Proxy-Free,pre_refit,2024,B0005,B0006,"['B0007', 'B0018']",[8]/l2=0.0001,383,True,10.47,1.2854,0.9775,0.2559,6.5254,7.9059,0.4118,8.3865,0.1202,0.1456,lobo_nested,per_battery,,,168,cpu
TD-Proxy-Free,refit_on_3,2024,B0005,B0006,"['B0006', 'B0007', 'B0018']",[8]/l2=0.0001,383,True,10.47,1.6387,0.9783,0.1726,4.4461,5.3334,0.7323,5.6878,0.0819,0.0982,lobo_nested,per_battery,,,168,cpu
TD-Proxy-Free,pre_refit,2024,B0006,B0005,"['B0007', 'B0018']",[16]/l2=0.0001,38,False,7.5801,2.4632,0.9174,0.3065,10.3354,13.3926,-0.1562,15.3534,0.2085,0.2702,lobo_nested,per_battery,,,168,cpu
TD-Proxy-Free,refit_on_3,2024,B0006,B0005,"['B0005', 'B0007', 'B0018']",[16]/l2=0.0001,38,False,7.5801,2.3392,0.9359,0.1117,3.6896,4.8801,0.8465,5.0741,0.0744,0.0985,lobo_nested,per_battery,,,168,cpu
TD-Proxy-Free,pre_refit,2024,B0007,B0005,"['B0006', 'B0018']",[8]/l2=0.0,164,False,2.4431,2.6796,0.9462,0.0909,1.5952,2.3697,0.9227,1.7994,0.03,0.0446,lobo_nested,per_battery,,,168,cpu
TD-Proxy-Free,refit_on_3,2024,B0007,B0005,"['B0005', 'B0006', 'B0018']",[8]/l2=0.0,164,False,2.4431,2.3267,0.9583,0.0825,1.605,2.1496,0.9364,1.8319,0.0302,0.0405,lobo_nested,per_battery,,,168,cpu
TD-Proxy-Free,pre_refit,2024,B0018,B0005,"['B0006', 'B0007']",[8]/l2=0.0001,497,False,1.763,1.6779,0.9802,0.1512,3.3897,4.2217,0.7465,3.9935,0.0624,0.0777,lobo_nested,per_battery,,,132,cpu
TD-Proxy-Free,refit_on_3,2024,B0018,B0005,"['B0005', 'B0006', 'B0007']",[8]/l2=0.0001,497,False,1.763,1.4227,0.9848,0.1754,4.1076,4.8995,0.6585,4.8782,0.0756,0.0902,lobo_nested,per_battery,,,132,cpu
TD-Proxy-Free,pre_refit,11,B0005,B0006,"['B0007', 'B0018']",[16]/l2=0.0001,57,True,8.6301,1.7954,0.9561,0.187,4.6455,5.7767,0.686,5.9892,0.0856,0.1064,lobo_nested,per_battery,,,168,cpu
TD-Proxy-Free,refit_on_3,11,B0005,B0006,"['B0006', 'B0007', 'B0018']",[16]/l2=0.0001,57,True,8.6301,2.6561,0.9429,0.0804,1.8453,2.4833,0.942,2.268,0.034,0.0457,lobo_nested,per_battery,,,168,cpu
TD-Proxy-Free,pre_refit,11,B0006,B0005,"['B0007', 'B0018']",[16]/l2=0.0,34,True,5.3624,2.3371,0.9256,0.2061,6.5458,9.0038,0.4774,9.7179,0.1321,0.1817,lobo_nested,per_battery,,,168,cpu
TD-Proxy-Free,refit_on_3,11,B0006,B0005,"['B0005', 'B0007', 'B0018']",[16]/l2=0.0,34,True,5.3624,2.0726,0.9497,0.1001,3.8622,4.3748,0.8766,5.1566,0.0779,0.0883,lobo_nested,per_battery,,,168,cpu
TD-Proxy-Free,pre_refit,11,B0007,B0005,"['B0006', 'B0018']","[8, 4]/l2=0.0001",74,False,2.6401,2.9035,0.9368,0.0951,1.8824,2.4796,0.9154,2.149,0.0354,0.0467,lobo_nested,per_battery,,,168,cpu
TD-Proxy-Free,refit_on_3,11,B0007,B0005,"['B0005', 'B0006', 'B0018']","[8, 4]/l2=0.0001",74,False,2.6401,2.6975,0.944,0.0683,1.0852,1.781,0.9563,1.199,0.0204,0.0335,lobo_nested,per_battery,,,168,cpu
TD-Proxy-Free,pre_refit,11,B0018,B0005,"['B0006', 'B0007']",[16]/l2=0.0001,489,False,1.3521,1.2656,0.9888,0.1619,3.6846,4.523,0.709,4.3482,0.0678,0.0832,lobo_nested,per_battery,,,132,cpu
TD-Proxy-Free,refit_on_3,11,B0018,B0005,"['B0005', 'B0006', 'B0007']",[16]/l2=0.0001,489,False,1.3521,1.0152,0.9922,0.1638,3.7695,4.5747,0.7023,4.4455,0.0694,0.0842,lobo_nested,per_battery,,,132,cpu
TD-Proxy-Free,fit,42,B0005,B0005,same-battery,"[8, 4]/l2=0.0001",499,False,0.8559,0.6658,0.9956,0.0383,0.7865,1.1845,0.9885,0.8527,0.0145,0.0218,random_within,per_battery,118.0,16.0,34,cpu
TD-Proxy-Free,fit,42,B0006,B0006,same-battery,[16]/l2=0.0001,440,False,0.9741,0.7976,0.9957,0.0248,0.6496,1.0834,0.9932,0.7235,0.0131,0.0219,random_within,per_battery,118.0,16.0,34,cpu
TD-Proxy-Free,fit,42,B0007,B0007,same-battery,"[8, 4]/l2=0.0001",495,False,0.7908,0.7273,0.9923,0.0442,0.8242,1.1531,0.984,0.9019,0.0155,0.0217,random_within,per_battery,118.0,16.0,34,cpu
TD-Proxy-Free,fit,42,B0018,B0018,same-battery,[8]/l2=0.0001,457,False,0.8696,1.049,0.9845,0.0295,0.671,0.8244,0.9894,0.7884,0.0123,0.0152,random_within,per_battery,92.0,14.0,26,cpu
TD-Proxy-Free,fit,7,B0005,B0005,same-battery,[16]/l2=0.0,80,False,4.5437,1.2183,0.9858,0.0389,0.9042,1.2017,0.9847,1.0822,0.0167,0.0221,random_within,per_battery,118.0,16.0,34,cpu
TD-Proxy-Free,fit,7,B0006,B0006,same-battery,"[8, 4]/l2=0.0",97,False,4.1546,1.9168,0.9762,0.0442,1.3422,1.9324,0.9688,1.7237,0.0271,0.039,random_within,per_battery,118.0,16.0,34,cpu
TD-Proxy-Free,fit,7,B0007,B0007,same-battery,"[8, 4]/l2=0.0",169,False,3.8656,0.8237,0.9906,0.0695,0.8564,1.8115,0.9472,0.9565,0.0161,0.0341,random_within,per_battery,118.0,16.0,34,cpu
TD-Proxy-Free,fit,7,B0018,B0018,same-battery,"[8, 4]/l2=0.0",485,False,0.9014,0.7067,0.9928,0.022,0.5269,0.613,0.9944,0.638,0.0097,0.0113,random_within,per_battery,92.0,14.0,26,cpu
TD-Proxy-Free,fit,123,B0005,B0005,same-battery,"[8, 4]/l2=0.0",386,False,0.6255,0.829,0.9936,0.024,0.5948,0.7419,0.9944,0.6878,0.011,0.0137,random_within,per_battery,118.0,16.0,34,cpu
TD-Proxy-Free,fit,123,B0006,B0006,same-battery,[16]/l2=0.0001,334,False,1.2648,1.3702,0.9882,0.0286,0.876,1.2494,0.9888,1.064,0.0177,0.0252,random_within,per_battery,118.0,16.0,34,cpu
TD-Proxy-Free,fit,123,B0007,B0007,same-battery,[16]/l2=0.0001,499,False,0.8218,0.7879,0.9916,0.0303,0.6618,0.7893,0.9907,0.7617,0.0125,0.0149,random_within,per_battery,118.0,16.0,34,cpu
TD-Proxy-Free,fit,123,B0018,B0018,same-battery,[16]/l2=0.0001,497,True,0.7548,0.9669,0.9865,0.0319,0.6881,0.891,0.9897,0.835,0.0127,0.0164,random_within,per_battery,92.0,14.0,26,cpu
TD-Proxy-Free,fit,2024,B0005,B0005,same-battery,[16]/l2=0.0,486,False,1.1318,1.1708,0.9873,0.0248,0.5655,0.7676,0.9933,0.6899,0.0104,0.0141,random_within,per_battery,118.0,16.0,34,cpu
TD-Proxy-Free,fit,2024,B0006,B0006,same-battery,[16]/l2=0.0001,480,False,1.3145,1.1243,0.9919,0.0151,0.4783,0.6599,0.9963,0.6223,0.0096,0.0133,random_within,per_battery,118.0,16.0,34,cpu
TD-Proxy-Free,fit,2024,B0007,B0007,same-battery,[8]/l2=0.0001,500,False,0.9398,0.947,0.9878,0.0277,0.601,0.7229,0.9912,0.7021,0.0113,0.0136,random_within,per_battery,118.0,16.0,34,cpu
TD-Proxy-Free,fit,2024,B0018,B0018,same-battery,[16]/l2=0.0001,496,False,0.9515,0.9039,0.9883,0.0299,0.609,0.834,0.9906,0.7275,0.0112,0.0153,random_within,per_battery,92.0,14.0,26,cpu
TD-Proxy-Free,fit,11,B0005,B0005,same-battery,"[8, 4]/l2=0.0001",500,False,0.8053,0.6559,0.9961,0.0754,0.8539,2.3284,0.9416,0.9309,0.0157,0.0429,random_within,per_battery,118.0,16.0,34,cpu
TD-Proxy-Free,fit,11,B0006,B0006,same-battery,[16]/l2=0.0001,54,False,1.205,2.1188,0.9725,0.0781,1.6657,3.4132,0.9115,2.0008,0.0336,0.0689,random_within,per_battery,118.0,16.0,34,cpu
TD-Proxy-Free,fit,11,B0007,B0007,same-battery,[8]/l2=0.0001,496,False,0.9609,0.7649,0.9923,0.0487,0.7426,1.2697,0.9742,0.8215,0.014,0.0239,random_within,per_battery,118.0,16.0,34,cpu
TD-Proxy-Free,fit,11,B0018,B0018,same-battery,"[8, 4]/l2=0.0",500,False,1.5168,1.0519,0.9841,0.0601,1.1286,1.6776,0.9531,1.396,0.0208,0.0309,random_within,per_battery,92.0,14.0,26,cpu
TD-Proxy-Free,fit,42,B0005,B0005,same-battery,[16]/l2=0.0001,309,True,1.4704,1.1459,0.9777,0.1293,3.7722,3.9959,-9.9768,5.2706,0.0695,0.0736,chronological_within,per_battery,118.0,16.0,34,cpu
TD-Proxy-Free,fit,42,B0006,B0006,same-battery,[16]/l2=0.0001,494,True,1.1316,0.7253,0.995,0.167,6.6776,7.298,-8.1387,11.0747,0.1347,0.1472,chronological_within,per_battery,118.0,16.0,34,cpu
TD-Proxy-Free,fit,42,B0007,B0007,same-battery,[8]/l2=0.0,479,True,1.6332,1.37,0.9571,0.1689,4.2482,4.4012,-13.6531,5.5788,0.08,0.0829,chronological_within,per_battery,118.0,16.0,34,cpu
TD-Proxy-Free,fit,42,B0018,B0018,same-battery,[8]/l2=0.0001,217,True,1.4474,1.4255,0.9574,0.0498,1.1884,1.3912,0.1998,1.5918,0.0219,0.0256,chronological_within,per_battery,92.0,14.0,26,cpu
TD-Proxy-Free,fit,7,B0005,B0005,same-battery,"[8, 4]/l2=0.0001",405,False,0.4093,0.7342,0.9909,0.0451,1.1644,1.3948,-0.3374,1.6326,0.0214,0.0257,chronological_within,per_battery,118.0,16.0,34,cpu
TD-Proxy-Free,fit,7,B0006,B0006,same-battery,[16]/l2=0.0001,249,False,1.8026,1.21,0.9862,0.2075,8.5072,9.0642,-13.0974,14.0701,0.1716,0.1829,chronological_within,per_battery,118.0,16.0,34,cpu
TD-Proxy-Free,fit,7,B0007,B0007,same-battery,[16]/l2=0.0,384,False,0.8767,0.7851,0.9859,0.0836,2.0267,2.1786,-2.5903,2.664,0.0382,0.041,chronological_within,per_battery,118.0,16.0,34,cpu
TD-Proxy-Free,fit,7,B0018,B0018,same-battery,[16]/l2=0.0,191,True,0.9365,1.1311,0.9732,0.0361,0.8121,1.0083,0.5796,1.0794,0.0149,0.0186,chronological_within,per_battery,92.0,14.0,26,cpu
TD-Proxy-Free,fit,123,B0005,B0005,same-battery,[16]/l2=0.0001,478,True,1.2187,0.7092,0.9915,0.1472,4.1543,4.5476,-13.2171,5.8121,0.0765,0.0837,chronological_within,per_battery,118.0,16.0,34,cpu
TD-Proxy-Free,fit,123,B0006,B0006,same-battery,[16]/l2=0.0001,382,True,1.7511,1.192,0.9866,0.1874,7.6978,8.1882,-10.5042,12.7294,0.1553,0.1652,chronological_within,per_battery,118.0,16.0,34,cpu
TD-Proxy-Free,fit,123,B0007,B0007,same-battery,[16]/l2=0.0001,376,True,1.0734,0.7784,0.9861,0.0991,2.4335,2.5829,-4.0465,3.1974,0.0458,0.0486,chronological_within,per_battery,118.0,16.0,34,cpu
TD-Proxy-Free,fit,123,B0018,B0018,same-battery,[16]/l2=0.0001,146,True,1.264,1.2366,0.968,0.0477,1.1163,1.3313,0.2673,1.4942,0.0205,0.0245,chronological_within,per_battery,92.0,14.0,26,cpu
TD-Proxy-Free,fit,2024,B0005,B0005,same-battery,[8]/l2=0.0001,491,True,1.1844,1.0247,0.9822,0.0915,2.6147,2.8273,-4.4953,3.6545,0.0482,0.0521,chronological_within,per_battery,118.0,16.0,34,cpu
TD-Proxy-Free,fit,2024,B0006,B0006,same-battery,[8]/l2=0.0001,149,True,1.3104,2.1189,0.9576,0.1149,4.8727,5.0218,-3.3271,8.0173,0.0983,0.1013,chronological_within,per_battery,118.0,16.0,34,cpu
TD-Proxy-Free,fit,2024,B0007,B0007,same-battery,[8]/l2=0.0001,345,True,0.9297,0.9264,0.9804,0.0864,2.0921,2.2516,-2.835,2.7503,0.0394,0.0424,chronological_within,per_battery,118.0,16.0,34,cpu
TD-Proxy-Free,fit,2024,B0018,B0018,same-battery,[16]/l2=0.0,177,True,1.1386,1.1579,0.9719,0.0343,0.7946,0.958,0.6205,1.0578,0.0146,0.0176,chronological_within,per_battery,92.0,14.0,26,cpu
TD-Proxy-Free,fit,11,B0005,B0005,same-battery,[8]/l2=0.0001,496,True,0.6629,0.9137,0.9858,0.0704,1.8823,2.1754,-2.2533,2.6355,0.0347,0.0401,chronological_within,per_battery,118.0,16.0,34,cpu
TD-Proxy-Free,fit,11,B0006,B0006,same-battery,[16]/l2=0.0001,68,True,1.5898,2.0889,0.9588,0.1353,5.6384,5.9109,-4.9949,9.3064,0.1138,0.1193,chronological_within,per_battery,118.0,16.0,34,cpu
TD-Proxy-Free,fit,11,B0007,B0007,same-battery,[8]/l2=0.0001,475,True,1.6198,0.886,0.982,0.1689,4.2212,4.4005,-13.6487,5.5451,0.0795,0.0828,chronological_within,per_battery,118.0,16.0,34,cpu
TD-Proxy-Free,fit,11,B0018,B0018,same-battery,[16]/l2=0.0001,160,True,0.5926,1.0174,0.9783,0.0264,0.5811,0.7369,0.7755,0.77,0.0107,0.0136,chronological_within,per_battery,92.0,14.0,26,cpu
TD-Proxy-Free,fit,42,pooled,pooled,pooled-all,[16]/l2=0.0001,497,False,1.2993,1.3588,0.984,0.0395,0.9838,1.7258,0.9779,1.106,0.0186,0.0327,random_pooled,pooled,445.0,64.0,127,cpu
TD-Proxy-Free,fit,7,pooled,pooled,pooled-all,"[8, 4]/l2=0.0",499,False,1.3521,1.4516,0.982,0.0363,1.1246,1.5867,0.98,1.3438,0.0213,0.0301,random_pooled,pooled,445.0,64.0,127,cpu
TD-Proxy-Free,fit,123,pooled,pooled,pooled-all,"[8, 4]/l2=0.0001",499,False,1.5938,1.2543,0.9871,0.0273,0.8532,1.1925,0.988,0.9938,0.0162,0.0226,random_pooled,pooled,445.0,64.0,127,cpu
TD-Proxy-Free,fit,2024,pooled,pooled,pooled-all,[8]/l2=0.0,499,False,1.7953,2.1267,0.9634,0.0406,1.3282,1.7749,0.9737,1.6274,0.0252,0.0336,random_pooled,pooled,445.0,64.0,127,cpu
TD-Proxy-Free,fit,11,pooled,pooled,pooled-all,"[8, 4]/l2=0.0001",480,False,1.559,1.4796,0.9827,0.0394,1.1388,1.7198,0.9722,1.2996,0.0216,0.0326,random_pooled,pooled,445.0,64.0,127,cpu
Oracle-proxy,pre_refit,42,B0005,B0006,"['B0007', 'B0018']","[8, 4]/l2=0.0",88,False,10.9963,1.3877,0.9738,0.0944,2.5241,2.9173,0.9199,3.1252,0.0465,0.0537,lobo_nested,per_battery,,,168,cpu
Oracle-proxy,refit_on_3,42,B0005,B0006,"['B0006', 'B0007', 'B0018']","[8, 4]/l2=0.0",88,False,10.9963,5.4943,0.7555,0.1015,2.6784,3.1365,0.9074,3.0159,0.0493,0.0578,lobo_nested,per_battery,,,168,cpu
Oracle-proxy,pre_refit,42,B0006,B0005,"['B0007', 'B0018']",[8]/l2=0.0,272,False,2.7842,1.2241,0.9796,0.252,10.2873,11.0108,0.2185,14.564,0.2075,0.2221,lobo_nested,per_battery,,,168,cpu
Oracle-proxy,refit_on_3,42,B0006,B0005,"['B0005', 'B0007', 'B0018']",[8]/l2=0.0,272,False,2.7842,1.6446,0.9683,0.2377,9.7711,10.3868,0.3046,13.7662,0.1971,0.2096,lobo_nested,per_battery,,,168,cpu
Oracle-proxy,pre_refit,42,B0007,B0005,"['B0006', 'B0018']","[8, 4]/l2=0.0001",44,False,4.4554,5.704,0.7563,0.2275,5.6892,5.9299,0.5161,6.6055,0.1071,0.1116,lobo_nested,per_battery,,,168,cpu
Oracle-proxy,refit_on_3,42,B0007,B0005,"['B0005', 'B0006', 'B0018']","[8, 4]/l2=0.0001",44,False,4.4554,5.0251,0.8057,0.2085,5.2204,5.4328,0.5938,6.1439,0.0983,0.1023,lobo_nested,per_battery,,,168,cpu
Oracle-proxy,pre_refit,42,B0018,B0005,"['B0006', 'B0007']","[8, 4]/l2=0.0001",142,False,3.6175,5.8794,0.7573,0.1751,4.634,4.8916,0.6596,5.6486,0.0853,0.09,lobo_nested,per_battery,,,132,cpu
Oracle-proxy,refit_on_3,42,B0018,B0005,"['B0005', 'B0006', 'B0007']","[8, 4]/l2=0.0001",142,False,3.6175,5.1297,0.802,0.1522,3.8626,4.2504,0.743,4.7455,0.0711,0.0782,lobo_nested,per_battery,,,132,cpu
Oracle-proxy,pre_refit,7,B0005,B0006,"['B0007', 'B0018']","[8, 4]/l2=0.0",260,False,10.9737,0.9695,0.9872,0.0827,1.9902,2.5563,0.9385,2.568,0.0367,0.0471,lobo_nested,per_battery,,,168,cpu
Oracle-proxy,refit_on_3,7,B0005,B0006,"['B0006', 'B0007', 'B0018']","[8, 4]/l2=0.0",260,False,10.9737,5.3642,0.767,0.0886,2.3043,2.7377,0.9295,2.6436,0.0424,0.0504,lobo_nested,per_battery,,,168,cpu
Oracle-proxy,pre_refit,7,B0006,B0005,"['B0007', 'B0018']","[8, 4]/l2=0.0001",294,False,2.5097,0.9523,0.9876,0.2524,10.2017,11.0288,0.2159,14.4826,0.2058,0.2225,lobo_nested,per_battery,,,168,cpu
Oracle-proxy,refit_on_3,7,B0006,B0005,"['B0005', 'B0007', 'B0018']","[8, 4]/l2=0.0001",294,False,2.5097,1.431,0.976,0.2368,9.6612,10.3485,0.3097,13.6284,0.1949,0.2088,lobo_nested,per_battery,,,168,cpu
Oracle-proxy,pre_refit,7,B0007,B0005,"['B0006', 'B0018']","[8, 4]/l2=0.0",67,False,4.2731,6.1328,0.7182,0.2015,4.8031,5.2517,0.6204,5.5107,0.0904,0.0989,lobo_nested,per_battery,,,168,cpu
Oracle-proxy,refit_on_3,7,B0007,B0005,"['B0005', 'B0006', 'B0018']","[8, 4]/l2=0.0",67,False,4.2731,5.1466,0.7962,0.1762,4.1964,4.591,0.7099,4.9236,0.079,0.0864,lobo_nested,per_battery,,,168,cpu
Oracle-proxy,pre_refit,7,B0018,B0005,"['B0006', 'B0007']","[8, 4]/l2=0.0001",154,False,3.2789,5.8865,0.7567,0.1518,3.9675,4.2385,0.7445,4.8215,0.073,0.078,lobo_nested,per_battery,,,132,cpu
Oracle-proxy,refit_on_3,7,B0018,B0005,"['B0005', 'B0006', 'B0007']","[8, 4]/l2=0.0001",154,False,3.2789,5.0554,0.8077,0.1318,3.1982,3.681,0.8073,3.9678,0.0589,0.0677,lobo_nested,per_battery,,,132,cpu
Oracle-proxy,pre_refit,123,B0005,B0006,"['B0007', 'B0018']",[16]/l2=0.0,170,True,11.002,0.944,0.9879,0.0816,2.0942,2.5228,0.9401,2.6706,0.0386,0.0465,lobo_nested,per_battery,,,168,cpu
Oracle-proxy,refit_on_3,123,B0005,B0006,"['B0006', 'B0007', 'B0018']",[16]/l2=0.0,170,True,11.002,5.4467,0.7598,0.0769,1.9769,2.3752,0.9469,2.2425,0.0364,0.0437,lobo_nested,per_battery,,,168,cpu
Oracle-proxy,pre_refit,123,B0006,B0005,"['B0007', 'B0018']",[16]/l2=0.0,170,False,2.5228,0.944,0.9879,0.2518,10.2029,11.002,0.2197,14.4748,0.2058,0.222,lobo_nested,per_battery,,,168,cpu
Oracle-proxy,refit_on_3,123,B0006,B0005,"['B0005', 'B0007', 'B0018']",[16]/l2=0.0,170,False,2.5228,1.4858,0.9741,0.2367,9.6664,10.3443,0.3102,13.643,0.195,0.2087,lobo_nested,per_battery,,,168,cpu
Oracle-proxy,pre_refit,123,B0007,B0005,"['B0006', 'B0018']",[16]/l2=0.0,86,False,4.2446,5.5654,0.768,0.2411,5.9843,6.2834,0.4567,7.0961,0.1127,0.1183,lobo_nested,per_battery,,,168,cpu
Oracle-proxy,refit_on_3,123,B0007,B0005,"['B0005', 'B0006', 'B0018']",[16]/l2=0.0,86,False,4.2446,4.9486,0.8116,0.1897,4.585,4.9428,0.6638,5.4856,0.0863,0.093,lobo_nested,per_battery,,,168,cpu
Oracle-proxy,pre_refit,123,B0018,B0005,"['B0006', 'B0007']",[16]/l2=0.0,119,False,3.4612,5.7906,0.7646,0.1858,4.7711,5.1901,0.6168,5.8871,0.0878,0.0955,lobo_nested,per_battery,,,132,cpu
Oracle-proxy,refit_on_3,123,B0018,B0005,"['B0005', 'B0006', 'B0007']",[16]/l2=0.0,119,False,3.4612,5.027,0.8099,0.1545,3.6747,4.3151,0.7351,4.6027,0.0676,0.0794,lobo_nested,per_battery,,,132,cpu
Oracle-proxy,pre_refit,2024,B0005,B0006,"['B0007', 'B0018']","[8, 4]/l2=0.0",91,False,11.008,0.9096,0.9887,0.0797,2.0076,2.4621,0.943,2.5748,0.037,0.0453,lobo_nested,per_battery,,,168,cpu
Oracle-proxy,refit_on_3,2024,B0005,B0006,"['B0006', 'B0007', 'B0018']","[8, 4]/l2=0.0",91,False,11.008,5.4184,0.7622,0.0831,2.1995,2.569,0.9379,2.5214,0.0405,0.0473,lobo_nested,per_battery,,,168,cpu
Oracle-proxy,pre_refit,2024,B0006,B0005,"['B0007', 'B0018']","[8, 4]/l2=0.0",91,False,2.4621,0.9096,0.9887,0.2519,10.1909,11.008,0.2189,14.4578,0.2056,0.2221,lobo_nested,per_battery,,,168,cpu
Oracle-proxy,refit_on_3,2024,B0006,B0005,"['B0005', 'B0007', 'B0018']","[8, 4]/l2=0.0",91,False,2.4621,1.4349,0.9759,0.2369,9.664,10.3487,0.3096,13.6307,0.195,0.2088,lobo_nested,per_battery,,,168,cpu
Oracle-proxy,pre_refit,2024,B0007,B0005,"['B0006', 'B0018']",[16]/l2=0.0,75,False,4.3524,5.5197,0.7718,0.2435,6.0598,6.3457,0.4458,7.1703,0.1141,0.1195,lobo_nested,per_battery,,,168,cpu
Oracle-proxy,refit_on_3,2024,B0007,B0005,"['B0005', 'B0006', 'B0018']",[16]/l2=0.0,75,False,4.3524,4.9459,0.8118,0.1973,4.8572,5.1427,0.636,5.7781,0.0914,0.0968,lobo_nested,per_battery,,,168,cpu
Oracle-proxy,pre_refit,2024,B0018,B0005,"['B0006', 'B0007']","[8, 4]/l2=0.0",60,False,3.4377,5.8118,0.7628,0.176,4.579,4.9166,0.6562,5.627,0.0843,0.0905,lobo_nested,per_battery,,,132,cpu
Oracle-proxy,refit_on_3,2024,B0018,B0005,"['B0005', 'B0006', 'B0007']","[8, 4]/l2=0.0",60,False,3.4377,5.0314,0.8095,0.1505,3.6152,4.2046,0.7485,4.5237,0.0665,0.0774,lobo_nested,per_battery,,,132,cpu
Oracle-proxy,pre_refit,11,B0005,B0006,"['B0007', 'B0018']","[8, 4]/l2=0.0001",319,False,10.9778,0.9981,0.9864,0.0815,2.1109,2.5195,0.9403,2.6814,0.0389,0.0464,lobo_nested,per_battery,,,168,cpu
Oracle-proxy,refit_on_3,11,B0005,B0006,"['B0006', 'B0007', 'B0018']","[8, 4]/l2=0.0001",319,False,10.9778,5.3753,0.766,0.0867,2.2812,2.6776,0.9325,2.6054,0.042,0.0493,lobo_nested,per_battery,,,168,cpu
Oracle-proxy,pre_refit,11,B0006,B0005,"['B0007', 'B0018']","[8, 4]/l2=0.0001",319,False,2.5195,0.9981,0.9864,0.2512,10.2037,10.9778,0.2232,14.4651,0.2059,0.2215,lobo_nested,per_battery,,,168,cpu
Oracle-proxy,refit_on_3,11,B0006,B0005,"['B0005', 'B0007', 'B0018']","[8, 4]/l2=0.0001",319,False,2.5195,1.4635,0.9749,0.2368,9.6851,10.347,0.3099,13.6555,0.1954,0.2088,lobo_nested,per_battery,,,168,cpu
Oracle-proxy,pre_refit,11,B0007,B0005,"['B0006', 'B0018']","[8, 4]/l2=0.0",59,False,4.1844,6.1591,0.7158,0.1962,4.6348,5.1131,0.6402,5.3184,0.0873,0.0963,lobo_nested,per_battery,,,168,cpu
Oracle-proxy,refit_on_3,11,B0007,B0005,"['B0005', 'B0006', 'B0018']","[8, 4]/l2=0.0",59,False,4.1844,5.2811,0.7854,0.1693,4.0015,4.4119,0.7321,4.6664,0.0753,0.0831,lobo_nested,per_battery,,,168,cpu
Oracle-proxy,pre_refit,11,B0018,B0005,"['B0006', 'B0007']","[8, 4]/l2=0.0001",97,False,3.3599,6.107,0.7381,0.1291,3.2921,3.6069,0.8149,3.918,0.0606,0.0664,lobo_nested,per_battery,,,132,cpu
Oracle-proxy,refit_on_3,11,B0018,B0005,"['B0005', 'B0006', 'B0007']","[8, 4]/l2=0.0001",97,False,3.3599,5.1803,0.7981,0.1182,2.8968,3.3022,0.8449,3.5196,0.0533,0.0608,lobo_nested,per_battery,,,132,cpu
Oracle-proxy,fit,42,B0005,B0005,same-battery,"[8, 4]/l2=0.0",500,False,1.186,1.1424,0.987,0.0431,0.9846,1.3322,0.9855,1.0589,0.0181,0.0245,random_within,per_battery,118.0,16.0,34,cpu
Oracle-proxy,fit,42,B0006,B0006,same-battery,"[8, 4]/l2=0.0001",493,False,1.4634,1.3191,0.9883,0.0291,1.06,1.2715,0.9906,1.2968,0.0214,0.0257,random_within,per_battery,118.0,16.0,34,cpu
Oracle-proxy,fit,42,B0007,B0007,same-battery,"[8, 4]/l2=0.0",500,False,1.1125,0.9611,0.9866,0.0414,0.7778,1.0784,0.986,0.8149,0.0146,0.0203,random_within,per_battery,118.0,16.0,34,cpu
Oracle-proxy,fit,42,B0018,B0018,same-battery,"[8, 4]/l2=0.0",500,False,0.5549,0.6358,0.9943,0.0253,0.4946,0.7075,0.9922,0.5607,0.0091,0.013,random_within,per_battery,92.0,14.0,26,cpu
Oracle-proxy,fit,7,B0005,B0005,same-battery,[8]/l2=0.0001,500,False,0.5965,0.541,0.9972,0.0206,0.4149,0.6365,0.9957,0.4669,0.0076,0.0117,random_within,per_battery,118.0,16.0,34,cpu
Oracle-proxy,fit,7,B0006,B0006,same-battery,[16]/l2=0.0,382,False,1.2038,1.2214,0.9904,0.0263,0.9183,1.1502,0.9889,1.2592,0.0185,0.0232,random_within,per_battery,118.0,16.0,34,cpu
Oracle-proxy,fit,7,B0007,B0007,same-battery,[8]/l2=0.0001,500,False,0.4544,0.496,0.9966,0.0192,0.396,0.5009,0.996,0.4437,0.0075,0.0094,random_within,per_battery,118.0,16.0,34,cpu
Oracle-proxy,fit,7,B0018,B0018,same-battery,"[8, 4]/l2=0.0",497,False,0.5992,0.9074,0.9882,0.0337,0.6441,0.9402,0.9868,0.7856,0.0119,0.0173,random_within,per_battery,92.0,14.0,26,cpu
Oracle-proxy,fit,123,B0005,B0005,same-battery,[16]/l2=0.0,282,False,0.5246,0.5879,0.9968,0.0187,0.3985,0.5777,0.9966,0.4451,0.0073,0.0106,random_within,per_battery,118.0,16.0,34,cpu
Oracle-proxy,fit,123,B0006,B0006,same-battery,"[8, 4]/l2=0.0",343,False,1.0085,1.2151,0.9907,0.0309,1.1079,1.35,0.987,1.5033,0.0224,0.0272,random_within,per_battery,118.0,16.0,34,cpu
Oracle-proxy,fit,123,B0007,B0007,same-battery,[16]/l2=0.0,217,False,0.4394,0.5241,0.9963,0.0237,0.4918,0.6177,0.9943,0.5398,0.0093,0.0116,random_within,per_battery,118.0,16.0,34,cpu
Oracle-proxy,fit,123,B0018,B0018,same-battery,[16]/l2=0.0001,174,True,0.7648,1.1287,0.9816,0.0423,0.9286,1.1817,0.9818,1.0384,0.0171,0.0217,random_within,per_battery,92.0,14.0,26,cpu
Oracle-proxy,fit,2024,B0005,B0005,same-battery,[16]/l2=0.0,498,True,1.2185,0.9174,0.9922,0.0197,0.4333,0.6076,0.9958,0.4846,0.008,0.0112,random_within,per_battery,118.0,16.0,34,cpu
Oracle-proxy,fit,2024,B0006,B0006,same-battery,[16]/l2=0.0,424,True,1.4592,1.1902,0.9909,0.0269,0.951,1.1756,0.9882,1.3237,0.0192,0.0237,random_within,per_battery,118.0,16.0,34,cpu
Oracle-proxy,fit,2024,B0007,B0007,same-battery,[16]/l2=0.0,498,True,0.9564,0.7354,0.9926,0.0213,0.4392,0.5548,0.9948,0.4884,0.0083,0.0104,random_within,per_battery,118.0,16.0,34,cpu
Oracle-proxy,fit,2024,B0018,B0018,same-battery,"[8, 4]/l2=0.0",193,False,1.1436,1.0777,0.9833,0.0275,0.595,0.7689,0.992,0.6817,0.0109,0.0141,random_within,per_battery,92.0,14.0,26,cpu
Oracle-proxy,fit,11,B0005,B0005,same-battery,[16]/l2=0.0001,487,False,0.3857,0.7066,0.9955,0.0234,0.4506,0.7242,0.9944,0.5048,0.0083,0.0133,random_within,per_battery,118.0,16.0,34,cpu
Oracle-proxy,fit,11,B0006,B0006,same-battery,"[8, 4]/l2=0.0001",498,False,0.9158,1.3702,0.9885,0.0214,0.7384,0.9337,0.9934,1.0074,0.0149,0.0188,random_within,per_battery,118.0,16.0,34,cpu
Oracle-proxy,fit,11,B0007,B0007,same-battery,[16]/l2=0.0001,498,False,0.4655,0.6015,0.9952,0.025,0.4765,0.6503,0.9932,0.5259,0.009,0.0122,random_within,per_battery,118.0,16.0,34,cpu
Oracle-proxy,fit,11,B0018,B0018,same-battery,[16]/l2=0.0001,500,False,0.8408,0.7231,0.9925,0.0137,0.3,0.3821,0.9976,0.3531,0.0055,0.007,random_within,per_battery,92.0,14.0,26,cpu
Oracle-proxy,fit,42,B0005,B0005,same-battery,[8]/l2=0.0,500,False,1.1956,1.3953,0.967,0.0837,2.5382,2.5872,-3.6015,3.54,0.0467,0.0476,chronological_within,per_battery,118.0,16.0,34,cpu
Oracle-proxy,fit,42,B0006,B0006,same-battery,[8]/l2=0.0,500,False,0.6408,1.2013,0.9864,0.09,3.5362,3.9339,-1.6554,5.8769,0.0713,0.0794,chronological_within,per_battery,118.0,16.0,34,cpu
Oracle-proxy,fit,42,B0007,B0007,same-battery,[8]/l2=0.0,500,False,0.3923,1.1072,0.9719,0.071,1.757,1.8505,-1.5905,2.3094,0.0331,0.0348,chronological_within,per_battery,118.0,16.0,34,cpu
Oracle-proxy,fit,42,B0018,B0018,same-battery,[8]/l2=0.0,232,False,1.0655,0.8974,0.9831,0.0397,0.9642,1.11,0.4906,1.2921,0.0177,0.0204,chronological_within,per_battery,92.0,14.0,26,cpu
Oracle-proxy,fit,7,B0005,B0005,same-battery,[16]/l2=0.0,500,True,0.1967,0.7125,0.9914,0.0109,0.3006,0.3367,0.9221,0.418,0.0055,0.0062,chronological_within,per_battery,118.0,16.0,34,cpu
Oracle-proxy,fit,7,B0006,B0006,same-battery,[8]/l2=0.0,304,True,0.3447,1.5816,0.9764,0.05,1.842,2.1857,0.1803,3.078,0.0372,0.0441,chronological_within,per_battery,118.0,16.0,34,cpu
Oracle-proxy,fit,7,B0007,B0007,same-battery,[8]/l2=0.0001,428,True,0.1938,0.6399,0.9906,0.0188,0.446,0.491,0.8176,0.586,0.0084,0.0092,chronological_within,per_battery,118.0,16.0,34,cpu
Oracle-proxy,fit,7,B0018,B0018,same-battery,[8]/l2=0.0,351,True,0.3097,1.2584,0.9668,0.0133,0.2895,0.3701,0.9434,0.3827,0.0053,0.0068,chronological_within,per_battery,92.0,14.0,26,cpu
Oracle-proxy,fit,123,B0005,B0005,same-battery,[16]/l2=0.0001,313,True,0.1963,0.568,0.9945,0.0103,0.2722,0.3195,0.9298,0.3778,0.005,0.0059,chronological_within,per_battery,118.0,16.0,34,cpu
Oracle-proxy,fit,123,B0006,B0006,same-battery,[16]/l2=0.0,127,True,0.3419,1.5852,0.9763,0.0498,1.8282,2.1755,0.1879,3.0556,0.0369,0.0439,chronological_within,per_battery,118.0,16.0,34,cpu
Oracle-proxy,fit,123,B0007,B0007,same-battery,[16]/l2=0.0001,198,True,0.1939,0.6453,0.9905,0.0242,0.5728,0.6297,0.7001,0.7535,0.0108,0.0119,chronological_within,per_battery,118.0,16.0,34,cpu
Oracle-proxy,fit,123,B0018,B0018,same-battery,[16]/l2=0.0001,161,True,0.3134,1.2735,0.966,0.013,0.2759,0.3642,0.9452,0.3637,0.0051,0.0067,chronological_within,per_battery,92.0,14.0,26,cpu
Oracle-proxy,fit,2024,B0005,B0005,same-battery,[16]/l2=0.0,453,False,0.1964,0.8388,0.9881,0.0131,0.3687,0.405,0.8872,0.5134,0.0068,0.0075,chronological_within,per_battery,118.0,16.0,34,cpu
Oracle-proxy,fit,2024,B0006,B0006,same-battery,[16]/l2=0.0,142,False,0.4706,1.328,0.9834,0.0673,2.5558,2.9425,-0.4857,4.2608,0.0516,0.0594,chronological_within,per_battery,118.0,16.0,34,cpu
Oracle-proxy,fit,2024,B0007,B0007,same-battery,[16]/l2=0.0001,298,False,0.2907,0.8505,0.9834,0.0404,0.9848,1.0541,0.1594,1.2951,0.0185,0.0198,chronological_within,per_battery,118.0,16.0,34,cpu
Oracle-proxy,fit,2024,B0018,B0018,same-battery,[16]/l2=0.0,190,False,0.521,1.0276,0.9779,0.0179,0.3966,0.5006,0.8964,0.5235,0.0073,0.0092,chronological_within,per_battery,92.0,14.0,26,cpu
Oracle-proxy,fit,11,B0005,B0005,same-battery,[16]/l2=0.0,417,True,0.1968,0.7632,0.9901,0.0111,0.2731,0.3415,0.9199,0.3803,0.005,0.0063,chronological_within,per_battery,118.0,16.0,34,cpu
Oracle-proxy,fit,11,B0006,B0006,same-battery,[16]/l2=0.0,148,True,0.3449,1.5345,0.9778,0.0501,1.8437,2.1874,0.179,3.0808,0.0372,0.0441,chronological_within,per_battery,118.0,16.0,34,cpu
Oracle-proxy,fit,11,B0007,B0007,same-battery,[16]/l2=0.0,232,True,0.1946,0.819,0.9847,0.0192,0.4546,0.4993,0.8114,0.5972,0.0086,0.0094,chronological_within,per_battery,118.0,16.0,34,cpu
Oracle-proxy,fit,11,B0018,B0018,same-battery,[16]/l2=0.0001,180,True,0.3229,1.2151,0.9691,0.0132,0.284,0.3673,0.9442,0.3748,0.0052,0.0068,chronological_within,per_battery,92.0,14.0,26,cpu
Oracle-proxy,fit,42,pooled,pooled,pooled-all,"[8, 4]/l2=0.0001",499,False,5.1737,4.7835,0.8013,0.1094,3.9373,4.7801,0.8308,5.1177,0.0746,0.0906,random_pooled,pooled,445.0,64.0,127,cpu
Oracle-proxy,fit,7,pooled,pooled,pooled-all,"[8, 4]/l2=0.0",211,False,5.0443,4.7389,0.8081,0.1097,3.6547,4.794,0.8178,4.7937,0.0693,0.0909,random_pooled,pooled,445.0,64.0,127,cpu
Oracle-proxy,fit,123,pooled,pooled,pooled-all,[16]/l2=0.0,43,False,4.4344,4.8582,0.8067,0.1134,3.9079,4.9547,0.7933,5.1424,0.0741,0.0939,random_pooled,pooled,445.0,64.0,127,cpu
Oracle-proxy,fit,2024,pooled,pooled,pooled-all,"[8, 4]/l2=0.0",86,False,4.4182,4.8745,0.8077,0.1061,3.5532,4.6377,0.8201,4.6395,0.0673,0.0879,random_pooled,pooled,445.0,64.0,127,cpu
Oracle-proxy,fit,11,pooled,pooled,pooled-all,[16]/l2=0.0,50,False,5.3175,4.854,0.8137,0.1024,3.6107,4.4751,0.8119,4.6002,0.0684,0.0848,random_pooled,pooled,445.0,64.0,127,cpu
