,,test_MAE,test_MAE,test_MAE,test_RMSE,test_RMSE,test_RMSE,test_R2,test_R2,test_R2,test_MAPE,test_MAPE,test_MAPE,test_RMSE_Ah,test_RMSE_Ah,test_RMSE_Ah
,,mean,median,std,mean,median,std,mean,median,std,mean,median,std,mean,median,std
split,setting,,,,,,,,,,,,,,,
chronological_within,Oracle-proxy,1.089,0.514,0.984,1.233,0.565,1.089,0.179,0.756,1.189,1.653,0.675,1.626,0.024,0.011,0.022
chronological_within,TD-All,1.742,1.132,1.3,1.942,1.33,1.384,-1.028,0.196,2.434,2.585,1.504,2.149,0.038,0.025,0.028
chronological_within,TD-Proxy-Free,3.325,2.524,2.389,3.583,2.705,2.498,-5.234,-3.687,5.337,4.997,3.426,4.06,0.069,0.05,0.051
lobo_nested,Oracle-proxy,5.256,4.582,2.966,5.733,4.904,3.089,0.634,0.662,0.255,6.834,5.402,4.434,0.111,0.09,0.065
lobo_nested,TD-All,2.59,2.383,1.685,2.996,2.85,1.848,0.891,0.936,0.111,3.284,2.718,2.428,0.058,0.052,0.038
lobo_nested,TD-Proxy-Free,4.074,3.632,2.611,5.168,4.38,3.418,0.68,0.747,0.354,5.349,4.467,4.009,0.099,0.083,0.069
random_pooled,Oracle-proxy,3.733,3.655,0.177,4.728,4.78,0.181,0.815,0.818,0.014,4.859,4.794,0.258,0.09,0.091,0.003
random_pooled,TD-All,0.744,0.691,0.121,1.146,1.128,0.119,0.989,0.991,0.003,0.866,0.785,0.156,0.022,0.021,0.002
random_pooled,TD-Proxy-Free,1.086,1.125,0.179,1.6,1.72,0.238,0.978,0.978,0.006,1.274,1.3,0.243,0.03,0.033,0.005
random_within,Oracle-proxy,0.65,0.545,0.259,0.857,0.747,0.306,0.992,0.993,0.004,0.779,0.621,0.359,0.016,0.014,0.006
random_within,TD-All,0.625,0.482,0.318,1.075,0.626,0.806,0.979,0.995,0.035,0.749,0.586,0.409,0.021,0.012,0.016
random_within,TD-Proxy-Free,0.801,0.715,0.29,1.257,1.118,0.691,0.978,0.989,0.023,0.945,0.828,0.366,0.024,0.022,0.014
