setting,stage,seed,test_battery,cycle,y_true,y_pred
TD-All,pre_refit,42,B0005,2,100.80760884947765,100.776306
TD-All,pre_refit,42,B0005,4,100.25590968770103,101.09045
TD-All,pre_refit,42,B0005,6,99.65979925247206,101.281746
TD-All,pre_refit,42,B0005,8,99.65509323788856,100.8642
TD-All,pre_refit,42,B0005,10,99.6215889724607,100.57306
TD-All,pre_refit,42,B0005,12,99.67676620535396,100.68644
TD-All,pre_refit,42,B0005,14,99.64877352944652,100.59172
TD-All,pre_refit,42,B0005,16,99.13892996732449,100.82943
TD-All,pre_refit,42,B0005,18,99.08555627584838,100.28814
TD-All,pre_refit,42,B0005,20,99.0768365083485,100.07056
TD-All,pre_refit,42,B0005,22,99.07717774099622,99.517784
TD-All,pre_refit,42,B0005,25,98.5114992237362,99.94963
TD-All,pre_refit,42,B0005,27,98.4870761948254,99.460815
TD-All,pre_refit,42,B0005,29,98.47015265835132,98.79899
TD-All,pre_refit,42,B0005,31,97.88140357167902,99.57961
TD-All,pre_refit,42,B0005,33,97.85473656745688,99.03323
TD-All,pre_refit,42,B0005,35,97.88039886599036,98.63604
TD-All,pre_refit,42,B0005,37,97.9069415267384,98.166954
TD-All,pre_refit,42,B0005,39,97.89115702988882,97.94602
TD-All,pre_refit,42,B0005,42,100.29385168145046,100.88186
TD-All,pre_refit,42,B0005,46,100.31510023136114,100.40201
TD-All,pre_refit,42,B0005,50,99.70477213786135,100.35119
TD-All,pre_refit,42,B0005,54,99.1402308374376,100.236305
TD-All,pre_refit,42,B0005,58,99.10400696359169,99.72555
TD-All,pre_refit,42,B0005,62,99.12941188644592,98.89533
TD-All,pre_refit,42,B0005,66,98.50222430381568,99.45413
TD-All,pre_refit,42,B0005,70,98.5423014565286,98.41203
TD-All,pre_refit,42,B0005,74,98.49887187571204,98.15528
TD-All,pre_refit,42,B0005,78,97.89050762402466,98.98145
TD-All,pre_refit,42,B0005,82,97.96171552529285,98.02877
TD-All,pre_refit,42,B0005,86,100.55321959197046,101.403694
TD-All,pre_refit,42,B0005,90,99.4075559707276,98.759964
TD-All,pre_refit,42,B0005,94,98.82112827769676,98.406624
TD-All,pre_refit,42,B0005,98,98.2457556393358,97.894066
TD-All,pre_refit,42,B0005,102,97.99065016377766,97.68114
TD-All,pre_refit,42,B0005,106,97.7065060215613,97.759476
TD-All,pre_refit,42,B0005,110,97.11279694879056,97.609024
TD-All,pre_refit,42,B0005,114,96.81304988059888,97.31125
TD-All,pre_refit,42,B0005,118,96.27605729788222,96.91783
TD-All,pre_refit,42,B0005,122,96.2762766313732,96.45298
TD-All,pre_refit,42,B0005,126,95.99578118843372,96.71157
TD-All,pre_refit,42,B0005,130,95.69403287907456,96.48928
TD-All,pre_refit,42,B0005,134,95.98194451474556,96.80706
TD-All,pre_refit,42,B0005,136,95.71321655496544,96.13288
TD-All,pre_refit,42,B0005,140,95.11928805425076,95.70956
TD-All,pre_refit,42,B0005,144,94.58275432725988,95.766495
TD-All,pre_refit,42,B0005,148,94.27008009570102,94.947655
TD-All,pre_refit,42,B0005,150,97.39411432859931,97.471245
TD-All,pre_refit,42,B0005,154,96.82749231246368,96.64146
TD-All,pre_refit,42,B0005,158,95.96820195991576,95.92528
TD-All,pre_refit,42,B0005,162,95.40638930769452,95.81462
TD-All,pre_refit,42,B0005,166,94.8553962680492,95.232086
TD-All,pre_refit,42,B0005,170,94.5755674779542,95.13294
TD-All,pre_refit,42,B0005,174,94.28806184403476,94.82434
TD-All,pre_refit,42,B0005,178,93.73958753620327,94.400345
TD-All,pre_refit,42,B0005,182,93.16861105469168,94.133835
TD-All,pre_refit,42,B0005,186,92.88227598613614,93.74001
TD-All,pre_refit,42,B0005,190,92.636901518198,93.77872
TD-All,pre_refit,42,B0005,194,92.32720191735562,93.44221
TD-All,pre_refit,42,B0005,198,92.01599848919145,92.9723
TD-All,pre_refit,42,B0005,202,91.49053823956656,93.398346
TD-All,pre_refit,42,B0005,206,90.92425521866993,93.326706
TD-All,pre_refit,42,B0005,210,90.92941856192826,92.3768
TD-All,pre_refit,42,B0005,214,90.34010561326173,92.10554
TD-All,pre_refit,42,B0005,216,90.0847586044663,92.49998
TD-All,pre_refit,42,B0005,220,89.80457989439137,91.880005
TD-All,pre_refit,42,B0005,224,89.19640288815545,91.67163
TD-All,pre_refit,42,B0005,228,88.93598251136243,91.21983
TD-All,pre_refit,42,B0005,232,88.65781340235759,91.2553
TD-All,pre_refit,42,B0005,236,88.38728178562198,91.14887
TD-All,pre_refit,42,B0005,240,88.08171260170519,89.94183
TD-All,pre_refit,42,B0005,244,87.49528010741024,90.49539
TD-All,pre_refit,42,B0005,248,87.2366743602368,89.91234
TD-All,pre_refit,42,B0005,252,86.96251727221627,89.259346
TD-All,pre_refit,42,B0005,256,86.35734215456989,89.47529
TD-All,pre_refit,42,B0005,260,86.10863457357058,89.34982
TD-All,pre_refit,42,B0005,264,86.06270063126725,88.575516
TD-All,pre_refit,42,B0005,266,86.63737677555004,89.2839
TD-All,pre_refit,42,B0005,270,85.50813849993258,88.32402
TD-All,pre_refit,42,B0005,274,84.97446653296429,87.975006
TD-All,pre_refit,42,B0005,278,84.69557819389517,88.434166
TD-All,pre_refit,42,B0005,282,84.68013627936132,87.781494
TD-All,pre_refit,42,B0005,286,84.41991821853574,87.58551
TD-All,pre_refit,42,B0005,290,84.10414931140878,87.26418
TD-All,pre_refit,42,B0005,294,83.52653061113354,87.315
TD-All,pre_refit,42,B0005,298,82.96602561057489,86.588905
TD-All,pre_refit,42,B0005,302,82.99920327964658,86.40291
TD-All,pre_refit,42,B0005,306,82.68003018050378,87.03613
TD-All,pre_refit,42,B0005,310,82.39976893302816,86.653755
TD-All,pre_refit,42,B0005,313,87.19626195760692,89.82506
TD-All,pre_refit,42,B0005,316,84.91729656129593,87.70586
TD-All,pre_refit,42,B0005,320,84.06165489885902,87.31261
TD-All,pre_refit,42,B0005,324,83.2082752902044,87.49445
TD-All,pre_refit,42,B0005,328,82.91381970838151,86.2852
TD-All,pre_refit,42,B0005,332,82.37106085271179,86.50582
TD-All,pre_refit,42,B0005,336,82.09631790141844,86.0406
TD-All,pre_refit,42,B0005,340,81.80669701206385,85.92599
TD-All,pre_refit,42,B0005,344,81.53418918115372,85.77671
TD-All,pre_refit,42,B0005,348,80.95312575426658,85.84695
TD-All,pre_refit,42,B0005,352,80.6829269258604,85.84291
TD-All,pre_refit,42,B0005,356,80.38673535372676,85.41851
TD-All,pre_refit,42,B0005,360,80.10415225005684,85.42511
TD-All,pre_refit,42,B0005,364,80.68483906716317,84.56428
TD-All,pre_refit,42,B0005,367,81.23806188586506,86.28317
TD-All,pre_refit,42,B0005,371,80.40774500270479,84.82351
TD-All,pre_refit,42,B0005,375,79.80793062432481,85.321846
TD-All,pre_refit,42,B0005,379,78.94710440938543,83.8884
TD-All,pre_refit,42,B0005,383,78.96040682717852,84.47712
TD-All,pre_refit,42,B0005,387,79.00805769223405,84.36747
TD-All,pre_refit,42,B0005,391,78.68325635434054,83.852806
TD-All,pre_refit,42,B0005,395,78.12009683923326,83.94927
TD-All,pre_refit,42,B0005,399,77.83635095586517,83.63689
TD-All,pre_refit,42,B0005,403,77.83366081216815,83.85277
TD-All,pre_refit,42,B0005,407,77.54418562704669,83.72012
TD-All,pre_refit,42,B0005,411,77.26483532824366,83.268394
TD-All,pre_refit,42,B0005,415,76.96665751739931,82.719955
TD-All,pre_refit,42,B0005,419,76.69408123915822,82.345764
TD-All,pre_refit,42,B0005,423,76.7032886034996,82.385
TD-All,pre_refit,42,B0005,427,76.43285089151239,83.38588
TD-All,pre_refit,42,B0005,431,77.83345221466253,83.05053
TD-All,pre_refit,42,B0005,433,78.09751233548145,83.69179
TD-All,pre_refit,42,B0005,437,76.96262218385922,83.04314
TD-All,pre_refit,42,B0005,441,76.3993634537507,82.839676
TD-All,pre_refit,42,B0005,445,76.08562321685423,82.19231
TD-All,pre_refit,42,B0005,449,75.84111192639295,82.179276
TD-All,pre_refit,42,B0005,453,75.5470202599512,81.53637
TD-All,pre_refit,42,B0005,457,75.2724773855306,81.44106
TD-All,pre_refit,42,B0005,461,74.95796574493023,81.435165
TD-All,pre_refit,42,B0005,465,74.67559060559861,81.897095
TD-All,pre_refit,42,B0005,469,74.4190975749656,80.950096
TD-All,pre_refit,42,B0005,473,74.41886702385212,80.523796
TD-All,pre_refit,42,B0005,477,74.10538957595438,80.66425
TD-All,pre_refit,42,B0005,481,74.68403981580354,81.64555
TD-All,pre_refit,42,B0005,483,75.26611054535188,82.0019
TD-All,pre_refit,42,B0005,485,74.38310747232698,81.68074
TD-All,pre_refit,42,B0005,489,74.10795710900801,80.64221
TD-All,pre_refit,42,B0005,493,73.53993654981534,81.01851
TD-All,pre_refit,42,B0005,497,73.55729388669064,81.25334
TD-All,pre_refit,42,B0005,501,73.56067241598603,80.66712
TD-All,pre_refit,42,B0005,505,73.26805286034079,80.4304
TD-All,pre_refit,42,B0005,509,72.98972077509227,80.052986
TD-All,pre_refit,42,B0005,513,72.70747847813722,79.82357
TD-All,pre_refit,42,B0005,517,72.70330518052887,80.09341
TD-All,pre_refit,42,B0005,521,72.43680818215978,80.096016
TD-All,pre_refit,42,B0005,525,72.14563728793834,80.27148
TD-All,pre_refit,42,B0005,529,71.84842350914826,79.69109
TD-All,pre_refit,42,B0005,533,71.57682808520298,80.048134
TD-All,pre_refit,42,B0005,537,71.59297070565168,80.10697
TD-All,pre_refit,42,B0005,541,71.58355486033668,79.698074
TD-All,pre_refit,42,B0005,545,71.88651633814797,79.05994
TD-All,pre_refit,42,B0005,548,73.85485752850198,79.87788
TD-All,pre_refit,42,B0005,552,72.73676298693475,79.87584
TD-All,pre_refit,42,B0005,556,72.16650080848474,80.02732
TD-All,pre_refit,42,B0005,560,71.87574889700983,80.44457
TD-All,pre_refit,42,B0005,564,71.60206343923741,79.76179
TD-All,pre_refit,42,B0005,568,71.32194157026348,79.937004
TD-All,pre_refit,42,B0005,572,71.30711389020412,79.36511
TD-All,pre_refit,42,B0005,576,71.01356336148518,79.33254
TD-All,pre_refit,42,B0005,580,70.75492745457169,79.19536
TD-All,pre_refit,42,B0005,584,70.77254445771489,79.199486
TD-All,pre_refit,42,B0005,588,70.77540542374062,78.44734
TD-All,pre_refit,42,B0005,592,70.47550750397869,78.83399
TD-All,pre_refit,42,B0005,596,70.48563041810954,78.3488
TD-All,pre_refit,42,B0005,600,70.23531244180377,78.81741
TD-All,pre_refit,42,B0005,604,69.93882142370093,79.12665
TD-All,pre_refit,42,B0005,608,69.90890905512207,78.66637
TD-All,pre_refit,42,B0005,612,71.07977535187085,79.54891
TD-All,pre_refit,42,B0005,614,71.95205157786506,80.012985
TD-All,refit_on_3,42,B0005,2,100.80760884947765,97.400444
TD-All,refit_on_3,42,B0005,4,100.25590968770103,98.317924
TD-All,refit_on_3,42,B0005,6,99.65979925247206,98.25219
TD-All,refit_on_3,42,B0005,8,99.65509323788856,98.10683
TD-All,refit_on_3,42,B0005,10,99.6215889724607,97.99678
TD-All,refit_on_3,42,B0005,12,99.67676620535396,98.23122
TD-All,refit_on_3,42,B0005,14,99.64877352944652,98.28264
TD-All,refit_on_3,42,B0005,16,99.13892996732449,98.08231
TD-All,refit_on_3,42,B0005,18,99.08555627584838,97.74604
TD-All,refit_on_3,42,B0005,20,99.0768365083485,97.70968
TD-All,refit_on_3,42,B0005,22,99.07717774099622,97.41306
TD-All,refit_on_3,42,B0005,25,98.5114992237362,97.26039
TD-All,refit_on_3,42,B0005,27,98.4870761948254,97.020065
TD-All,refit_on_3,42,B0005,29,98.47015265835132,96.45683
TD-All,refit_on_3,42,B0005,31,97.88140357167902,96.82823
TD-All,refit_on_3,42,B0005,33,97.85473656745688,96.433
TD-All,refit_on_3,42,B0005,35,97.88039886599036,96.2305
TD-All,refit_on_3,42,B0005,37,97.9069415267384,95.92868
TD-All,refit_on_3,42,B0005,39,97.89115702988882,95.7712
TD-All,refit_on_3,42,B0005,42,100.29385168145046,98.60659
TD-All,refit_on_3,42,B0005,46,100.31510023136114,98.43898
TD-All,refit_on_3,42,B0005,50,99.70477213786135,98.05544
TD-All,refit_on_3,42,B0005,54,99.1402308374376,97.680115
TD-All,refit_on_3,42,B0005,58,99.10400696359169,97.35048
TD-All,refit_on_3,42,B0005,62,99.12941188644592,96.83522
TD-All,refit_on_3,42,B0005,66,98.50222430381568,96.90289
TD-All,refit_on_3,42,B0005,70,98.5423014565286,96.16577
TD-All,refit_on_3,42,B0005,74,98.49887187571204,96.090904
TD-All,refit_on_3,42,B0005,78,97.89050762402466,96.4185
TD-All,refit_on_3,42,B0005,82,97.96171552529285,95.6785
TD-All,refit_on_3,42,B0005,86,100.55321959197046,99.74656
TD-All,refit_on_3,42,B0005,90,99.4075559707276,97.211464
TD-All,refit_on_3,42,B0005,94,98.82112827769676,96.78833
TD-All,refit_on_3,42,B0005,98,98.2457556393358,96.222855
TD-All,refit_on_3,42,B0005,102,97.99065016377766,96.529015
TD-All,refit_on_3,42,B0005,106,97.7065060215613,95.741905
TD-All,refit_on_3,42,B0005,110,97.11279694879056,95.50616
TD-All,refit_on_3,42,B0005,114,96.81304988059888,95.62126
TD-All,refit_on_3,42,B0005,118,96.27605729788222,94.91351
TD-All,refit_on_3,42,B0005,122,96.2762766313732,94.48849
TD-All,refit_on_3,42,B0005,126,95.99578118843372,94.23599
TD-All,refit_on_3,42,B0005,130,95.69403287907456,93.94882
TD-All,refit_on_3,42,B0005,134,95.98194451474556,94.938126
TD-All,refit_on_3,42,B0005,136,95.71321655496544,93.793335
TD-All,refit_on_3,42,B0005,140,95.11928805425076,93.440056
TD-All,refit_on_3,42,B0005,144,94.58275432725988,93.568924
TD-All,refit_on_3,42,B0005,148,94.27008009570102,92.741936
TD-All,refit_on_3,42,B0005,150,97.39411432859931,94.12639
TD-All,refit_on_3,42,B0005,154,96.82749231246368,93.7336
TD-All,refit_on_3,42,B0005,158,95.96820195991576,93.219505
TD-All,refit_on_3,42,B0005,162,95.40638930769452,93.61365
TD-All,refit_on_3,42,B0005,166,94.8553962680492,92.737465
TD-All,refit_on_3,42,B0005,170,94.5755674779542,92.996025
TD-All,refit_on_3,42,B0005,174,94.28806184403476,92.35984
TD-All,refit_on_3,42,B0005,178,93.73958753620327,91.90314
TD-All,refit_on_3,42,B0005,182,93.16861105469168,91.29018
TD-All,refit_on_3,42,B0005,186,92.88227598613614,91.028114
TD-All,refit_on_3,42,B0005,190,92.636901518198,90.91213
TD-All,refit_on_3,42,B0005,194,92.32720191735562,90.40364
TD-All,refit_on_3,42,B0005,198,92.01599848919145,90.04065
TD-All,refit_on_3,42,B0005,202,91.49053823956656,90.593285
TD-All,refit_on_3,42,B0005,206,90.92425521866993,90.02406
TD-All,refit_on_3,42,B0005,210,90.92941856192826,89.245964
TD-All,refit_on_3,42,B0005,214,90.34010561326173,88.698715
TD-All,refit_on_3,42,B0005,216,90.0847586044663,88.89066
TD-All,refit_on_3,42,B0005,220,89.80457989439137,88.640564
TD-All,refit_on_3,42,B0005,224,89.19640288815545,87.98985
TD-All,refit_on_3,42,B0005,228,88.93598251136243,87.74403
TD-All,refit_on_3,42,B0005,232,88.65781340235759,87.56637
TD-All,refit_on_3,42,B0005,236,88.38728178562198,87.678986
TD-All,refit_on_3,42,B0005,240,88.08171260170519,86.4776
TD-All,refit_on_3,42,B0005,244,87.49528010741024,86.409615
TD-All,refit_on_3,42,B0005,248,87.2366743602368,86.01347
TD-All,refit_on_3,42,B0005,252,86.96251727221627,85.56539
TD-All,refit_on_3,42,B0005,256,86.35734215456989,85.35535
TD-All,refit_on_3,42,B0005,260,86.10863457357058,85.37461
TD-All,refit_on_3,42,B0005,264,86.06270063126725,84.90436
TD-All,refit_on_3,42,B0005,266,86.63737677555004,85.09023
TD-All,refit_on_3,42,B0005,270,85.50813849993258,84.4303
TD-All,refit_on_3,42,B0005,274,84.97446653296429,84.21749
TD-All,refit_on_3,42,B0005,278,84.69557819389517,84.49016
TD-All,refit_on_3,42,B0005,282,84.68013627936132,83.4474
TD-All,refit_on_3,42,B0005,286,84.41991821853574,82.940094
TD-All,refit_on_3,42,B0005,290,84.10414931140878,82.78725
TD-All,refit_on_3,42,B0005,294,83.52653061113354,82.96877
TD-All,refit_on_3,42,B0005,298,82.96602561057489,82.13882
TD-All,refit_on_3,42,B0005,302,82.99920327964658,81.88067
TD-All,refit_on_3,42,B0005,306,82.68003018050378,81.67001
TD-All,refit_on_3,42,B0005,310,82.39976893302816,81.22395
TD-All,refit_on_3,42,B0005,313,87.19626195760692,85.396576
TD-All,refit_on_3,42,B0005,316,84.91729656129593,83.19208
TD-All,refit_on_3,42,B0005,320,84.06165489885902,82.58115
TD-All,refit_on_3,42,B0005,324,83.2082752902044,82.17849
TD-All,refit_on_3,42,B0005,328,82.91381970838151,81.56533
TD-All,refit_on_3,42,B0005,332,82.37106085271179,81.474884
TD-All,refit_on_3,42,B0005,336,82.09631790141844,81.03895
TD-All,refit_on_3,42,B0005,340,81.80669701206385,80.69131
TD-All,refit_on_3,42,B0005,344,81.53418918115372,80.69458
TD-All,refit_on_3,42,B0005,348,80.95312575426658,80.1064
TD-All,refit_on_3,42,B0005,352,80.6829269258604,79.86975
TD-All,refit_on_3,42,B0005,356,80.38673535372676,79.48247
TD-All,refit_on_3,42,B0005,360,80.10415225005684,79.55132
TD-All,refit_on_3,42,B0005,364,80.68483906716317,79.082664
TD-All,refit_on_3,42,B0005,367,81.23806188586506,80.36235
TD-All,refit_on_3,42,B0005,371,80.40774500270479,78.93806
TD-All,refit_on_3,42,B0005,375,79.80793062432481,79.23651
TD-All,refit_on_3,42,B0005,379,78.94710440938543,77.99009
TD-All,refit_on_3,42,B0005,383,78.96040682717852,77.96381
TD-All,refit_on_3,42,B0005,387,79.00805769223405,78.16267
TD-All,refit_on_3,42,B0005,391,78.68325635434054,77.184395
TD-All,refit_on_3,42,B0005,395,78.12009683923326,76.974
TD-All,refit_on_3,42,B0005,399,77.83635095586517,76.814026
TD-All,refit_on_3,42,B0005,403,77.83366081216815,77.122375
TD-All,refit_on_3,42,B0005,407,77.54418562704669,76.2013
TD-All,refit_on_3,42,B0005,411,77.26483532824366,75.888466
TD-All,refit_on_3,42,B0005,415,76.96665751739931,75.622154
TD-All,refit_on_3,42,B0005,419,76.69408123915822,75.43358
TD-All,refit_on_3,42,B0005,423,76.7032886034996,75.43858
TD-All,refit_on_3,42,B0005,427,76.43285089151239,75.545006
TD-All,refit_on_3,42,B0005,431,77.83345221466253,76.161026
TD-All,refit_on_3,42,B0005,433,78.09751233548145,76.93941
TD-All,refit_on_3,42,B0005,437,76.96262218385922,75.784386
TD-All,refit_on_3,42,B0005,441,76.3993634537507,75.58254
TD-All,refit_on_3,42,B0005,445,76.08562321685423,75.0584
TD-All,refit_on_3,42,B0005,449,75.84111192639295,74.89663
TD-All,refit_on_3,42,B0005,453,75.5470202599512,74.4505
TD-All,refit_on_3,42,B0005,457,75.2724773855306,74.21129
TD-All,refit_on_3,42,B0005,461,74.95796574493023,74.00914
TD-All,refit_on_3,42,B0005,465,74.67559060559861,74.45937
TD-All,refit_on_3,42,B0005,469,74.4190975749656,73.56744
TD-All,refit_on_3,42,B0005,473,74.41886702385212,73.23554
TD-All,refit_on_3,42,B0005,477,74.10538957595438,73.09405
TD-All,refit_on_3,42,B0005,481,74.68403981580354,73.57819
TD-All,refit_on_3,42,B0005,483,75.26611054535188,74.08197
TD-All,refit_on_3,42,B0005,485,74.38310747232698,73.44579
TD-All,refit_on_3,42,B0005,489,74.10795710900801,72.81766
TD-All,refit_on_3,42,B0005,493,73.53993654981534,72.76396
TD-All,refit_on_3,42,B0005,497,73.55729388669064,72.790985
TD-All,refit_on_3,42,B0005,501,73.56067241598603,72.494095
TD-All,refit_on_3,42,B0005,505,73.26805286034079,72.35984
TD-All,refit_on_3,42,B0005,509,72.98972077509227,72.18984
TD-All,refit_on_3,42,B0005,513,72.70747847813722,71.66938
TD-All,refit_on_3,42,B0005,517,72.70330518052887,71.64021
TD-All,refit_on_3,42,B0005,521,72.43680818215978,71.479034
TD-All,refit_on_3,42,B0005,525,72.14563728793834,71.7368
TD-All,refit_on_3,42,B0005,529,71.84842350914826,71.163956
TD-All,refit_on_3,42,B0005,533,71.57682808520298,71.112564
TD-All,refit_on_3,42,B0005,537,71.59297070565168,70.77761
TD-All,refit_on_3,42,B0005,541,71.58355486033668,71.01561
TD-All,refit_on_3,42,B0005,545,71.88651633814797,70.513214
TD-All,refit_on_3,42,B0005,548,73.85485752850198,72.431
TD-All,refit_on_3,42,B0005,552,72.73676298693475,71.67341
TD-All,refit_on_3,42,B0005,556,72.16650080848474,71.479675
TD-All,refit_on_3,42,B0005,560,71.87574889700983,71.72648
TD-All,refit_on_3,42,B0005,564,71.60206343923741,71.05913
TD-All,refit_on_3,42,B0005,568,71.32194157026348,70.83139
TD-All,refit_on_3,42,B0005,572,71.30711389020412,70.74285
TD-All,refit_on_3,42,B0005,576,71.01356336148518,70.335625
TD-All,refit_on_3,42,B0005,580,70.75492745457169,69.969185
TD-All,refit_on_3,42,B0005,584,70.77254445771489,70.1958
TD-All,refit_on_3,42,B0005,588,70.77540542374062,69.91234
TD-All,refit_on_3,42,B0005,592,70.47550750397869,69.62209
TD-All,refit_on_3,42,B0005,596,70.48563041810954,69.55817
TD-All,refit_on_3,42,B0005,600,70.23531244180377,69.70117
TD-All,refit_on_3,42,B0005,604,69.93882142370093,69.43393
TD-All,refit_on_3,42,B0005,608,69.90890905512207,69.06006
TD-All,refit_on_3,42,B0005,612,71.07977535187085,70.63785
TD-All,refit_on_3,42,B0005,614,71.95205157786506,71.715515
