setting,stage,seed,test_battery,val_battery,fit_batteries,cfg,sel_epochs,sel_val_rmse,train_RMSE,train_R2,test_nRMSE,test_MAE,test_RMSE,test_R2,test_MAPE,test_MAE_Ah,test_RMSE_Ah,device
TD-All,pre_refit,42,B0005,B0006,"['B0007', 'B0018']",[16]/l2=0.0001,325,6.0991,0.6108,0.9949,0.0816,1.9835,2.521,0.9402,2.5621,0.0365,0.0464,cpu
TD-All,refit_on_3,42,B0005,B0006,"['B0006', 'B0007', 'B0018']",[16]/l2=0.0001,325,6.0991,1.2679,0.987,0.0658,1.9869,2.0341,0.9611,2.3501,0.0366,0.0375,cpu
TD-All,pre_refit,42,B0006,B0005,"['B0007', 'B0018']",[16]/l2=0.0001,325,2.521,0.6108,0.9949,0.1396,5.6716,6.0991,0.7602,7.9472,0.1144,0.1231,cpu
TD-All,refit_on_3,42,B0006,B0005,"['B0005', 'B0007', 'B0018']",[16]/l2=0.0001,325,2.521,0.5049,0.997,0.0727,2.8003,3.1743,0.935,3.6422,0.0565,0.064,cpu
TD-All,pre_refit,42,B0007,B0005,"['B0006', 'B0018']","[8, 4]/l2=0.0001",358,1.4355,1.3371,0.9866,0.0623,1.0405,1.6228,0.9638,1.1115,0.0196,0.0305,cpu
TD-All,refit_on_3,42,B0007,B0005,"['B0005', 'B0006', 'B0018']","[8, 4]/l2=0.0001",358,1.4355,1.0835,0.991,0.0506,1.1086,1.3188,0.9761,1.2923,0.0209,0.0248,cpu
TD-All,pre_refit,42,B0018,B0005,"['B0006', 'B0007']","[8, 4]/l2=0.0001",245,1.2474,1.1923,0.99,0.1223,3.1104,3.4163,0.834,3.5996,0.0572,0.0629,cpu
TD-All,refit_on_3,42,B0018,B0005,"['B0005', 'B0006', 'B0007']","[8, 4]/l2=0.0001",245,1.2474,1.1707,0.9897,0.1196,3.1006,3.3394,0.8414,3.6223,0.0571,0.0615,cpu
TD-All,pre_refit,7,B0005,B0006,"['B0007', 'B0018']",[16]/l2=0.0001,499,5.101,0.5223,0.9963,0.056,1.4265,1.7318,0.9718,1.8131,0.0263,0.0319,cpu
TD-All,refit_on_3,7,B0005,B0006,"['B0006', 'B0007', 'B0018']",[16]/l2=0.0001,499,5.101,1.0069,0.9918,0.0691,1.8052,2.134,0.9571,2.2746,0.0332,0.0393,cpu
TD-All,pre_refit,7,B0006,B0005,"['B0007', 'B0018']",[16]/l2=0.0001,499,1.7318,0.5223,0.9963,0.1167,4.1831,5.101,0.8323,5.7855,0.0844,0.1029,cpu
TD-All,refit_on_3,7,B0006,B0005,"['B0005', 'B0007', 'B0018']",[16]/l2=0.0001,499,1.7318,0.3752,0.9984,0.0895,3.5714,3.9121,0.9013,4.6221,0.0721,0.0789,cpu
TD-All,pre_refit,7,B0007,B0005,"['B0006', 'B0018']",[16]/l2=0.0001,276,1.457,1.2851,0.9876,0.0545,1.1652,1.4206,0.9722,1.3311,0.0219,0.0267,cpu
TD-All,refit_on_3,7,B0007,B0005,"['B0005', 'B0006', 'B0018']",[16]/l2=0.0001,276,1.457,1.0964,0.9907,0.0511,1.1922,1.3314,0.9756,1.3828,0.0224,0.0251,cpu
TD-All,pre_refit,7,B0018,B0005,"['B0006', 'B0007']",[16]/l2=0.0,195,1.3822,1.0148,0.9928,0.1037,2.3639,2.8958,0.8807,2.677,0.0435,0.0533,cpu
TD-All,refit_on_3,7,B0018,B0005,"['B0005', 'B0006', 'B0007']",[16]/l2=0.0,195,1.3822,0.9423,0.9933,0.1004,2.4018,2.8051,0.8881,2.7589,0.0442,0.0516,cpu
TD-All,pre_refit,123,B0005,B0006,"['B0007', 'B0018']",[8]/l2=0.0001,496,6.7501,0.6815,0.9937,0.0836,2.0274,2.5838,0.9372,2.6199,0.0373,0.0476,cpu
TD-All,refit_on_3,123,B0005,B0006,"['B0006', 'B0007', 'B0018']",[8]/l2=0.0001,496,6.7501,1.4684,0.9825,0.0411,1.0578,1.2704,0.9848,1.1985,0.0195,0.0234,cpu
TD-All,pre_refit,123,B0006,B0005,"['B0007', 'B0018']",[8]/l2=0.0,48,4.3212,2.1436,0.9374,0.2085,7.3481,9.1114,0.4649,10.6573,0.1483,0.1838,cpu
TD-All,refit_on_3,123,B0006,B0005,"['B0005', 'B0007', 'B0018']",[8]/l2=0.0,48,4.3212,1.7927,0.9623,0.105,3.5009,4.5878,0.8643,4.771,0.0706,0.0926,cpu
TD-All,pre_refit,123,B0007,B0005,"['B0006', 'B0018']","[8, 4]/l2=0.0",167,1.6702,1.811,0.9754,0.0623,1.0519,1.6238,0.9637,1.1269,0.0198,0.0306,cpu
TD-All,refit_on_3,123,B0007,B0005,"['B0005', 'B0006', 'B0018']","[8, 4]/l2=0.0",167,1.6702,1.6169,0.9799,0.0427,0.9161,1.1127,0.983,1.0163,0.0172,0.0209,cpu
TD-All,pre_refit,123,B0018,B0005,"['B0006', 'B0007']",[8]/l2=0.0001,479,1.1898,0.9053,0.9942,0.1774,4.7819,4.9533,0.651,5.6384,0.088,0.0912,cpu
TD-All,refit_on_3,123,B0018,B0005,"['B0005', 'B0006', 'B0007']",[8]/l2=0.0001,479,1.1898,1.1006,0.9909,0.1312,3.4916,3.6644,0.809,4.1268,0.0643,0.0674,cpu
