Hidden_Layers,Num_Layers,Loss_Function,Train_RMSE,Train_R2,Test_RMSE,Test_MAE,Test_R2
"[16, 8]",2,MSE,0.19092002730954905,-0.004709959030151367,0.17275190443881358,0.15345872938632965,-0.009402155876159668
"[16, 8]",2,Huber,0.19092000779724044,-0.004709720611572266,0.17275194217650064,0.15345874428749084,-0.009402632713317871
"[16, 8]",2,MAE,0.19101746642116418,-0.00573575496673584,0.17752814642287226,0.15564540028572083,-0.06598961353302002
"[8, 4]",2,MSE,0.08556193682925518,0.7982103228569031,0.2362993632698077,0.19441662728786469,-0.8886159658432007
"[8, 4]",2,MAE,0.08982524473927762,0.777600109577179,0.2371143315408357,0.1882573962211609,-0.9016655683517456
"[12, 6]",2,MAE,0.06265927672507594,0.8917797803878784,0.23951886007535722,0.19236715137958527,-0.9404299259185791
[8],1,MAE,0.09409480463752612,0.7559555172920227,0.24578346643097215,0.1898113638162613,-1.0432612895965576
"[8, 4]",2,Huber,0.08747604129384216,0.7890808582305908,0.24642483072127042,0.20249125361442566,-1.053938865661621
[16],1,MAE,0.06395668967886271,0.8872517943382263,0.2508912887873305,0.20504070818424225,-1.1290688514709473
"[12, 6]",2,MSE,0.07863102884349432,0.8295780420303345,0.2570289640701817,0.2072869837284088,-1.2345120906829834
[16],1,MSE,0.06843543589540604,0.8709078431129456,0.2672960228291224,0.21735915541648865,-1.416593074798584
"[12, 6]",2,Huber,0.08378569256067865,0.806501567363739,0.2710992015543331,0.20792235434055328,-1.4858505725860596
[16],1,Huber,0.06428519320714365,0.8860905766487122,0.27169177140238554,0.21852292120456696,-1.4967296123504639
[8],1,Huber,0.09742444660582911,0.7383784055709839,0.27424265982786034,0.22049975395202637,-1.5438330173492432
[8],1,MSE,0.10088724543178137,0.7194499969482422,0.28005274946320247,0.22747398912906647,-1.652761697769165
[12],1,MAE,0.1012408224114331,0.7174800634384155,0.28379427280880676,0.2297334522008896,-1.7241172790527344
[12],1,MSE,0.09678938932161195,0.7417780160903931,0.2896015322178738,0.23545211553573608,-1.836744785308838
[12],1,Huber,0.10466397505094015,0.6980519890785217,0.3334989645347077,0.2748691737651825,-2.7619025707244873
