Latent_Node,Train_Pearson_R,Train_Spearman_R,Test_Pearson_R,Test_Spearman_R
Node_1,-0.34161717,-0.3495322461521044,-0.47486845,-0.47225068478150406
Node_2,0.22188045,0.18976527374477148,0.09532889,-0.01886953558790678
Node_3,-0.19470407,-0.1948456434076136,-0.15627095,-0.23450307462527586
Node_4,-0.06989482,-0.061733617863684455,0.24724452,0.30601093007718505
Node_5,0.5725628,0.5698045098217736,0.52209115,0.5105447422981384
Node_6,-0.6586836,-0.6623152611317821,0.16801324,0.19441598431522053
Node_7,-0.5154029,-0.5101091112776666,0.015183685,-0.07445355218395797
Node_8,-0.05385562,-0.030917014791900527,0.054610126,-0.0216017760350245
Node_9,-0.26516712,-0.2601321791838663,-0.3701159,-0.3877646872057857
Node_10,0.031622935,0.04883445606465959,0.05558812,0.07774077897189648
Node_11,-0.73463047,-0.7283973746467995,-0.25741115,-0.2806523234273737
Node_12,-0.32599628,-0.2986640390273534,-0.106322154,-0.0700990439713641
Node_13,0.121535525,0.10070755613007061,0.2031827,0.1741803285037549
Node_14,0.25054651,0.25506047711697155,0.045646086,0.00896516396710503
Node_15,0.29591388,0.29207480433251604,-0.0362481,0.002646857933145295
Node_16,0.28790537,0.26630070449306886,-0.02734623,-0.04269125698621443
Node_17,0.29587752,0.3037412850458327,-0.3852229,-0.42127732393996403
