Battery_ID,Cycle,Capacity_Ah
1,2,1.85648742081816
1,4,1.84632724971993
1,6,1.83534919422341
1,8,1.83526252758211
1,10,1.83464550821204
1,12,1.83566166006755
1,14,1.83514614292266
1,16,1.82575679056655
1,18,1.82477385298913
1,20,1.82461326849694
1,22,1.82461955268645
1,25,1.81420193576739
1,27,1.81375215775491
1,29,1.81344049147358
1,31,1.80259800363065
1,33,1.80210690024615
1,35,1.80257950082621
1,37,1.80306831428341
1,39,1.8027776247196
1,42,1.84702599493292
1,46,1.84741731128364
1,50,1.83617742134789
1,54,1.82578074757762
1,58,1.82511364350784
1,62,1.82558150422038
1,66,1.81403112750839
1,70,1.81476919411589
1,74,1.81396938871035
1,78,1.80276566516782
1,82,1.80407704011735
1,86,1.85180255167045
1,90,1.83070384567394
1,94,1.81990410895013
1,98,1.80930796370285
1,102,1.80460990458052
1,106,1.79937706519722
1,110,1.78844323353705
1,114,1.78292304842527
1,118,1.77303371580183
1,122,1.77303775507894
1,126,1.76787211066621
1,130,1.76231507040931
1,134,1.76761729249384
1,136,1.76266835974315
1,140,1.75173048706641
1,144,1.741849604796
1,148,1.73609135118471
1,150,1.79362401485736
1,154,1.78318902232733
1,158,1.7673642076279
1,162,1.75701778503531
1,166,1.74687061798379
1,170,1.74171725074571
1,174,1.73642250564782
1,178,1.72632172392358
1,182,1.71580653893301
1,186,1.71053335113519
1,190,1.70601449964852
1,194,1.70031102726426
1,198,1.69457986017979
1,202,1.68490290866093
1,206,1.67447415911597
1,210,1.67456924798791
1,214,1.66371637598141
1,216,1.65901386874825
1,220,1.6538540573335
1,224,1.64265378213013
1,228,1.63785784302237
1,232,1.63273504070991
1,236,1.62775289155336
1,240,1.62212548552116
1,244,1.61132566037658
1,248,1.60656313974884
1,252,1.60151422339176
1,256,1.59036923140033
1,260,1.58578899682422
1,264,1.58494307073741
1,266,1.59552638924959
1,270,1.5747301747801
1,274,1.56490199509379
1,278,1.55976594733704
1,282,1.55948156681842
1,286,1.55468935359061
1,290,1.54887410798904
1,294,1.53823659894256
1,298,1.52791425825103
1,302,1.52852526297564
1,306,1.52264732528438
1,310,1.51748599384899
1,313,1.60581889913066
1,316,1.56384914467444
1,320,1.54809152477678
1,324,1.53237556318686
1,328,1.52695282684897
1,332,1.51695730171363
1,336,1.51189759601427
1,340,1.50656389606811
1,344,1.50154535266714
1,348,1.49084440504002
1,352,1.4858683845612
1,356,1.48041367797611
1,360,1.47520958690316
1,364,1.4859035988304
1,367,1.49609182981367
1,371,1.4808005946929
1,375,1.46975432684668
1,379,1.45390122748459
1,383,1.45414620672357
1,387,1.45502375190668
1,391,1.44904216376124
1,395,1.43867093714806
1,399,1.43344543215698
1,403,1.43339589008381
1,407,1.42806487344776
1,411,1.42292031817412
1,415,1.41742903273131
1,419,1.41240922879445
1,423,1.41257879294019
1,427,1.40759837314699
1,431,1.43339204852215
1,433,1.43825501767929
1,437,1.41735471744855
1,441,1.40698166367764
1,445,1.40120377835876
1,449,1.39670082327263
1,453,1.39128478885273
1,457,1.38622876779783
1,461,1.38043667619741
1,465,1.37523641502562
1,469,1.3705128024895
1,473,1.37050855662704
1,477,1.36473551086815
1,481,1.37539201689576
1,483,1.38611151515354
1,485,1.36985000358389
1,489,1.36478279492608
1,493,1.354322046626
1,497,1.3546417018379
1,501,1.35470392131924
1,505,1.34931499750346
1,509,1.34418919379706
1,513,1.33899137906958
1,517,1.3389145230207
1,521,1.33400667597617
1,525,1.32864443091749
1,529,1.32317089922762
1,533,1.31816915884452
1,537,1.31846644366403
1,541,1.3182930401027
1,545,1.32387242224427
1,548,1.36012167665548
1,552,1.33953068679474
1,556,1.32902865651207
1,560,1.3236741274999
1,564,1.31863389675329
1,568,1.31347513213243
1,572,1.31320206344422
1,576,1.30779599469444
1,580,1.30303291864059
1,584,1.30335735590382
1,588,1.30341004386556
1,592,1.29788708064957
1,596,1.29807350569189
1,600,1.29346361384424
1,604,1.28800339261912
1,608,1.28745252213794
1,612,1.30901536423074
1,614,1.32507932864294
2,2,2.0353375910056
2,4,2.02514024603141
2,6,2.01332637134546
2,8,2.01328466554074
2,10,2.00052833762477
2,12,2.01389907599316
2,14,2.01310110562697
2,16,1.96878982627284
2,18,1.96816617643342
2,20,1.95723079175605
2,22,1.94559915141294
2,25,1.93475050448411
2,27,1.9232799539368
2,29,1.91188993094849
2,31,1.90106671419793
2,33,1.88919899480615
2,35,1.87827837224885
2,37,1.86756971615202
2,39,1.86758925744538
2,42,1.97962654825082
2,46,1.9575499080884
2,50,1.94581501707876
2,54,1.92424611216801
2,58,1.94598113314216
2,62,1.90140793055308
2,66,1.87867421368008
2,70,1.86830613282642
2,74,1.8560244070083
2,78,1.84519979618558
2,82,1.85722889088532
2,86,1.92477608890906
2,90,1.88223175260926
2,94,1.85527668788559
2,98,1.83925089171819
2,102,1.81853960739944
2,106,1.81347700595671
2,110,1.79710184503054
2,114,1.78100462941205
2,118,1.77101304226823
2,122,1.76047124481709
2,126,1.75029137880066
2,130,1.73949250377326
2,134,1.75467665536372
2,136,1.76593909418422
2,140,1.73378874196248
2,144,1.71332591204073
2,148,1.70240778136735
2,150,1.82371946178183
2,154,1.80812840503147
2,158,1.77576109450343
2,162,1.74474098418368
2,166,1.72920703413237
2,170,1.70810865525532
2,174,1.69759542374618
2,178,1.68206345240295
2,182,1.67147683222951
2,186,1.66075913870477
2,190,1.65112101503807
2,194,1.64013492561909
2,198,1.62919994161654
2,202,1.60884963029617
2,206,1.60352448989692
2,210,1.5989712144028
2,214,1.58762731235756
2,216,1.58297197446862
2,220,1.56713763671356
2,224,1.56134461397139
2,228,1.55117118927904
2,232,1.54067416062952
2,236,1.52531387446244
2,240,1.53015703180674
2,244,1.52465668344741
2,248,1.51454929866554
2,252,1.50939150460208
2,256,1.50399743330507
2,260,1.49352019180402
2,264,1.48763230244974
2,266,1.53028762144017
2,270,1.50407600883601
2,274,1.48875936087309
2,278,1.47827792855466
2,282,1.47845998221568
2,286,1.47321484489997
2,290,1.46751649350679
2,294,1.45162926575213
2,298,1.45192377209672
2,302,1.44714846947777
2,306,1.44685381056599
2,310,1.44167419302847
2,313,1.59358665931001
2,316,1.54639023769156
2,320,1.51470559175661
2,324,1.49897860833354
2,328,1.48311107454105
2,332,1.47296648254683
2,336,1.46276043960993
2,340,1.45183646810625
2,344,1.44686706440304
2,348,1.44138039942778
2,352,1.43121074496077
2,356,1.42602471795257
2,360,1.42048764996619
2,364,1.4207006230355
2,367,1.45225580433084
2,371,1.43155763277257
2,375,1.41501575115894
2,379,1.40973115065175
2,383,1.40491731812931
2,387,1.39516429657156
2,391,1.39453438326141
2,395,1.38931711793126
2,399,1.38383794723278
2,403,1.37368142381951
2,407,1.37860598918637
2,411,1.37376002991086
2,415,1.36825805839427
2,419,1.36330240373175
2,423,1.35809661401726
2,427,1.35326909099953
2,431,1.38416057382375
2,433,1.40514677906515
2,437,1.37871902262735
2,441,1.36826577831991
2,445,1.3573151296618
2,449,1.35249346388016
2,453,1.34740991516612
2,457,1.33700751308423
2,461,1.33123529667185
2,465,1.32593037817276
2,469,1.32157874386753
2,473,1.32122507406611
2,477,1.31564853018627
2,481,1.32090256975024
2,483,1.34743287672739
2,485,1.32601280723536
2,489,1.31011867848311
2,493,1.30521620229393
2,497,1.30040619513558
2,501,1.30023573584112
2,505,1.28950667224808
2,509,1.27925305738479
2,513,1.27920781717146
2,517,1.27403676090292
2,521,1.27412739230015
2,525,1.26376394264408
2,529,1.25813736889552
2,533,1.2532598640553
2,537,1.25323133154934
2,541,1.24808749603136
2,545,1.25343542849448
2,548,1.28980487732669
2,552,1.26354020217588
2,556,1.24797617068429
2,560,1.23212028779433
2,564,1.22711376662135
2,568,1.22173975813774
2,572,1.21110267891517
2,576,1.20561597651317
2,580,1.20089362627173
2,584,1.19059039855583
2,588,1.18517925104194
2,592,1.17967068181446
2,596,1.17459528367539
2,600,1.15381833159625
2,604,1.16440095573723
2,608,1.15879749479161
2,612,1.17497488347692
2,614,1.18567523279294
3,2,1.89105229539079
3,4,1.88063702768686
3,6,1.88066267170114
3,8,1.88077090098334
3,10,1.87945087282851
3,12,1.88070035171174
3,14,1.87993525235661
3,16,1.88150881240388
3,18,1.86969078703858
3,20,1.8700523801392
3,22,1.87004423941886
3,25,1.85965189877664
3,27,1.85907465608622
3,29,1.85900845777092
3,31,1.8593622586957
3,33,1.8587355450601
3,35,1.84781729132214
3,37,1.8485252916137
3,39,1.84837895185003
3,42,1.88078054376098
3,46,1.88147215974436
3,50,1.88109543132448
3,54,1.871008964978
3,58,1.87019951519414
3,62,1.8706715362801
3,66,1.85961246440202
3,70,1.86003390971835
3,74,1.85916531091608
3,78,1.84813981787783
3,82,1.84920170212616
3,86,1.88346774379508
3,90,1.86282111179058
3,94,1.85208503965235
3,98,1.84695046482087
3,102,1.83682843116902
3,106,1.83716196196723
3,110,1.83167225837189
3,114,1.82114709513178
3,118,1.81650609151151
3,122,1.81138156015046
3,126,1.81160563339396
3,130,1.80605489555574
3,134,1.81320418269941
3,136,1.80626419382835
3,140,1.79583102499005
3,144,1.78588526003905
3,148,1.78032686045028
3,150,1.81507568995756
3,154,1.81570251548458
3,158,1.80024321780567
3,162,1.79044762056093
3,166,1.78034303230013
3,170,1.77532876959681
3,174,1.77026297347329
3,178,1.7600810618542
3,182,1.74964759353769
3,186,1.74965007505931
3,190,1.74502873921468
3,194,1.73964574552867
3,198,1.7285642277718
3,202,1.72390032458842
3,206,1.71397887764852
3,210,1.71397019970046
3,214,1.70365211736388
3,216,1.70401374743825
3,220,1.6935716157343
3,224,1.68765773638777
3,228,1.68307443565832
3,232,1.67792701420255
3,236,1.67320602759662
3,240,1.6674367208254
3,244,1.66226626306675
3,248,1.65742430657631
3,252,1.65253868492873
3,256,1.64721746275733
3,260,1.63641368108981
3,264,1.63625543120485
3,266,1.64111917921838
3,270,1.6315700789657
3,274,1.62121328298724
3,278,1.61642732147621
3,282,1.61582351016192
3,286,1.61672418029789
3,290,1.610865586373
3,294,1.60066033743094
3,298,1.59591744870057
3,302,1.59621795194622
3,306,1.5958065114634
3,310,1.59065078214807
3,313,1.68882111618555
3,316,1.62599382797332
3,320,1.61574338628129
3,324,1.60566267648465
3,328,1.59497469215243
3,332,1.59041024388719
3,336,1.58535170629882
3,340,1.57997371472424
3,344,1.57521854652781
3,348,1.56979848464887
3,352,1.57025653759504
3,356,1.56524987390944
3,360,1.55963393356115
3,364,1.56498205333921
3,367,1.57497949984227
3,371,1.56528111687805
3,375,1.55975549747013
3,379,1.5498976856705
3,383,1.5438771531345
3,387,1.54501874886901
3,391,1.54459401541029
3,395,1.53430867217589
3,399,1.52876039429585
3,403,1.52892602491798
3,407,1.52909165013312
3,411,1.52390593246612
3,415,1.51866754191006
3,419,1.5136482266427
3,423,1.5136050185229
3,427,1.5139470614868
3,431,1.53395991931588
3,433,1.53913727986531
3,437,1.52362479728387
3,441,1.51358130355891
3,445,1.50778507498479
3,449,1.50319606760373
3,453,1.49782205969959
3,457,1.49284853463352
3,461,1.49241438986703
3,465,1.48748277653808
3,469,1.48253514864041
3,473,1.4827874322229
3,477,1.47697117977506
3,481,1.48190155541373
3,483,1.49813661988748
3,485,1.48207752143929
3,489,1.47711553128122
3,493,1.47207727830565
3,497,1.47224801365645
3,501,1.46701066722747
3,505,1.46176724953354
3,509,1.45669526704897
3,513,1.45135497275896
3,517,1.45161592625737
3,521,1.44681613321737
3,525,1.44675706077688
3,529,1.44137974814468
3,533,1.43624562522082
3,537,1.43681541539248
3,541,1.436294514586
3,545,1.4418575315878
3,548,1.46720634847818
3,552,1.45186403678489
3,556,1.44713797527485
3,560,1.4417905865624
3,564,1.43163094791111
3,568,1.43180842496737
3,572,1.42625625851069
3,576,1.42608775289249
3,580,1.42126335100317
3,584,1.41632727487951
3,588,1.4165781829176
3,592,1.41084017294252
3,596,1.41099496283478
3,600,1.40617142903988
3,604,1.40633584796929
3,608,1.40045523990665
3,612,1.42178650460552
3,614,1.43245527206254
4,3,1.85500452079108
4,7,1.843195531709
4,11,1.83960184243554
4,15,1.83067360449621
4,18,1.83270020694197
4,20,1.82852888460464
4,22,1.82120118956979
4,24,1.81517001064333
4,27,1.80429805209676
4,30,1.82310023028442
4,32,1.81212535202555
4,34,1.80469163821178
4,36,1.79084434978629
4,39,1.78347072284193
4,42,1.78093861253107
4,44,1.7712090396727
4,46,1.76863039967071
4,48,1.75363048019171
4,51,1.74621974164151
4,54,1.73766473370537
4,56,1.73151667354758
4,58,1.70859498944706
4,60,1.71146995706821
4,63,1.70750213732726
4,66,1.74923820643602
4,68,1.732769714743
4,70,1.72223133282924
4,72,1.71184629898473
4,75,1.69926783512669
4,78,1.69403664392431
4,80,1.68190270787681
4,82,1.67697706184337
4,84,1.66552293064789
4,87,1.65719245758321
4,90,1.6482241555294
4,92,1.63877014979873
4,94,1.62764869072621
4,96,1.62215370227252
4,99,1.61400665104676
4,102,1.67605161544246
4,104,1.6493006425522
4,106,1.63238299185809
4,108,1.61641597190258
4,111,1.61090283782494
4,114,1.59546386936957
4,117,1.72670744008576
4,119,1.71656739174298
4,121,1.69582355709348
4,123,1.67777831907926
4,125,1.66065868977742
4,128,1.66641092748275
4,130,1.64683361744078
4,132,1.625763992878
4,134,1.61215774118746
4,136,1.60573668237553
4,141,1.67364531487989
4,143,1.64043485723499
4,145,1.61326533174221
4,147,1.59209643246863
4,150,1.58660118206988
4,153,1.58007664903363
4,155,1.56417329532892
4,157,1.55561827219392
4,159,1.54020452786374
4,162,1.53216130159599
4,165,1.53162324036934
4,167,1.5222595950772
4,169,1.50652671268513
4,171,1.50142195565329
4,174,1.49635341174865
4,177,1.53342620003124
4,179,1.52384526751443
4,181,1.50119209942612
4,183,1.49241767145029
4,185,1.48332385194012
4,188,1.48073767922942
4,190,1.47350778099025
4,192,1.46801928526661
4,194,1.4580923557119
4,197,1.44786609888914
4,200,1.4527808777542
4,202,1.44253563644924
4,204,1.43927128772033
4,206,1.42864756818882
4,209,1.42490267500049
4,212,1.46981153245241
4,214,1.45258196510502
4,216,1.44283419890879
4,218,1.42837605880795
4,220,1.41545478443707
4,223,1.45457667007771
4,225,1.42831795482741
4,227,1.41970268832041
4,229,1.41556066303065
4,232,1.40568003541923
4,235,1.40844610711661
4,237,1.39685477828724
4,239,1.39356703714407
4,241,1.38936442928095
4,244,1.37856514156667
4,247,1.38490111008575
4,249,1.37032518142424
4,251,1.37334643852291
4,253,1.36794872855048
4,256,1.35671410870896
4,259,1.46043102091946
4,261,1.45009989371041
4,263,1.43814069018245
4,265,1.42836819809643
4,267,1.41478745175524
4,270,1.41388916339318
4,272,1.39893316621772
4,274,1.3953322584034
4,276,1.39004612954025
4,279,1.38602714542096
4,282,1.38821526019375
4,284,1.37618265623945
4,286,1.36471688986402
4,288,1.35898547393736
4,291,1.34623087640088
4,294,1.42684278184546
4,296,1.40644814832797
4,298,1.39349074920752
4,300,1.38824935122493
4,302,1.37018783384209
4,305,1.37969516656086
4,307,1.36865863239357
4,309,1.36273717790964
4,311,1.36340511339281
4,314,1.35186460353052
4,317,1.35479697296526
4,319,1.34105144064048
