Bottleneck,Loss_Function,L2_Regularization,Train_RMSE,Train_MAE,Train_R2,Test_RMSE,Test_MAE,Test_R2,Generalization_Gap_RMSE
1,MSE,0.0,0.11746280042631818,0.0846334844827652,0.619689404964447,0.1752391509426962,0.14006675779819489,-0.03867781162261963,0.05777635051637803
1,MSE,1e-05,0.11729215081771656,0.08456204831600189,0.6207936406135559,0.17442254433507315,0.13952292501926422,-0.029019951820373535,0.05713039351735659
1,MSE,0.0001,0.1182363304903051,0.08538839966058731,0.6146639585494995,0.18059271357236106,0.1451813280582428,-0.1031104326248169,0.06235638308205596
1,MSE,0.001,0.12254549237626108,0.08643566071987152,0.5860647559165955,0.19003559317171312,0.1526123732328415,-0.22148597240447998,0.06749010079545203
1,MSE,0.01,0.13259500337656085,0.09685605764389038,0.5153903961181641,0.19992355882622026,0.15703962743282318,-0.35190606117248535,0.0673285554496594
1,MSE,0.1,0.19147718827742533,0.1597859412431717,-0.010582566261291504,0.1788842554190402,0.15624180436134338,-0.08233773708343506,-0.012592932858385114
1,MAE,0.0,0.1283386188379542,0.08004878461360931,0.5460035800933838,0.2137508511386902,0.1750345379114151,-0.5453763008117676,0.085412232300736
1,MAE,1e-05,0.12834575929130082,0.08008100092411041,0.5459530353546143,0.2136610683937297,0.17528413236141205,-0.5440783500671387,0.08531530910242888
1,MAE,0.0001,0.12787652549085435,0.08004201203584671,0.5492669343948364,0.2131491762163904,0.17380186915397644,-0.5366886854171753,0.08527265072553605
1,MAE,0.001,0.12730845096686993,0.08047343790531158,0.5532627105712891,0.21300218441452004,0.17114821076393127,-0.5345699787139893,0.0856937334476501
1,MAE,0.01,0.1331586324379713,0.08609656244516373,0.5112617015838623,0.22637791348999048,0.1725761741399765,-0.7333515882492065,0.09321928105201918
1,MAE,0.1,0.14841776013877356,0.11638104915618896,0.39283114671707153,0.19156329854889,0.15711596608161926,-0.24120402336120605,0.04314553841011645
1,Huber,0.0,0.11746330389513156,0.08463753759860992,0.6196861267089844,0.17523884801134582,0.1400703638792038,-0.038674235343933105,0.05777554411621426
1,Huber,1e-05,0.11751023594804859,0.08463043719530106,0.6193822026252747,0.17835936855027082,0.14297962188720703,-0.07599544525146484,0.06084913260222223
1,Huber,0.0001,0.11885339477025403,0.08594255894422531,0.6106314659118652,0.18100580421778267,0.1459936946630478,-0.1081627607345581,0.062152409447528645
1,Huber,0.001,0.12697403075409133,0.08970574289560318,0.5556066036224365,0.19870786983580982,0.15563538670539856,-0.33551478385925293,0.07173383908171849
1,Huber,0.01,0.13718183292857888,0.103981614112854,0.48128247261047363,0.19346242143264972,0.1558360755443573,-0.26593613624572754,0.05628058850407083
1,Huber,0.1,0.19400523432694988,0.1599597930908203,-0.03744387626647949,0.18439374278865364,0.15885859727859497,-0.15003466606140137,-0.00961149153829624
3,MSE,0.0,0.05455871728492681,0.040444448590278625,0.9179523587226868,0.2661434611434378,0.21451665461063385,-1.3957977294921875,0.21158474385851098
3,MSE,1e-05,0.05284002767113347,0.03906242549419403,0.9230402112007141,0.26627359023827235,0.21628528833389282,-1.3981411457061768,0.21343356256713888
3,MSE,0.0001,0.057527391320889694,0.04309173673391342,0.9087806344032288,0.2515619183172289,0.20134051144123077,-1.1404662132263184,0.19403452699633922
3,MSE,0.001,0.06288306001218051,0.04775996878743172,0.8910053968429565,0.24923964445723182,0.19684498012065887,-1.1011295318603516,0.18635658444505132
3,MSE,0.01,0.10721885396351412,0.08127119392156601,0.6831307411193848,0.25252707114371575,0.19672244787216187,-1.1569218635559082,0.14530821718020165
3,MSE,0.1,0.19138041146710935,0.1598208099603653,-0.009561300277709961,0.17861929873450244,0.15612994134426117,-0.07913386821746826,-0.01276111273260691
3,MAE,0.0,0.06180572274319548,0.04328315332531929,0.8947080373764038,0.23744081587960056,0.19080767035484314,-0.906906008720398,0.17563509313640507
3,MAE,1e-05,0.05690588988651583,0.03922037407755852,0.9107409715652466,0.24941537717802814,0.19718274474143982,-1.104093313217163,0.19250948729151232
3,MAE,0.0001,0.06002446693697985,0.042465392500162125,0.9006896615028381,0.24153620299182704,0.1904028058052063,-0.9732542037963867,0.1815117360548472
3,MAE,0.001,0.06059310862960176,0.0428587906062603,0.8987991213798523,0.24388716701852212,0.19427356123924255,-1.0118539333343506,0.18329405838892035
3,MAE,0.01,0.0730182243452242,0.05296994000673294,0.8530396223068237,0.23723513364893548,0.18467146158218384,-0.9036037921905518,0.16421690930371127
3,MAE,0.1,0.19382636195914316,0.15991635620594025,-0.03553175926208496,0.18405151114181545,0.15871191024780273,-0.14576971530914307,-0.009774850817327707
3,Huber,0.0,0.05450803396413176,0.040389616042375565,0.9181047677993774,0.26621963755440287,0.21476292610168457,-1.397169589996338,0.2117116035902711
3,Huber,1e-05,0.05566424445072352,0.041545502841472626,0.9145935773849487,0.2556617206323433,0.20268689095973969,-1.2108025550842285,0.1999974761816198
3,Huber,0.0001,0.05635297839386237,0.041528064757585526,0.9124670624732971,0.26437535572253523,0.2157088816165924,-1.3640708923339844,0.20802237732867285
3,Huber,0.001,0.06732519422974813,0.051392946392297745,0.8750624656677246,0.2554660861141828,0.20155856013298035,-1.2074205875396729,0.18814089188443467
3,Huber,0.01,0.11790017936142252,0.0909951776266098,0.6168519258499146,0.2208784723408308,0.17080941796302795,-0.6501573324203491,0.10297829297940828
3,Huber,0.1,0.1938352412709117,0.15991851687431335,-0.03562664985656738,0.18406861354992116,0.1587192863225937,-0.1459827423095703,-0.009766627720990545
7,MSE,0.0,0.04925006710268184,0.036306243389844894,0.9331423044204712,0.25851007934598313,0.20983615517616272,-1.2603387832641602,0.2092600122433013
7,MSE,1e-05,0.04980076746379767,0.03728926181793213,0.931638777256012,0.27638388809049586,0.22689321637153625,-1.5837113857269287,0.2265831206266982
7,MSE,0.0001,0.0500422147707901,0.037153080105781555,0.9309743046760559,0.2655766106454795,0.21614481508731842,-1.3856029510498047,0.2155343958746894
7,MSE,0.001,0.05730099313134947,0.042688172310590744,0.9094972014427185,0.24849446531297545,0.19741307199001312,-1.0885841846466064,0.19119347218162597
7,MSE,0.01,0.09808979121043439,0.07452934235334396,0.7347927689552307,0.2418521897947724,0.18500852584838867,-0.9784204959869385,0.14376239858433804
7,MSE,0.1,0.1912483128149123,0.15987755358219147,-0.00816810131072998,0.17824255427235644,0.15596722066402435,-0.07458639144897461,-0.013005758542555867
7,MAE,0.0,0.05296002122320215,0.03623775765299797,0.9226902723312378,0.26810043758202246,0.22868885099887848,-1.4311604499816895,0.2151404163588203
7,MAE,1e-05,0.05312298050365806,0.03704686090350151,0.9222137928009033,0.26550684432728305,0.22072267532348633,-1.3843498229980469,0.212383863823625
7,MAE,0.0001,0.0521763152890336,0.03532559052109718,0.9249614477157593,0.2703870235094146,0.22797611355781555,-1.4728071689605713,0.21821070822038102
7,MAE,0.001,0.054240543917891876,0.03714083507657051,0.918906569480896,0.27240224773569127,0.22607353329658508,-1.5098047256469727,0.2181617038177994
7,MAE,0.01,0.06819443217437064,0.0486326590180397,0.8718155026435852,0.22496706635462074,0.17612439393997192,-0.7118134498596191,0.15677263418025011
7,MAE,0.1,0.1532592834205277,0.12015087902545929,0.3525722622871399,0.1869837687748635,0.15433062613010406,-0.18256878852844238,0.03372448535433581
7,Huber,0.0,0.048760379047840405,0.035960156470537186,0.934465229511261,0.2593229149606897,0.21240708231925964,-1.2745754718780518,0.2105625359128493
7,Huber,1e-05,0.049467497419981,0.036818310618400574,0.9325506687164307,0.27008665605996596,0.22282642126083374,-1.4673163890838623,0.22061915863998496
7,Huber,0.0001,0.05064190489597237,0.03714483603835106,0.9293100237846375,0.2737336326304678,0.2281147688627243,-1.5343983173370361,0.22309172773449543
7,Huber,0.001,0.06448751673544777,0.048600293695926666,0.8853724598884583,0.24188362562092733,0.18913136422634125,-0.9789348840713501,0.17739610888547958
7,Huber,0.01,0.11249044232035056,0.08566244691610336,0.6512060165405273,0.21356955594247903,0.16496869921684265,-0.5427559614181519,0.10107911362212847
7,Huber,0.1,0.19359055580355047,0.1598663330078125,-0.03301370143890381,0.18359339490815582,0.15851257741451263,-0.14007294178009033,-0.009997160895394652
17,MSE,0.0,0.0451758863643309,0.03486693277955055,0.9437463283538818,0.2635830199675658,0.21485501527786255,-1.349921703338623,0.21840713360323488
17,MSE,1e-05,0.04436006330733419,0.03441736474633217,0.9457597136497498,0.2692578352564696,0.22120115160942078,-1.4521963596343994,0.22489777194913543
17,MSE,0.0001,0.04380899851336083,0.033500395715236664,0.947098970413208,0.2641980043610219,0.21411730349063873,-1.3609001636505127,0.22038900584766108
17,MSE,0.001,0.05334730163923387,0.04048454388976097,0.9215554594993591,0.24613536755292553,0.19308710098266602,-1.0491163730621338,0.19278806591369166
17,MSE,0.01,0.09027273448536648,0.06819896399974823,0.7753787040710449,0.2432569762892831,0.18684826791286469,-1.0014703273773193,0.15298424180391662
17,MSE,0.1,0.19130949572223482,0.1598503440618515,-0.008813261985778809,0.17841939648921917,0.15604417026042938,-0.07671976089477539,-0.01289009923301565
17,MAE,0.0,0.048767798828013034,0.0338267907500267,0.9344452619552612,0.25452497363328774,0.20285508036613464,-1.1911864280700684,0.20575717480527472
17,MAE,1e-05,0.04931461453723942,0.034181468188762665,0.932966947555542,0.25912767246228124,0.20644022524356842,-1.2711515426635742,0.20981305792504182
17,MAE,0.0001,0.04813013199978456,0.03422193229198456,0.9361484050750732,0.25862751362898734,0.21141532063484192,-1.2623927593231201,0.21049738162920278
17,MAE,0.001,0.04804065381068291,0.033148281276226044,0.9363855719566345,0.25675790565915013,0.20770007371902466,-1.2298014163970947,0.20871725184846723
17,MAE,0.01,0.06345149058595034,0.045747119933366776,0.8890259861946106,0.22542956328268798,0.1715972125530243,-0.7188591957092285,0.16197807269673764
17,MAE,0.1,0.11611400296024649,0.0850149467587471,0.6283732652664185,0.19639147274232863,0.15407149493694305,-0.30455923080444336,0.08027746978208214
17,Huber,0.0,0.04480513922921754,0.03485221788287163,0.9446658492088318,0.26164976321026895,0.20941829681396484,-1.3155772686004639,0.21684462398105142
17,Huber,1e-05,0.045525685881185406,0.03537644073367119,0.9428718090057373,0.2650376726759226,0.2182053178548813,-1.3759307861328125,0.21951198679473719
17,Huber,0.0001,0.045394138361891045,0.03461993858218193,0.9432014226913452,0.26638999341211556,0.21620401740074158,-1.400238275527954,0.2209958550502245
17,Huber,0.001,0.05868682819671048,0.04466964676976204,0.9050666093826294,0.2401197128820911,0.18473921716213226,-0.9501776695251465,0.18143288468538063
17,Huber,0.01,0.10332477267901632,0.07699764519929886,0.7057295441627502,0.2165774532346502,0.16456326842308044,-0.5865180492401123,0.11325268055563387
17,Huber,0.1,0.19369070007004693,0.15988634526729584,-0.034082651138305664,0.18378897696319763,0.15859809517860413,-0.1425032615661621,-0.009901723106849308
37,MSE,0.0,0.032109994380550635,0.024624835699796677,0.9715803861618042,0.25753050611860917,0.20888015627861023,-1.2432410717010498,0.22542051173805855
37,MSE,1e-05,0.03134683046411935,0.024020975455641747,0.9729152321815491,0.2650219017101034,0.21197298169136047,-1.375648021697998,0.23367507124598408
37,MSE,0.0001,0.033020127061820385,0.02583172544836998,0.9699465036392212,0.25867249364614747,0.2045261114835739,-1.2631797790527344,0.22565236658432708
37,MSE,0.001,0.04651402771849893,0.03480388596653938,0.940364420413971,0.2537969207134228,0.1987699419260025,-1.1786689758300781,0.20728289299492386
37,MSE,0.01,0.08329340107145491,0.061559662222862244,0.8087687492370605,0.2464941037973981,0.18945616483688354,-1.055093765258789,0.1632007027259432
37,MSE,0.1,0.19124920883825378,0.15987712144851685,-0.008177518844604492,0.17824515631797194,0.15596835315227509,-0.07461786270141602,-0.013004052520281834
37,MAE,0.0,0.04379589587701612,0.02639969065785408,0.947130560874939,0.28385008216975655,0.2299339920282364,-1.725188970565796,0.24005418629274042
37,MAE,1e-05,0.04185492237070878,0.025617238134145737,0.951712965965271,0.28091955641068656,0.23552168905735016,-1.6692085266113281,0.23906463403997777
37,MAE,0.0001,0.04345767551116,0.028167491778731346,0.9479439854621887,0.2773473766250975,0.22449834644794464,-1.6017565727233887,0.2338897011139375
37,MAE,0.001,0.04377134379370752,0.028152668848633766,0.9471898674964905,0.29836181959262986,0.24476586282253265,-2.010960340499878,0.25459047579892236
37,MAE,0.01,0.058892023344231915,0.041017211973667145,0.9044016003608704,0.2451076961670673,0.18780682981014252,-1.0320408344268799,0.18621567282283538
37,MAE,0.1,0.1142655516717718,0.08217353373765945,0.6401111483573914,0.20234420989879057,0.15686896443367004,-0.38484156131744385,0.08807865822701877
37,Huber,0.0,0.03211003788672192,0.024624858051538467,0.9715803265571594,0.25753063630747386,0.2088802605867386,-1.2432432174682617,0.22542059842075193
37,Huber,1e-05,0.031854424345482836,0.024135202169418335,0.9720309972763062,0.2657165089225273,0.2141972929239273,-1.3881170749664307,0.23386208457704447
37,Huber,0.0001,0.0363723876827639,0.027863094583153725,0.9635345935821533,0.25009716649065244,0.19950686395168304,-1.115612268447876,0.21372477880788854
37,Huber,0.001,0.0563725115038895,0.04135184362530708,0.9124063849449158,0.2579406795328851,0.20310856401920319,-1.250392198562622,0.20156816802899558
37,Huber,0.01,0.10007637542041015,0.07360620051622391,0.7239416837692261,0.22212444340180498,0.16796667873859406,-0.668826699256897,0.12204806798139484
37,Huber,0.1,0.1935813766078309,0.15986450016498566,-0.032915711402893066,0.18357538577821997,0.1585046947002411,-0.13984930515289307,-0.010005990829610928
67,MSE,0.0,0.0350561455241046,0.027440965175628662,0.966126024723053,0.26031718102192714,0.21023273468017578,-1.2920506000518799,0.22526103549782253
67,MSE,1e-05,0.034702334362566284,0.02636152319610119,0.9668063521385193,0.2655937232508872,0.21437469124794006,-1.3859105110168457,0.23089138888832092
67,MSE,0.0001,0.043414984946742,0.03412877023220062,0.9480462074279785,0.2793922394888846,0.22890335321426392,-1.6402630805969238,0.23597725454214258
67,MSE,0.001,0.04885399609880285,0.037866272032260895,0.9342133402824402,0.26056605186978726,0.20973968505859375,-1.2964353561401367,0.2117120557709844
67,MSE,0.01,0.08701193849084167,0.06724531948566437,0.7913129925727844,0.26547638157500225,0.2104080319404602,-1.383802890777588,0.1784644430841606
67,MSE,0.1,0.19127967113447158,0.15986347198486328,-0.008498787879943848,0.178333739060389,0.15600703656673431,-0.07568621635437012,-0.012945932074082594
67,MAE,0.0,0.04544762890571481,0.03026784397661686,0.9430674910545349,0.2645590937517048,0.2124132513999939,-1.3673579692840576,0.21911146484598998
67,MAE,1e-05,0.03975804644776497,0.025662701576948166,0.9564299583435059,0.2607768032227397,0.21218059957027435,-1.3001515865325928,0.22101875677497473
67,MAE,0.0001,0.043060371674631844,0.02845759131014347,0.9488914608955383,0.2654139577935966,0.22148378193378448,-1.3826818466186523,0.22235358611896477
67,MAE,0.001,0.0428171014988598,0.02818375825881958,0.9494673013687134,0.28326015555886763,0.23732592165470123,-1.7138731479644775,0.24044305406000782
67,MAE,0.01,0.05840162528469145,0.042237408459186554,0.9059870839118958,0.25025631758673555,0.19925935566425323,-1.1183059215545654,0.1918546923020441
67,MAE,0.1,0.12028168060610198,0.08702210336923599,0.6012169122695923,0.1903769297755588,0.15307122468948364,-0.2258777618408203,0.07009524916945684
67,Huber,0.0,0.03530878184057747,0.027666404843330383,0.9656360149383545,0.26547934241040705,0.2129250168800354,-1.3838558197021484,0.23017056056982957
67,Huber,1e-05,0.03524196130478711,0.026969026774168015,0.9657659530639648,0.25843726664374633,0.20783035457134247,-1.2590656280517578,0.22319530533895923
67,Huber,0.0001,0.0483198750799143,0.039208125323057175,0.9356439709663391,0.29006753646877187,0.24079754948616028,-1.845881462097168,0.24174766138885756
67,Huber,0.001,0.05830193810776842,0.04570711776614189,0.9063077569007874,0.2811571338771534,0.2325931191444397,-1.6737251281738281,0.222855195769385
67,Huber,0.01,0.1035066816677179,0.0764014720916748,0.7046924829483032,0.22775546413026543,0.17349079251289368,-0.7545112371444702,0.12424878246254753
67,Huber,0.1,0.19363600276729925,0.15987543761730194,-0.03349876403808594,0.18368234931484181,0.15855155885219574,-0.14117801189422607,-0.00995365345245744
