Point,Freq_nominal_assumed_Hz,Re_Z_Ohm,NegIm_Z_Ohm
1,0.1,0.070069378,0.000479985
2,0.13294,0.068178861,0.001190041
3,0.176732,0.067932577,0.000056827
4,0.234948,0.066918392,0.000878726
5,0.312341,0.068071053,0.000197480
6,0.415227,0.066570970,0.000584415
7,0.552005,0.068418178,0.000957364
8,0.733837,0.067724148,0.000476754
9,0.975566,0.065793316,0.000644554
10,1.29692,0.066824667,0.000802839
11,1.72413,0.066265550,0.000883022
12,2.29207,0.067426098,0.001229526
13,3.04709,0.067176880,0.001568265
14,4.05081,0.065517598,0.001140193
15,5.38517,0.066375415,0.000996322
16,7.15907,0.063634036,0.001630561
17,9.5173,0.063880803,0.000730605
18,12.6523,0.062782001,0.001262633
19,16.8201,0.060064576,0.001211645
20,22.3607,0.062146466,0.001636964
21,29.7264,0.060270826,0.001743857
22,39.5184,0.061841762,0.001105137
23,52.5359,0.060493624,0.001758110
24,69.8415,0.059440350,0.001850751
25,92.8476,0.057038468,0.001353224
26,123.432,0.055715335,0.001462374
27,164.091,0.055367673,0.001568388
28,218.143,0.054146489,0.001572855
29,290.001,0.051257654,0.001557827
30,385.528,0.051829056,0.001362394
31,512.523,0.049814780,0.001327684
32,681.35,0.049330557,0.001390779
33,905.79,0.048393422,0.001323057
34,1204.16,0.047404193,0.001053516
35,1600.82,0.046208081,0.000837303
36,2128.13,0.046462393,0.000616376
37,2829.15,0.042656785,0.000421387
38,3761.08,0.044494962,0.000000870
39,5000,0.044257266,-0.000532613
