grid,method,component,max_overshoot_pct,max_overshoot_pct,max_overshoot_pct,max_overshoot_ohm,max_overshoot_ohm,max_overshoot_ohm
,,,mean,std,max,mean,std,max
linear_grid,cubic,Neg_Im_Z,9725.52811338436,161816.70401991077,3708740.557726077,0.0002496347567366931,0.000227249197840695,0.0016703455549675209
linear_grid,cubic,Re_Z,3152.7740913340476,16180.757627028395,264807.9799125913,0.0008469936094558402,0.0008110256482350382,0.005364557726509719
linear_grid,linear,Neg_Im_Z,0.0,0.0,0.0,0.0,0.0,0.0
linear_grid,linear,Re_Z,0.0,0.0,0.0,0.0,0.0,0.0
linear_grid,pchip,Neg_Im_Z,0.0,0.0,0.0,0.0,0.0,0.0
linear_grid,pchip,Re_Z,0.0,0.0,0.0,0.0,0.0,0.0
log_grid,cubic,Neg_Im_Z,7545.383321224422,111041.7142615949,2914936.4736503027,0.00045766504372736293,0.0005427204583117135,0.0035318461266964133
log_grid,cubic,Re_Z,4312.074720876816,19679.30576868501,276042.6855246103,0.001761320335198887,0.0018121502587285833,0.011164678779325324
log_grid,linear,Neg_Im_Z,0.0,0.0,0.0,0.0,0.0,0.0
log_grid,linear,Re_Z,0.0,0.0,0.0,0.0,0.0,0.0
log_grid,pchip,Neg_Im_Z,0.0,0.0,0.0,0.0,0.0,0.0
log_grid,pchip,Re_Z,0.0,0.0,0.0,0.0,0.0,0.0
